<modification>
	<name>Mass Order Delete</name>
    <code>Mass-Order-Delete</code>
    <version>2.0</version>
    <link>https://opencart2x.ru</link>
    <author>opencart2x.ru</author>
	
	<file path="admin/model/sale/order.php">
        <operation>
            <search><![CDATA[
				public function getTotalEmailsByProductsOrdered($products) {
            ]]></search>
            <add position="before"><![CDATA[
				public function deleteOrder($order_id) {
					$this->event->trigger('pre.admin.order.delete', $order_id);

					$this->db->query("DELETE FROM " . DB_PREFIX . "order WHERE order_id = '" . (int)$order_id . "'");
					$this->db->query("DELETE FROM " . DB_PREFIX . "order_custom_field WHERE order_id = '" . (int)$order_id . "'");
					$this->db->query("DELETE FROM " . DB_PREFIX . "order_history WHERE order_id = '" . (int)$order_id . "'");
					$this->db->query("DELETE FROM " . DB_PREFIX . "order_option WHERE order_id = '" . (int)$order_id . "'");
					$this->db->query("DELETE FROM " . DB_PREFIX . "order_product WHERE order_id = '" . (int)$order_id . "'");
					$this->db->query("DELETE FROM " . DB_PREFIX . "order_recurring WHERE order_id = '" . (int)$order_id . "'");
					$this->db->query("DELETE FROM " . DB_PREFIX . "order_total WHERE order_id = '" . (int)$order_id . "'");
					$this->db->query("DELETE FROM " . DB_PREFIX . "order_voucher WHERE order_id = '" . (int)$order_id . "'");

					$this->cache->delete('order');

					$this->event->trigger('post.admin.order.delete', $order_id);
				}
            ]]></add>
        </operation>
	</file>
	
	<file path="admin/controller/sale/order.php">
        <operation>
            <search><![CDATA[
				$data['add'] = $this->url->link('sale/order/add', 'token=' . $this->session->data['token'], true);
            ]]></search>
            <add position="after"><![CDATA[
				$data['delete'] = $this->url->link('sale/order/delete', 'token=' . $this->session->data['token'], true);
		
				if (isset($this->session->data['success'])) {
					$data['success'] = $this->session->data['success'];

					unset($this->session->data['success']);
				} else {
					$data['success'] = '';
				}
            ]]></add>
        </operation>
		<operation>
            <search><![CDATA[
				public function getForm() {
            ]]></search>
            <add position="before"><![CDATA[
				protected function validateDelete() {
					if (!$this->user->hasPermission('modify', 'sale/order')) {
						$this->error['warning'] = $this->language->get('error_permission');
					}

					return !$this->error;
				}
            ]]></add>
        </operation>
		<operation>
            <search><![CDATA[
				protected function getList() {
            ]]></search>
            <add position="before"><![CDATA[
				public function delete() {
					$this->language->load('sale/order');

					$this->document->setTitle($this->language->get('heading_title'));

					$this->load->model('sale/order');

					if (isset($this->request->post['selected']) && $this->validateDelete()) {
						foreach ($this->request->post['selected'] as $order_id) {
							$this->model_sale_order->deleteOrder($order_id);
						}

						$this->session->data['success'] = $this->language->get('text_success');
						
						$this->response->redirect($this->url->link('sale/order', 'token=' . $this->session->data['token'] , true));
					}

					$this->getList();
				}
            ]]></add>
        </operation>
	</file>
	
	<file path="admin/view/template/sale/order_list.tpl">
        <operation>
            <search><![CDATA[
				<button type="submit" id="button-invoice" form="form-order" formaction="<?php echo $invoice; ?>" data-toggle="tooltip" title="<?php echo $button_invoice_print; ?>" class="btn btn-info"><i class="fa fa-print"></i></button>
            ]]></search>
            <add position="after"><![CDATA[
				<button type="button" data-toggle="tooltip" title="<?php echo $button_delete; ?>" class="btn btn-danger" onclick="confirm('<?php echo $text_confirm; ?>') ? $('#form-order').submit() : false;"><i class="fa fa-trash-o"></i></button>
            ]]></add>
        </operation>
		<operation>
            <search index="1"><![CDATA[
				<div class="container-fluid">
            ]]></search>
            <add position="after"><![CDATA[
				<?php if (isset($success)) { ?>
				<div class="alert alert-success"><i class="fa fa-check-circle"></i> <?php echo $success; ?>
				  <button type="button" class="close" data-dismiss="alert">&times;</button>
				</div>
				<?php } ?>
            ]]></add>
        </operation>
		<operation>
            <search><![CDATA[
				<form method="post" action="" enctype="multipart/form-data" target="_blank" id="form-order">
            ]]></search>
            <add position="replace"><![CDATA[
				<form method="post" action="<?php echo $delete; ?>" enctype="multipart/form-data" id="form-order">
            ]]></add>
        </operation>
	</file>
	
</modification>