<modification>

	<name>Custom Image Titles - NewStore Theme Patch</name>
	<code>Custom-Image-Titles-theme</code>
	<version>2.7.4</version>
	<author>opencart2x.ru</author>
	<link>https://opencart2x.ru</link>

	<file path="catalog/view/theme/newstore/template/product/category.tpl">
		<operation info="Add custom title message to the category image" error="log">
			<search><![CDATA[title="<?php echo $heading_title; ?>"]]></search>
			<add position="replace"><![CDATA[title="<?php echo (!empty($cit_status) && $image_title != '') ? $image_title : $heading_title; ?>"]]></add>
		</operation>
		<operation info="Add custom alt message to the category image" error="log">
			<search><![CDATA[alt="<?php echo $heading_title; ?>"]]></search>
			<add position="replace"><![CDATA[alt="<?php echo (!empty($cit_status) && $image_alt != '') ? $image_alt : $heading_title; ?>"]]></add>
		</operation>
	</file>

	<file path="catalog/view/theme/newstore/template/product/product.tpl">
		<operation info="Add custom title message to the main product image" error="log">
			<search index="0"><![CDATA[title="<?php echo $heading_title; ?>"]]></search>
			<add position="replace"><![CDATA[title="<?php echo (!empty($cit_status) && $image_title != '') ? $image_title : $heading_title; ?>"]]></add>
		</operation>
		<operation info="Add custom title message to the main product image" error="log">
			<search index="0"><![CDATA[title="<?php echo $heading_title; ?>"]]></search>
			<add position="replace"><![CDATA[title="<?php echo (!empty($cit_status) && $image_title != '') ? $image_title : $heading_title; ?>"]]></add>
		</operation>
	  	<operation info="Add custom title message to the main product image" error="log">
			<search index="0"><![CDATA[title="<?php echo $heading_title; ?>"]]></search>
			<add position="replace"><![CDATA[title="<?php echo (!empty($cit_status) && $image_title != '') ? $image_title : $heading_title; ?>"]]></add>
		</operation>
	  	<operation info="Add custom title message to the main product image" error="log">
			<search index="0"><![CDATA[title="<?php echo $heading_title; ?>"]]></search>
			<add position="replace"><![CDATA[title="<?php echo (!empty($cit_status) && $image_title != '') ? $image_title : $heading_title; ?>"]]></add>
		</operation>
	  	<operation info="Add custom alt message to the main product image" error="log">
			<search index="0"><![CDATA[alt="<?php echo $heading_title; ?>"]]></search>
			<add position="replace"><![CDATA[alt="<?php echo (!empty($cit_status) && $image_alt != '') ? $image_alt : $heading_title; ?>"]]></add>
		</operation>
		<operation info="Add main product image caption" error="log">
			<search index="0"><![CDATA[$image_alt : $heading_title; ?>" /></a>]]></search>
			<add position="replace"><![CDATA[$image_alt : $heading_title; ?>" /><?php if (!empty($cit_status) && $cit_display_caption) { ?><div class="text-center"><strong><?php echo ($image_title != '') ? $image_title : $heading_title; ?></strong></div><?php } ?></a></li>]]></add>
		</operation>
	  	<operation info="Add custom alt message to the main product image" error="log">
			<search index="0"><![CDATA[alt="<?php echo $heading_title; ?>"]]></search>
			<add position="replace"><![CDATA[alt="<?php echo (!empty($cit_status) && $image_alt != '') ? $image_alt : $heading_title; ?>"]]></add>
		</operation>
		<operation info="Add custom title message to the additional product images" error="log">
			<search><![CDATA[title="<?php echo $heading_title; ?>"]]></search>
			<add position="replace"><![CDATA[title="<?php echo (!empty($cit_status) && $image['title_text'] != '') ? $image['title_text'] : $heading_title; ?>"]]></add>
		</operation>
		<operation info="Add custom alt message to the additional product images" error="log">
			<search><![CDATA[alt="<?php echo $heading_title; ?>"]]></search>
			<add position="replace"><![CDATA[alt="<?php echo (!empty($cit_status) && $image['alt_text'] != '') ? $image['alt_text'] : $heading_title; ?>"]]></add>
		</operation>
		<operation info="Add custom title message to the related products images" error="log">
			<search><![CDATA[title="<?php echo $product['name']; ?>"]]></search>
			<add position="replace"><![CDATA[title="<?php echo (!empty($cit_status) && $product['image_title'] != '') ? $product['image_title'] : $product['name']; ?>"]]></add>
		</operation>
		<operation info="Add custom alt message to the related products images" error="log">
			<search><![CDATA[alt="<?php echo $product['name']; ?>"]]></search>
			<add position="replace"><![CDATA[alt="<?php echo (!empty($cit_status) && $product['image_alt'] != '') ? $product['image_alt'] : $product['name']; ?>"]]></add>
		</operation>
	</file>

	<file path="catalog/view/theme/newstore/template/product/{category.tpl,manufacturer_info.tpl,search.tpl,special.tpl}">
		<operation info="Add custom title message to the product images" error="log">
			<search><![CDATA[title="<?php echo $product['name']; ?>"]]></search>
			<add position="replace"><![CDATA[title="<?php echo (!empty($cit_status) && $product['image_title'] != '') ? $product['image_title'] : $product['name']; ?>"]]></add>
		</operation>
		<operation info="Add custom alt message to the product images" error="log">
			<search><![CDATA[alt="<?php echo $product['name']; ?>"]]></search>
			<add position="replace"><![CDATA[alt="<?php echo (!empty($cit_status) && $product['image_alt'] != '') ? $product['image_alt'] : $product['name']; ?>"]]></add>
		</operation>
	</file>

	<file path="catalog/view/theme/newstore/template/extension/module/{bestseller.tpl,featured.tpl,latest.tpl,special.tpl}">
		<operation info="Add custom title message to the product images" error="log">
			<search><![CDATA[title="<?php echo $product['name']; ?>"]]></search>
			<add position="replace"><![CDATA[title="<?php echo (!empty($cit_status) && $product['image_title'] != '') ? $product['image_title'] : $product['name']; ?>"]]></add>
		</operation>
		<operation info="Add custom alt message to the product images" error="log">
			<search><![CDATA[alt="<?php echo $product['name']; ?>"]]></search>
			<add position="replace"><![CDATA[alt="<?php echo (!empty($cit_status) && $product['image_alt'] != '') ? $product['image_alt'] : $product['name']; ?>"]]></add>
		</operation>
	</file>

</modification>
