<?xml version="1.0" encoding="UTF-8"?>
<modification>
	<name>Зависимость способов оплаты от доставки</name>
	<code>Depends-Payment</code>
	<version>2.x</version>
	<author>opencart2x.ru</author>
	<link>https://opencart2x.ru</link>

	<file path="admin/controller/extension/extension/shipping.php" error="skip">
		<operation error="log" info="">
			<search><![CDATA['installed'  => in_array($extension, $extensions),]]></search>
			<add position="before" offset="1" trim="true"><![CDATA['class'=> 'disable_payments',
'extension' => $extension,
]]></add>
		</operation>
		<operation error="log" info="from OC 2.2.0.0">
			<search><![CDATA[$this->response->setOutput($this->load->view('extension/extension/shipping', $data));]]></search>
			<add position="before" trim="true"><![CDATA[		$data['text_save'] = $this->language->get('text_save');
		$data['text_choose_payments'] = $this->language->get('text_choose_payments');
		$data['button_disabled_payments'] = $this->language->get('text_disabled_payments');
		$data['text_loading'] = $this->language->get('text_loading');
        
		$results = $this->model_extension_extension->getInstalled('payment');

        $data['disabled_payments'] = $this->config->get('disabled_payments');
        
        $data['payments'] = array();
        foreach ($results as $result) {
            if ($this->config->get($result . '_status')) {
                $this->language->load('extension/payment/' . $result);
                $data['payments'][] = array(
                    'code'  => $result,
                    'name'  => $this->language->get('heading_title'),
				  	'href'  => ''
                );
            }
        }
        $data['token'] = $this->session->data['token'];
        ]]></add>
		</operation>
		<operation error="log" info="">
			<search><![CDATA[	public function uninstall() {]]></search>
			<add position="before" trim="true"><![CDATA[    public function payment(){
            
        $json = array();
	  
        $this->load->model('setting/setting');
        
        if (isset($this->request->post) && !empty($this->request->post['shipping'])){
                
            $setting = $this->config->get('disabled_payments');
            
            if (empty($setting))
                $setting = array();
            
            $setting[$this->request->post['shipping']] = array();
                
            if (!empty($this->request->post['payment'])){
				foreach ($this->request->post['payment'] as $key => $payment){
					$setting[$this->request->post['shipping']][] = $key;
				}
			}
            
            $this->model_setting_setting->editSetting('disabled_payments', array('disabled_payments' => $setting));
            
        }
        
        if (isset($this->request->get['shipping'])){
                
            $setting = $this->config->get('disabled_payments');
            $json['payments'] = array();
          	
		  	if (isset($setting[$this->request->get['shipping']]))
		  		 $json['payments'] = $setting[$this->request->get['shipping']];
			else
				$json['init'] = true;
            
        }
        
        $this->response->setOutput(json_encode($json));
    }
    
]]></add>
		</operation>
	</file>
	<file path="admin/view/template/extension/extension/shipping.tpl" error="skip">
		<operation error="log" info="">
			<search><![CDATA[</table>]]></search>
			<add position="after" trim="true"><![CDATA[<script type="text/javascript"><!--
    function savePayments(btn){
        var tr = $(btn).parents('tr:first'),
            form = $(tr).find('form');
            
        $.ajax({
            url: 'index.php?route=extension/extension/shipping/payment&token=<?php echo $token; ?>',
            type: 'post',
            dataType: 'json',
            data: $(form).serialize(),
            beforeSend: function() {
                $(btn).before('<span class="wait">&nbsp;<?php echo $text_loading; ?></span>');
            },
            complete: function() {
                $('.wait').remove();
            },          
            success: function(json) {
               //console.log(json);
            },
            error: function(xhr, ajaxOptions, thrownError) {
                alert(thrownError + "\r\n" + xhr.statusText + "\r\n" + xhr.responseText);
            }
        });
        
    }
$(document).ready(function() {
    $('.disable_payments').bind('click', function(){
        var tr = $(this).parents('tr:first'),
            colspan = $(tr).find('td').size(),
            shipping = $(this).attr('rel');
            
        if (!$(this).hasClass('expanded')){
            $(tr).after('<tr><td style="padding: 10px"><form><input type="hidden" name="shipping" value="'+shipping+'"><strong><?php echo $text_choose_payments;?>:</strong><span class="wait">&nbsp;<?php echo $text_loading; ?></span><br /><?php foreach($payments as $payment){ ?><input type="checkbox" checked="checked" name="payment[<?php echo $payment['code'];?>]"><?php echo $payment['name'];?><br /><?php } ?></form></td><td></td><td></td><td class="text-right"><button title="<?php echo $text_save;?>" data-toggle="tooltip" class="btn btn-primary expanded" type="button" onclick="javascript: savePayments(this);"><?php echo $text_save;?></a></td></tr>');
            $(this).addClass('expanded');
            //load data
            $.ajax({
                url: 'index.php?route=extension/extension/shipping/payment&token=<?php echo $token; ?>&shipping=' + shipping,
                dataType: 'json',
                complete: function() {
                    $('.wait').remove();
                },          
                success: function(json) {
                    
                    row = $(tr).next('tr');
                    if (json.payments != null && json.init == null){
                        row.find('input:checked').prop('checked', false);
                        for (var i in json.payments){
                            payment = json.payments[i];
                            row.find('input[name=\'payment['+payment+']\']').prop('checked', true);
                        }
                    }   
                },
                error: function(xhr, ajaxOptions, thrownError) {
                    alert(thrownError + "\r\n" + xhr.statusText + "\r\n" + xhr.responseText);
                }
            });
            
        }
        else {
            $(tr).next('tr').hide('fast', function(){
                $(this).remove()
            });
            $(this).removeClass('expanded');
        }   
        return false;    
    });
    
});
//--></script> 
]]></add>
		</operation>
		<operation error="log" info="">
			<search><![CDATA[class="btn btn-primary"]]></search>
			<add position="before"><![CDATA[ <button type="button" class="btn btn-primary disable_payments" rel="<?php if (isset($extension['extension'])) echo $extension['extension']; ?>" data-toggle="tooltip" title="<?php echo $button_disabled_payments; ?>"><i class="fa fa-money"></i></button>]]></add>
		</operation>
	</file>
	<file path="admin/language/en-gb/extension/extension/shipping.php" error="log">
		<operation error="log" info="">
			<search><![CDATA[$_['heading_title']]]></search>
			<add position="after" trim="true"><![CDATA[$_['text_disabled_payments']    = 'Payment methods';
$_['text_choose_payments']      = 'Choose payment methods';
$_['text_save']                 = 'Save';
]]></add>
		</operation>
	</file>
	<file path="admin/language/ru-ru/extension/extension/shipping.php" error="skip">
		<operation error="skip" info="">
			<search><![CDATA[$_['heading_title']]]></search>
			<add position="after" trim="true"><![CDATA[$_['text_disabled_payments']    = 'Способы оплаты';
$_['text_choose_payments']      = 'Выберите способы оплаты';
$_['text_save']                 = 'Сохранить';

]]></add>
		</operation>
	</file>
  
  	<file path="catalog/controller/checkout/payment_method.php" error="skip">
		<operation error="log" info="">
			<search><![CDATA[			foreach ($method_data as $key => $value) {]]></search>
			<add position="before" offset="2" trim="true"><![CDATA[            // Disabled Payments Methods
            $disabled_payments = $this->config->get('disabled_payments');
            if (!empty($disabled_payments) && !empty($method_data) && !empty($this->session->data['shipping_method'])){
                $shipping_method = $this->session->data['shipping_method']['code'];
                $its = explode('.', $shipping_method);
                $shipping_method_code = $its[0];
                $new_methods = array();
                foreach($method_data as $key => $ship){
                    if ((!empty($disabled_payments[$shipping_method_code]) && in_array($ship['code'], $disabled_payments[$shipping_method_code])))
                        $new_methods[$key] = $ship;
                    elseif (empty($disabled_payments[$shipping_method_code]))
                        $new_methods[$key] = $ship;
                }
                $method_data = $new_methods;
            }
]]></add>
		</operation>
	</file>
  	<file path="catalog/controller/d_quickcheckout/payment_method.php" error="skip">
		<operation error="log">
			<search><![CDATA[$json['payment_methods'] = $this->session->data['payment_methods'];]]></search>
			<add position="after"><![CDATA[
			// Disabled Payments Methods
            $method_data = $json['payment_methods'];
            $disabled_payments = $this->config->get('disabled_payments');
            if (!empty($disabled_payments) && !empty($method_data) && !empty($this->session->data['shipping_method'])){
                $shipping_method = $this->session->data['shipping_method']['code'];
                $its = explode('.', $shipping_method);
                $shipping_method_code = $its[0];
                $new_methods = array();
                foreach($method_data as $key => $ship){
                    if ((!empty($disabled_payments[$shipping_method_code]) && in_array($ship['code'], $disabled_payments[$shipping_method_code])))
                        $new_methods[$key] = $ship;
                    elseif (empty($disabled_payments[$shipping_method_code]))
                        $new_methods[$key] = $ship;
                }
                $json['payment_methods'] = $new_methods;
            }
			]]></add>
		</operation>
	  	<operation error="log">
			<search index="1"><![CDATA[$json['payment_method'] = $this->session->data['payment_method'];]]></search>
			<add position="after"><![CDATA[
			// Disabled Payments Methods
           if (!in_array($json['payment_method'],$json['payment_methods'])) {
           		$new_payment_methods = $json['payment_methods'];
           		$this->session->data['payment_method'] = array_shift($new_payment_methods);
           		$json['payment_method'] = $this->session->data['payment_method'];
           	}
			]]></add>
		</operation>
	</file>
  
</modification>