<?xml version="1.0" encoding="UTF-8"?>
<modification>
    <name>Contact File Upload</name>
    <code>Contact-File-Upload</code>
    <version>2</version>
    <author>opencart2x.ru</author>
    <link>https://opencart2x.ru</link>
    
    <file path="catalog/view/theme/*/template/information/contact.tpl">
        <operation>
            <search><![CDATA[</fieldset>]]></search>
            <add position="before">
                <![CDATA[
                 	<div class="form-group required">
                      <label class="col-sm-2 control-label">Файл</label>
                      <div class="col-sm-10">
                          <button type="button" id="button-upload" data-loading-text="Загрузка..." class="btn btn-default btn-block">
                              <i class="fa fa-upload"></i> Загрузить файл
                          </button>
                          <input type="hidden" name="file" value="" />    
                          <span class="success"></span>
                      </div>    
                  	</div>
                ]]>
            </add>
        </operation>              
        <operation>
            <search><![CDATA[<?php echo $footer; ?>]]></search>
            <add position="before"><![CDATA[ 
            <script type="text/javascript"><!--

            $('button[id^=\'button-upload\']').on('click', function() {
                    var node = this;

                    $('#form-upload').remove();

                    $('body').prepend('<form enctype="multipart/form-data" id="form-upload" style="display: none;"><input type="file" name="file" /></form>');

                    $('#form-upload input[name=\'file\']').trigger('click');

                    $('#form-upload input[name=\'file\']').on('change', function() {
                            $.ajax({
                                    url: 'index.php?route=information/contact/upload',
                                    type: 'post',
                                    dataType: 'json',
                                    data: new FormData($(this).parent()[0]),
                                    cache: false,
                                    contentType: false,
                                    processData: false,
                                    beforeSend: function() {
                                            $(node).button('loading');
                                    },
                                    complete: function() {
                                            $(node).button('reset');
                                    },
                                    success: function(json) {
                                            $('.text-danger').remove();

                                            if (json['error']) {
                                                    $(node).parent().find('input').after('<div class="text-danger">' + json['error'] + '</div>');
                                            }

                                            if (json['success']) {
                                                    alert(json['success']);
                                                    $(node).parent().find('.success').html(json['file']);
                                                    $(node).parent().find('input').attr('value', json['file']);
                                            }
                                    },
                                    error: function(xhr, ajaxOptions, thrownError) {
                                            alert(thrownError + "\r\n" + xhr.statusText + "\r\n" + xhr.responseText);
                                    }
                            });
                    });
            });
            //--></script>          
            ]]></add>
        </operation>
    </file>
    
    <file path="catalog/controller/information/contact.php">
        <operation>
            <search><![CDATA[$mail->send();]]></search>
            <add position="before"><![CDATA[ 
                if(isset($this->request->post['file'])){
                    $mail->addAttachment(DIR_UPLOAD.$this->request->post['file']);
                }          
            ]]></add>
        </operation>
        <operation>
            <search><![CDATA[public function index() {]]></search>
            <add position="before"><![CDATA[
            public function upload() {
		$this->load->language('tool/upload');

		$json = array();

		if (!empty($this->request->files['file']['name']) && is_file($this->request->files['file']['tmp_name'])) {
			// Sanitize the filename
			$filename = $this->request->files['file']['name'];

			// Validate the filename length
			if ((utf8_strlen($filename) < 3) || (utf8_strlen($filename) > 64)) {
				$json['error'] = $this->language->get('error_filename');
			}

			// Allowed file extension types
			$allowed = array();

			$extension_allowed = preg_replace('~\r?\n~', "\n", $this->config->get('config_file_ext_allowed'));

			$filetypes = explode("\n", $extension_allowed);

			foreach ($filetypes as $filetype) {
				$allowed[] = trim($filetype);
			}

			if (!in_array(strtolower(substr(strrchr($filename, '.'), 1)), $allowed)) {
				$json['error'] = $this->language->get('error_filetype');
			}

			// Allowed file mime types
			$allowed = array();

			$mime_allowed = preg_replace('~\r?\n~', "\n", $this->config->get('config_file_mime_allowed'));

			$filetypes = explode("\n", $mime_allowed);

			foreach ($filetypes as $filetype) {
				$allowed[] = trim($filetype);
			}

			if (!in_array($this->request->files['file']['type'], $allowed)) {
				$json['error'] = $this->language->get('error_filetype');
			}

			// Check to see if any PHP files are trying to be uploaded
			$content = file_get_contents($this->request->files['file']['tmp_name']);

			if (preg_match('/\<\?php/i', $content)) {
				$json['error'] = $this->language->get('error_filetype');
			}

			// Return any upload error
			if ($this->request->files['file']['error'] != UPLOAD_ERR_OK) {
				$json['error'] = $this->language->get('error_upload_' . $this->request->files['file']['error']);
			}
		} else {
			$json['error'] = $this->language->get('error_upload');
		}

		if (!$json) {
			$json['file'] = $file = $filename;

			move_uploaded_file($this->request->files['file']['tmp_name'], DIR_UPLOAD . $file);

			// Hide the uploaded file path so people can not link to it directly.
			$this->load->model('tool/upload');

			$json['code'] = $this->model_tool_upload->addUpload($filename, $file);

			$json['success'] = $this->language->get('text_upload');
		}

		$this->response->addHeader('Content-Type: application/json');
		$this->response->setOutput(json_encode($json));
            }
            ]]></add>
        </operation>
    </file>
    
</modification>        