<modification>
	<name>Скрыть недоступные модули в админке</name>
	<version>2.0.0</version>
	<code>Hide_modules_without_access_Admin</code>
	<author>opencart2x.ru</author>
	<link>https://opencart2x.ru</link>
	<file path="admin/controller/extension/module.php">
        <operation>
            <search><![CDATA[$extension = basename($file, '.php');]]></search>
            <add position="after"><![CDATA[
				if (!$this->user->hasPermission('access', 'module/'.$extension)) {
					continue;
				}
            ]]></add>
        </operation>
	</file>
	<file path="admin/controller/extension/payment.php">
        <operation>
            <search><![CDATA[$extension = basename($file, '.php');]]></search>
            <add position="after"><![CDATA[
				if (!$this->user->hasPermission('access', 'payment/'.$extension)) {
					continue;
				}
            ]]></add>
        </operation>
	</file>
	<file path="admin/controller/extension/shipping.php">
        <operation>
            <search><![CDATA[$extension = basename($file, '.php');]]></search>
            <add position="after"><![CDATA[
				if (!$this->user->hasPermission('access', 'shipping/'.$extension)) {
					continue;
				}
            ]]></add>
        </operation>
	</file>
	<file path="admin/controller/extension/total.php">
        <operation>
            <search><![CDATA[$extension = basename($file, '.php');]]></search>
            <add position="after"><![CDATA[
				if (!$this->user->hasPermission('access', 'total/'.$extension)) {
					continue;
				}
            ]]></add>
        </operation>
	</file>
	<file path="admin/controller/extension/feed.php">
        <operation>
            <search><![CDATA[$extension = basename($file, '.php');]]></search>
            <add position="after"><![CDATA[
				if (!$this->user->hasPermission('access', 'feed/'.$extension)) {
					continue;
				}
            ]]></add>
        </operation>
	</file>
</modification>