<?xml version="1.0" encoding="utf-8"?>
<modification>
	<name>Secure Admin</name>
	<code>Secure_Admin</code>
	<id>Secure_Admin</id>
    <version>2.x</version>
	<author>opencart2x.ru</author>
	<link>https://opencart2x.ru</link>
	<file path="admin/controller/setting/setting.php">
		<operation>
			<search><![CDATA[
				$data['entry_maintenance'] = $this->language->get('entry_maintenance');
			]]></search>
			<add position="after"><![CDATA[
		$data['entry_pass'] = $this->language->get('entry_pass'); 
        $data['entry_key'] = $this->language->get('entry_key'); 
		$data['help_pass'] = $this->language->get('help_pass'); 
        $data['help_key'] = $this->language->get('help_key'); 
			]]></add>
		</operation>
	   <operation>
			<search><![CDATA[
				if (isset($this->request->post['config_password'])) {
			]]></search>
			<add position="before"><![CDATA[
		if (isset($this->request->post['config_pass'])) {
			$data['config_pass'] = $this->request->post['config_pass']; 
		} else {
			$data['config_pass'] = $this->config->get('config_pass');
		}
			]]></add>
		</operation>	
	</file>
	<file path="admin/language/*/setting/setting.php" error="skip">
		<operation>
			<search><![CDATA[
				// Entry
			]]></search>
			<add position="after"><![CDATA[
        $_['entry_pass']      = 'Ключ в Admin URL';
        $_['entry_key']       = 'Значение ключа в Admin URL';
		$_['help_pass']      = 'Введите ключ, который нужно будет добавлять в URL чтобы попасть в админку.<br /><br /><b><i> Внимание !! </b></i><br /> <br />Ваша админка будет доступна уже по новому адресу, типа: http://yourdomain.com/admin/?key';
        $_['help_key']       = 'Введите значение ключа, чтобы усложнить путь доступа к админке (необязательно)<br /><br /><b><i> Внимание !! </b></i><br /> <br />Ваша админка будет доступна уже по новому адресу, типа: http://yourdomain.com/admin/?key=value';
			]]></add>
		</operation>
	</file>
<file path="admin/view/template/setting/setting.tpl">
		<operation>
			<search><![CDATA[
				<label class="col-sm-2 control-label"><span data-toggle="tooltip" title="<?php echo $help_maintenance; ?>"><?php echo $entry_maintenance; ?></span></label>
			]]></search>
			<add position="before" offset="1" ><![CDATA[

              <div class="form-group">
                <label class="col-sm-2 control-label" for="admin_pass"><span data-toggle="tooltip" title="<?php echo $help_pass; ?>"><?php echo $entry_pass; ?></label>
                <div class="col-sm-10">
                  <input type="text" name="config_pass[admin_pass]" value="<?php if (isset($config_pass['admin_pass'])) echo $config_pass['admin_pass']; ?>" id="admin_pass" class="form-control" />
                </div>
              </div>
              <div class="form-group">
                <label class="col-sm-2 control-label" for="admin_key"><span data-toggle="tooltip" title="<?php echo $help_key; ?>"><?php echo $entry_key; ?></label>
                <div class="col-sm-10">
                  <input type="text" name="config_pass[admin_key]" value="<?php if (isset($config_pass['admin_key'])) echo $config_pass['admin_key']; ?>" id="admin_key" class="form-control" />
                </div>
              </div>
			]]></add>
		</operation>
	</file>
    <file path="admin/controller/common/login.php">
        <operation error="log">
			<search><![CDATA[
			$this->load->language('common/login');
			]]>
			</search>
			<add position="after"><![CDATA[
			$dbpass = $this->config->get('config_pass');
	        $snpass = null;
	if (!empty($dbpass['admin_pass']) && empty($dbpass['admin_key']))  {			
		if (!isset($_GET[$dbpass['admin_pass']]))   {
                $this->response->redirect('http://'.$_SERVER['HTTP_HOST']."/");
        }
        else{
            $snpass = '&'.$dbpass['admin_pass'];
        }			
	}		
    else if (!empty($dbpass['admin_pass']) && !empty($dbpass['admin_key']))  {
	
        if (!isset($_GET[$dbpass['admin_pass']]) || $_GET[$dbpass['admin_pass']] != $dbpass['admin_key'])  {
                $this->response->redirect('http://'.$_SERVER['HTTP_HOST']."/");
        }
        else{
            $snpass = '&'.$dbpass['admin_pass'].'='.$dbpass['admin_key'];
        }
	}
            ]]></add>
		</operation>
        <operation error="skip">
			<search><![CDATA[
			$data['action'] = $this->url->link('common/login', '', 'SSL');
			]]></search>
			<add position="replace"><![CDATA[
			if (!empty($dbpass['admin_pass']))  {
             	$data['action'] = $this->url->link('common/login', '', 'SSL').$snpass; 
			}
			else {
            	$data['action'] = $this->url->link('common/login', '', 'SSL');
            }
            ]]></add>
		</operation>
		<operation error="skip">
			<search><![CDATA[
			$data['action'] = $this->url->link('common/login', '', true);
			]]></search>
			<add position="replace"><![CDATA[
			if (!empty($dbpass['admin_pass']))  {
            	$data['action'] = $this->url->link('common/login', '', true).$snpass; 
			}
			else {
            	$data['action'] = $this->url->link('common/login', '', true);
            }
            ]]></add>
		</operation>
    </file>
</modification>