<?xml version="1.0" encoding="UTF-8"?>
<modification>
<name>Additional image in category, search etc.</name>
<code>Additional image in category, search etc.</code>
<!-- Доп. фото при наведении на основное в категории, поиске и т.д. -->
<version>1.0</version>
<author>sergey@oc-dev.ru</author>
	<file path="catalog/controller/product/*.php">
		<operation>
			<search><![CDATA[if ($result['image']) {]]></search>
			<add position="before" error="skip"><![CDATA[		
			$results_img = $this->model_catalog_product->getProductImages($result['product_id']);
			$additional_img = array();
			foreach ($results_img as $result_img) {
				if ($result_img['image']) {
					$additional_image = $this->model_tool_image->resize($result_img['image'], $this->config->get('config_image_product_width'), $this->config->get('config_image_product_height'));
				} else {
					$additional_image = false;
				}
				$additional_img[1] = $additional_image;
				break;
			}
            ]]></add>
		</operation>
		<operation>
			<search><![CDATA[$image,]]></search>
			<add position="after" error="skip"><![CDATA[		
			'additional_img' => $additional_img,
            ]]></add>
		</operation>
	</file>
	<file path="catalog/controller/module/{special,latest,bestseller,featured}*.php">
		<operation>
			<search><![CDATA[if ($result['image']) {]]></search>
			<add position="before" error="skip"><![CDATA[		
			$results_img = $this->model_catalog_product->getProductImages($result['product_id']);
			$additional_img = array();
			foreach ($results_img as $result_img) {
				if ($result_img['image']) {
					$additional_image = $this->model_tool_image->resize($result_img['image'], $setting['width'], $setting['height']);
				} else {
					$additional_image = false;
				}
				$additional_img[1] = $additional_image;
				break;
			}
            ]]></add>
		</operation>
		<operation>
			<search><![CDATA[if ($product_info['image']) {]]></search>
			<add position="before" error="skip"><![CDATA[		
			$results_img = $this->model_catalog_product->getProductImages($product_info['product_id']);
			$additional_img = array();
			foreach ($results_img as $result_img) {
				if ($result_img['image']) {
					$additional_image = $this->model_tool_image->resize($result_img['image'], $setting['width'], $setting['height']);
				} else {
					$additional_image = false;
				}
				$additional_img[1] = $additional_image;
				break;
			}
            ]]></add>
		</operation>
		<operation error="skip">
			<search><![CDATA[$image,]]></search>
			<add position="after"><![CDATA[		
			'additional_img' => $additional_img,
            ]]></add>
		</operation>
	</file>
	<file path="catalog/view/theme/*/template/*/{category,search,manufacturer_info,featured,latest,special,bestseller,viewed}*.tpl">
		<operation error="skip">
			<search><![CDATA[src="<?php echo $product['thumb']; ?>"]]></search>
			<add position="replace"><![CDATA[src="<?php echo $product['thumb']; ?>" <?php foreach ($product['additional_img'] as $additional_img) { ?>data-additional="<?php echo $additional_img;?>"<?php } ?>]]></add>
		</operation>
	</file>
	<file path="catalog/view/theme/*/template/common/footer.tpl">
		<operation error="skip">
			<search><![CDATA[</body>]]></search>
			<add position="before"><![CDATA[
			<?php 
			//зум
			//$effect_in = 'scale(1)';
			//$effect_out = 'scale(0)'; 
			//вращение по вертикали
			//$effect_in = 'rotateX(0deg)';
			//$effect_out = 'rotateX(180deg)';
			//вращение по горизонтали
			$effect_in = 'rotateY(0deg)';
			$effect_out = 'rotateY(180deg)';
			//вращение по кругу
			//$effect_in = 'rotate(0deg)';
			//$effect_out = 'rotate(180deg)';
			//слайд влево
			//$effect_in = 'translateX(0px)';
			//$effect_out = 'translateX(-100%)';
			//слайд вправо
			//$effect_in = 'translateX(0px)';
			//$effect_out = 'translateX(-100%)';
			//слайд вверх
			//$effect_in = 'translateY(0px)';
			//$effect_out = 'translateY(-100%)';
			//вращение по вертикали плюс зум
			//$effect_in = 'rotateX(0deg) scale(1)';
			//$effect_out = 'rotateX(180deg) scale(0)';
			?>
			<style>
				.image div, .image span{z-index:2;}
				.box-product .image a,
				.box-content .image a,
				.product-thumb .image a,
				.item .image a,
				.product-list .image a,
				.product-grid .image a
				{display:inline-block;position:relative;z-index:0;overflow:hidden;margin:0 auto;text-align:center;}
				.product-thumb .image a:hover {opacity: 1;}
				.image .main{
					transform:<?php echo $effect_in; ?>;
					-o-transform:<?php echo $effect_in; ?>;
					-moz-transform:<?php echo $effect_in; ?>;
					-webkit-transform:<?php echo $effect_in; ?>;
					transition: all ease-in-out .4s;
				}
				.image .additional{
					position:absolute;
					top:0;
					left:0;
					opacity:0;
					cursor:pointer;
					transform:<?php echo $effect_out; ?>;
					-o-transform:<?php echo $effect_out; ?>;
					-moz-transform:<?php echo $effect_out; ?>;
					-webkit-transform:<?php echo $effect_out; ?>;
					transition: all ease-in-out .4s;
				}
				.image:hover .main{
					transform:<?php echo $effect_out; ?>;
					-o-transform:<?php echo $effect_out; ?>;
					-moz-transform:<?php echo $effect_out; ?>;
					-webkit-transform:<?php echo $effect_out; ?>;
				}
				.image:hover .additional{
					opacity:1;
					background:#fff;
					transform:<?php echo $effect_in; ?>;
					-o-transform:<?php echo $effect_in; ?>;
					-moz-transform:<?php echo $effect_in; ?>;
					-webkit-transform:<?php echo $effect_in; ?>;
				}
				.product-price .image .main{
					transform:none !important;
				}
				.product-price .image .additional{
					display:none;
				}
			</style>
			<script>
			$(window).load(function() {
				$('.image').each(function () {
					if($(this).find('img').attr('data-additional')) {
						$(this).find('img').first().addClass('main');
						$(this).children('a').append('<img src="'+$(this).find('.main').attr('data-additional')+'" class="additional" title="'+$(this).find('.main').attr('alt')+'" />');
					}
				});
			});
			</script>
		]]></add>
		</operation>
	</file>
</modification>