<?xml version="1.0" encoding="utf-8"?>
<modification>
	<name>Related / Dependent options</name>
	<version><![CDATA[1.4.3]]></version>
	<vqmver><![CDATA[2.x]]></vqmver>
	<author>ITcraft | support@conceptlogic.ru</author>
	<link>http://erpshop.ru/packages</link>
	<code><![CDATA[Related Options]]></code>
	<file path="admin/controller/catalog/product.php">
		<operation error="log">
			<search index="0"><![CDATA['required'             => $product_option['required']]]></search>
			<add position="before"><![CDATA[//BOF Related Options
			'master_option'             => $product_option['master_option'],
			'master_option_data'		=> $master_option_data,
			//EOF Related Options]]></add>
		</operation>
		<operation error="log">
			<search index="1"><![CDATA['required'             => $product_option['required']]]></search>
			<add position="before"><![CDATA[//BOF Related Options
			'master_option'             => $product_option['master_option'],
			'master_option_data'		=> isset($product_option['master_option_data']) ? $product_option['master_option_data'] : array(),
			'master_option_value'		=> isset($product_option['master_option_value']) ? $product_option['master_option_value'] : 0,
			//EOF Related Options]]></add>
		</operation>
		<operation error="log">
			<search><![CDATA['weight_prefix'           => $product_option_value['weight_prefix']]]></search>
			<add position="before"><![CDATA[//BOF Related Options
			'master_option_value'             => $product_option_value['master_option_value'],
			//EOF Related Options]]></add>
		</operation>
		<operation error="log">
			<search><![CDATA[if (isset($this->error['warning'])) {]]></search>
			<add position="before"><![CDATA[//BOF Related Options

			//text
			$this->load->language('catalog/related_options');
			$data['entry_master_option'] = $this->language->get('entry_master_option');
			$data['entry_master_option_value'] = $this->language->get('entry_master_option_value');

			//EOF Related Options]]></add>
		</operation>
		<operation error="log">
			<search><![CDATA[if (isset($product_option['product_option_value'])) {]]></search>
			<add position="before"><![CDATA[//BOF Related Options
				$master_option_data = array();
				if (isset($product_option['master_option_data'])) {
					$master_option_data = $product_option['master_option_data'];
				} else {
					if (!empty($product_option['master_option'])) {
						foreach ($product_options as $product_option1) {
							if ($product_option1['option_id'] == $product_option['master_option']) {
								foreach ($product_option1['product_option_value'] as $key_option => $val_option) {
									$option_name = $this->model_catalog_option->getOptionValue($val_option['option_value_id']);
									$product_option1['product_option_value'][$key_option]['name'] = $option_name['name'];
								}
								$master_option_data = $product_option1;
							}
						}
					}
				}

			  if ($product_option['type'] == 'select' || $product_option['type'] == 'radio' || $product_option['type'] == 'checkbox' || $product_option['type'] == 'image') {
			  // EOF Related Options]]></add>
		</operation>
		<operation error="log">
			<search><![CDATA[$data['option_values'] = array();]]></search>
			<add position="before"><![CDATA[//BOF Related Options
						 else {
				$data['product_options'][] = array(
					'product_option_id' => $product_option['product_option_id'],
					'option_id'         => $product_option['option_id'],
					'name'              => $product_option['name'],
					'type'              => $product_option['type'],
					'value'      => $product_option['value'],
					//BOF Related Options
					'master_option'             => $product_option['master_option'],
					'master_option_data'		=> $master_option_data,
					'master_option_value'		=> isset($product_option['master_option_value']) ? $product_option['master_option_value'] : 0,
					//EOF Related Options
					'required'          => $product_option['required']
				);
			}
		}
		// EOF Related Options]]></add>
		</operation>
	</file>
	<file path="admin/model/catalog/product.php">
		<operation error="log">
			<search><![CDATA[foreach ($data['product_option'] as $product_option) {]]></search>
			<add position="before"><![CDATA[//BOF Related Options
			$previous_product_option_id = 0;
			// EOF Related Options]]></add>
		</operation>
		<operation error="log">
			<search><![CDATA[$product_option_id = $this->db->getLastId();]]></search>
			<add position="after"><![CDATA[//BOF Related Options
			$this->db->query("UPDATE " . DB_PREFIX . "product_option SET master_option = '" . (int)$product_option['master_option'] . "' WHERE product_option_id = '" . $product_option_id . "'");
			// EOF Related Options]]></add>
		</operation>
		<operation error="log">
			<search><![CDATA[value = '" . $this->db->escape($product_option['value']) . "', required = '" . (int)$product_option['required'] . "'")]]></search>
			<add position="after"><![CDATA[//BOF Related Options
			$product_option_id = $this->db->getLastId();
			$this->db->query("UPDATE " . DB_PREFIX . "product_option SET master_option = '" . (int)$product_option['master_option'] . "', master_option_value = '" . (int)$product_option['master_option_value'] . "' WHERE product_option_id = '" . $this->db->getLastId() . "'");
			// EOF Related Options]]></add>
		</operation>
		<operation error="log">
			<search><![CDATA["', weight_prefix = '" . $this->db->escape($product_option_value['weight_prefix']) . "'");]]></search>
			<add position="after"><![CDATA[//BOF Related Options
			if ((int)$product_option['master_option']) {
				$this->db->query("UPDATE " . DB_PREFIX . "product_option_value SET master_option_value = '" . (int)$product_option_value['master_option_value'] . "' WHERE product_option_value_id = '" . $this->db->getLastId() . "'");
			}
			// EOF Related Options]]></add>
		</operation>
		<operation error="log">
			<search><![CDATA[=> $product_option['required']]]></search>
			<add position="before"><![CDATA[//BOF Related Options
			'master_option'             => $product_option['master_option'],
			'master_option_value'       => $product_option['master_option_value'],
			'master_option_data'        => $this->getProductOption($product_id, $product_option['master_option']),
			// EOF Related Options]]></add>
		</operation>
		<operation error="log">
			<search><![CDATA['weight_prefix'           => $product_option_value['weight_prefix']]]></search>
			<add position="before"><![CDATA[//BOF Related Options
			'master_option_value'             => $product_option_value['master_option_value'],
			// EOF Related Options]]></add>
		</operation>
		<operation error="log">
			<search><![CDATA[public function getProductImages($product_id)]]></search>
			<add position="before" offset="1"><![CDATA[//BOF Related Options
			public function getProductOption($product_id, $option_id) {
				$product_option_data = array();

				$product_option_query = $this->db->query("SELECT * FROM " . DB_PREFIX . "product_option po LEFT JOIN `" . DB_PREFIX . "option` o ON (po.option_id = o.option_id) LEFT JOIN " . DB_PREFIX . "option_description od ON (o.option_id = od.option_id) WHERE po.product_id = '" . (int)$product_id . "' AND od.language_id = '" . (int)$this->config->get('config_language_id') . "' AND po.option_id = '" . (int)$option_id . "' ORDER BY o.sort_order");

				$product_option = $product_option_query->row;
				if ($product_option) {
					if ($product_option['type'] == 'select' || $product_option['type'] == 'radio' || $product_option['type'] == 'checkbox' || $product_option['type'] == 'image') {
						$product_option_value_data = array();

						$product_option_value_query = $this->db->query("SELECT * FROM " . DB_PREFIX . "product_option_value pov LEFT JOIN " . DB_PREFIX . "option_value ov ON (pov.option_value_id = ov.option_value_id) LEFT JOIN " . DB_PREFIX . "option_value_description ovd ON (ov.option_value_id = ovd.option_value_id) WHERE pov.product_option_id = '" . (int)$product_option['product_option_id'] . "' AND ovd.language_id = '" . (int)$this->config->get('config_language_id') . "' ORDER BY ov.sort_order");

						foreach ($product_option_value_query->rows as $product_option_value) {
							$product_option_value_data[] = array(
								'product_option_value_id' => $product_option_value['product_option_value_id'],
								'option_value_id'         => $product_option_value['option_value_id'],
								'name'                    => $product_option_value['name'],
								'image'                   => $product_option_value['image'],
								'quantity'                => $product_option_value['quantity'],
								'subtract'                => $product_option_value['subtract'],
								'price'                   => $product_option_value['price'],
								'price_prefix'            => $product_option_value['price_prefix'],
								'points'                  => $product_option_value['points'],
								'points_prefix'           => $product_option_value['points_prefix'],
								'weight'                  => $product_option_value['weight'],
								'weight_prefix'           => $product_option_value['weight_prefix']
							);
						}

						$product_option_data = array(
							'product_option_id'    => $product_option['product_option_id'],
							'option_id'            => $product_option['option_id'],
							'name'                 => $product_option['name'],
							'type'                 => $product_option['type'],
							'product_option_value' => $product_option_value_data,
							'required'             => $product_option['required']
						);
					} else {
						$product_option_data = array(
							'product_option_id' => $product_option['product_option_id'],
							'option_id'         => $product_option['option_id'],
							'name'              => $product_option['name'],
							'type'              => $product_option['type'],
							'option_value'      => $product_option['value'],
							'required'          => $product_option['required']
						);
					}
				}

				return $product_option_data;
			}
			// EOF Related Options]]></add>
		</operation>
	</file>
	<file path="admin/view/*/catalog/product_form.tpl">
		<operation error="log">
			<search index="0"><![CDATA[<?php foreach ($product_options as $product_option) { ?>]]></search>
			<add position="before"><![CDATA[					  <!--BOF Related Options-->
					<?php
					usort($product_options, function($a, $b) {
						return $a['option_id'] - $b['option_id'];
					});
					?>
						<!--EOF Related Options-->]]>
			</add>
		</operation>
		<operation error="log">
			<search><![CDATA[<?php if ($product_option['type'] == 'text') { ?>]]></search>
			<add position="before"><![CDATA[					  <!--BOF Related Options-->
						<div class="form-group">
							<label class="col-sm-2 control-label"><?php echo $entry_master_option; ?></label>
							<div class="col-sm-10">
								<select name="product_option[<?php echo $option_row; ?>][master_option]" class="form-control">
									<option value="0"><?php echo $text_no; ?></option>
									<?php foreach ($product_options as $product_option1) { ?>
										<?php if ($product_option1['type'] != 'select' and $product_option1['type'] != 'radio' and $product_option1['type'] != 'checkbox' and $product_option1['type'] != 'image') continue; ?>
										<?php if ($product_option1['option_id'] != $product_option['option_id']) { ?>
											<?php if ($product_option1['option_id'] == $product_option['master_option']) { ?>
												<option value="<?php echo $product_option1['option_id']; ?>" selected="selected"><?php echo $product_option1['name']; ?></option>
											<?php } else { ?>
												<option value="<?php echo $product_option1['option_id']; ?>"><?php echo $product_option1['name']; ?></option>
											<?php } ?>
										<?php } ?>
									<?php } ?>
								</select>
							</div>
						</div>
						<!--EOF Related Options-->]]>
			</add>
		</operation>
		<operation error="log">
			<search><![CDATA[<?php if ($product_option['type'] == 'text') { ?>]]></search>
			<add position="after"><![CDATA[	<!--BOF Related Options-->
						<div class="form-group">
							<label class="col-sm-2 control-label"><?php echo $entry_master_option_value; ?></label>
							<div class="col-sm-10 col-master-<?php echo $option_row; ?>" data-col="<?php echo $option_row; ?>" data-row="0">
								<?php if ($product_option['master_option']) { ?>
									<select name="product_option[<?php echo $option_row; ?>][master_option_value]" value="<?php echo $product_option['value']; ?>" class="form-control">
										<option value="0"><?php echo $text_no; ?></option>
										<?php foreach ($product_option['master_option_data']['product_option_value'] as $master_option_value) { ?>
											<?php if ($master_option_value['option_value_id'] == $product_option['master_option_value']) { ?>
												<option value="<?php echo $master_option_value['option_value_id']; ?>" selected="selected"><?php echo $master_option_value['name']; ?></option>
											<?php } else { ?>
												<option value="<?php echo $master_option_value['option_value_id']; ?>"><?php echo $master_option_value['name']; ?></option>
											<?php } ?>
										<?php } ?>
									</select>
								<?php } else { ?>
									- <input type="hidden" name="product_option[<?php echo $option_row; ?>][master_option_value]" value="0">
								<?php }?>
							</div>
						</div>
			<!--EOF Related Options-->]]>
			</add>
		</operation>
		<operation error="log">
			<search><![CDATA[<?php if ($product_option['type'] == 'textarea') { ?>]]></search>
			<add position="after"><![CDATA[	<!--BOF Related Options-->
						<div class="form-group">
							<label class="col-sm-2 control-label"><?php echo $entry_master_option_value; ?></label>
							<div class="col-sm-10 col-master-<?php echo $option_row; ?>" data-col="<?php echo $option_row; ?>" data-row="0">
								<?php if ($product_option['master_option']) { ?>
									<select name="product_option[<?php echo $option_row; ?>][master_option_value]" value="<?php echo $product_option['option_value']; ?>" class="form-control">
										<option value="0"><?php echo $text_no; ?></option>
										<?php foreach ($product_option['master_option_data']['product_option_value'] as $master_option_value) { ?>
											<?php if ($master_option_value['option_value_id'] == $product_option['master_option_value']) { ?>
												<option value="<?php echo $master_option_value['option_value_id']; ?>" selected="selected"><?php echo $master_option_value['name']; ?></option>
											<?php } else { ?>
												<option value="<?php echo $master_option_value['option_value_id']; ?>"><?php echo $master_option_value['name']; ?></option>
											<?php } ?>
										<?php } ?>
									</select>
								<?php } else { ?>
									- <input type="hidden" name="product_option[<?php echo $option_row; ?>][master_option_value]" value="0">
								<?php }?>
							</div>
						</div>
			<!--EOF Related Options-->]]>
			</add>
		</operation>
		<operation error="log">
			<search><![CDATA[<?php if ($product_option['type'] == 'file') { ?>]]></search>
			<add position="after"><![CDATA[	<!--BOF Related Options-->
						<div class="form-group">
							<label class="col-sm-2 control-label"><?php echo $entry_master_option_value; ?></label>
							<div class="col-sm-10 col-master-<?php echo $option_row; ?>" data-col="<?php echo $option_row; ?>" data-row="0">
								<?php if ($product_option['master_option']) { ?>
									<select name="product_option[<?php echo $option_row; ?>][master_option_value]" value="<?php echo $product_option['option_value']; ?>" class="form-control">
										<option value="0"><?php echo $text_no; ?></option>
										<?php foreach ($product_option['master_option_data']['product_option_value'] as $master_option_value) { ?>
											<?php if ($master_option_value['option_value_id'] == $product_option['master_option_value']) { ?>
												<option value="<?php echo $master_option_value['option_value_id']; ?>" selected="selected"><?php echo $master_option_value['name']; ?></option>
											<?php } else { ?>
												<option value="<?php echo $master_option_value['option_value_id']; ?>"><?php echo $master_option_value['name']; ?></option>
											<?php } ?>
										<?php } ?>
									</select>
								<?php } else { ?>
									- <input type="hidden" name="product_option[<?php echo $option_row; ?>][master_option_value]" value="0">
								<?php }?>
							</div>
						</div>
			<!--EOF Related Options-->]]>
			</add>
		</operation>
		<operation error="log">
			<search><![CDATA[<?php if ($product_option['type'] == 'date') { ?>]]></search>
			<add position="after"><![CDATA[	<!--BOF Related Options-->
						<div class="form-group">
							<label class="col-sm-2 control-label"><?php echo $entry_master_option_value; ?></label>
							<div class="col-sm-10 col-master-<?php echo $option_row; ?>" data-col="<?php echo $option_row; ?>" data-row="0">
								<?php if ($product_option['master_option']) { ?>
									<select name="product_option[<?php echo $option_row; ?>][master_option_value]" value="<?php echo $product_option['option_value']; ?>" class="form-control">
										<option value="0"><?php echo $text_no; ?></option>
										<?php foreach ($product_option['master_option_data']['product_option_value'] as $master_option_value) { ?>
											<?php if ($master_option_value['option_value_id'] == $product_option['master_option_value']) { ?>
												<option value="<?php echo $master_option_value['option_value_id']; ?>" selected="selected"><?php echo $master_option_value['name']; ?></option>
											<?php } else { ?>
												<option value="<?php echo $master_option_value['option_value_id']; ?>"><?php echo $master_option_value['name']; ?></option>
											<?php } ?>
										<?php } ?>
									</select>
								<?php } else { ?>
									- <input type="hidden" name="product_option[<?php echo $option_row; ?>][master_option_value]" value="0">
								<?php }?>
							</div>
						</div>
			<!--EOF Related Options-->]]>
			</add>
		</operation>
		<operation error="log">
			<search><![CDATA[<?php if ($product_option['type'] == 'time') { ?>]]></search>
			<add position="after"><![CDATA[	<!--BOF Related Options-->
						<div class="form-group">
							<label class="col-sm-2 control-label"><?php echo $entry_master_option_value; ?></label>
							<div class="col-sm-10 col-master-<?php echo $option_row; ?>" data-col="<?php echo $option_row; ?>" data-row="0">
								<?php if ($product_option['master_option']) { ?>
									<select name="product_option[<?php echo $option_row; ?>][master_option_value]" value="<?php echo $product_option['option_value']; ?>" class="form-control">
										<option value="0"><?php echo $text_no; ?></option>
										<?php foreach ($product_option['master_option_data']['product_option_value'] as $master_option_value) { ?>
											<?php if ($master_option_value['option_value_id'] == $product_option['master_option_value']) { ?>
												<option value="<?php echo $master_option_value['option_value_id']; ?>" selected="selected"><?php echo $master_option_value['name']; ?></option>
											<?php } else { ?>
												<option value="<?php echo $master_option_value['option_value_id']; ?>"><?php echo $master_option_value['name']; ?></option>
											<?php } ?>
										<?php } ?>
									</select>
								<?php } else { ?>
									- <input type="hidden" name="product_option[<?php echo $option_row; ?>][master_option_value]" value="0">
								<?php }?>
							</div>
						</div>
			<!--EOF Related Options-->]]>
			</add>
		</operation>
		<operation error="log">
			<search><![CDATA[<?php if ($product_option['type'] == 'datetime') { ?>]]></search>
			<add position="after"><![CDATA[	<!--BOF Related Options-->
						<div class="form-group">
							<label class="col-sm-2 control-label"><?php echo $entry_master_option_value; ?></label>
							<div class="col-sm-10 col-master-<?php echo $option_row; ?>" data-col="<?php echo $option_row; ?>" data-row="0">
								<?php if ($product_option['master_option']) { ?>
									<select name="product_option[<?php echo $option_row; ?>][master_option_value]" value="<?php echo $product_option['option_value']; ?>" class="form-control">
										<option value="0"><?php echo $text_no; ?></option>
										<?php foreach ($product_option['master_option_data']['product_option_value'] as $master_option_value) { ?>
											<?php if ($master_option_value['option_value_id'] == $product_option['master_option_value']) { ?>
												<option value="<?php echo $master_option_value['option_value_id']; ?>" selected="selected"><?php echo $master_option_value['name']; ?></option>
											<?php } else { ?>
												<option value="<?php echo $master_option_value['option_value_id']; ?>"><?php echo $master_option_value['name']; ?></option>
											<?php } ?>
										<?php } ?>
									</select>
								<?php } else { ?>
									- <input type="hidden" name="product_option[<?php echo $option_row; ?>][master_option_value]" value="0">
								<?php }?>
							</div>
						</div>
			<!--EOF Related Options-->]]>
			</add>
		</operation>
		<operation error="log">
			<search><![CDATA[html += '        <td class="text-right"><?php echo $entry_weight; ?></td>';]]></search>
			<add position="replace"><![CDATA[	<!--BOF Related Options-->
							  html += '        <td class="text-right relate-option"><?php echo $entry_weight; ?></td>';
							  <!--EOF Related Options-->]]>
			</add>
		</operation>
		<operation error="log">
			<search><![CDATA[<td class="text-right"><?php echo $entry_weight; ?></td>]]></search>
			<add position="after"><![CDATA[<!--BOF Related Options-->
							  <td class="text-right"><?php echo $entry_master_option_value; ?></td>
							  <!--EOF Related Options-->]]>
			</add>
		</operation>
		<operation error="log">
			<search><![CDATA[<td colspan="6"></td>]]></search>
			<add position="replace" index="1"><![CDATA[<td colspan="7"></td>]]></add>
		</operation>
		<operation error="log">
			<search><![CDATA[<input type="text" name="product_option[<?php echo $option_row; ?>][product_option_value][<?php echo $option_value_row; ?>][weight]" value="<?php echo $product_option_value['weight']; ?>" placeholder="<?php echo $entry_weight; ?>" class="form-control" /></td>]]></search>
			<add position="after"><![CDATA[<!--BOF Related Options-->
								<td class="right col-master-<?php echo $option_row; ?>" data-col="<?php echo $option_row; ?>" data-row="<?php echo $option_value_row; ?>">
									<?php if ($product_option['master_option']) { ?>
										<select name="product_option[<?php echo $option_row; ?>][product_option_value][<?php echo $option_value_row; ?>][master_option_value]" class="form-control">
											<option value="0"><?php echo $text_no; ?></option>
											<?php foreach ($product_option['master_option_data']['product_option_value'] as $master_option_value) { ?>
												<?php if ($master_option_value['option_value_id'] == $product_option_value['master_option_value']) { ?>
													<option value="<?php echo $master_option_value['option_value_id']; ?>" selected="selected"><?php echo $master_option_value['name']; ?></option>
												<?php } else { ?>
													<option value="<?php echo $master_option_value['option_value_id']; ?>"><?php echo $master_option_value['name']; ?></option>
												<?php } ?>
											<?php } ?>
										</select>
									<?php } else { ?>
										<center>-</center>
										<input type="hidden" name="product_option[<?php echo $option_row; ?>][product_option_value][<?php echo $option_value_row; ?>][master_option_value]" value="0">
									<?php }?>
								</td>
								<!--EOF Related Options-->]]>
			</add>
		</operation>
		<operation error="log">
			<search><![CDATA[<select id="option-values<?php echo $option_row; ?>" style="display: none;">]]></search>
			<add position="before"><![CDATA[						<!--BOF Related Options-->
			<?php if ($product_option['master_option']) { ?>
			<select id="master-option-values<?php echo $option_row; ?>" style="display: none;" class="form-control">
              <?php foreach ($product_option['master_option_data']['product_option_value'] as $master_option_value) { ?>
              	<option value="<?php echo $master_option_value['option_value_id']; ?>"><?php echo $master_option_value['name']; ?></option>
              <?php } ?>
            </select>
            <?php } ?>
			<!--EOF Related Options-->]]>
			</add>
		</operation>
		<operation error="log">
			<search><![CDATA[if (item['type'] == 'text') {]]></search>
			<add position="before"><![CDATA[		<!--BOF Related Options-->
			html += '	  <div class="form-group">';
			html += '		<label class="col-sm-2 control-label"><?php echo $entry_master_option; ?></label>';
			html += '       <div class="col-sm-10"><select name="product_option[' + option_row + '][master_option]" class="form-control">';
			html += '	    <option value="0"><?php echo $text_no; ?></option>';
			$('input[name$="[option_id]"]').each(function() {
                var name = $(this).attr('name').split('][');
                var num = name[0].split('[');
                num = num[1];
                html += '<option value="'+ $(this).val() +'">'+ $('input[name="product_option[' + num + '][name]"]').val() +'</option>';
            });
			html += '	    </select></div>';
			html += '     </div>';

			if (item['type'] != 'select' && item['type'] != 'radio' && item['type'] != 'checkbox' && item['type'] != 'image') {
	            html += '	<div class="form-group">';
	            html += '	  <label class="col-sm-2 control-label" for="input-value' + option_row + '"><?php echo $entry_master_option_value; ?></label>';
	            html += '	  <div class="col-sm-10 col-master-' + option_row +'" data-col="' + option_row +'" data-row="0">- <input type="hidden" name="product_option[' + option_row + '][master_option_value]" value="0"></div>';
	            html += '	</div>';
	        }
			<!--EOF Related Options-->]]>
			</add>
		</operation>
		<operation error="log">
			<search><![CDATA[html += '        <td class="text-right relate-option"><?php echo $entry_weight; ?></td>';]]></search>
			<add position="after"><![CDATA[	<!--BOF Related Options-->
							  html += '        <td class="text-right"><?php echo $entry_master_option_value; ?></td>';
							  <!--EOF Related Options-->]]>
			</add>
		</operation>


		<operation error="log">
			<search><![CDATA[html  = '<div class="tab-pane" id="tab-option' + option_row + '">';]]></search>
			<add position="before"><![CDATA[
				if (item['type'] == 'select' || item['type'] == 'radio' || item['type'] == 'checkbox' || item['type'] == 'image') {
					$('select[name$="[master_option]"]').append('<option value="'+ item['value'] +'">'+ item['label'] +'</option>');
	            }
			]]></add>
		</operation>
		<operation error="log">
			<search><![CDATA[html += '  <input type="text" name="product_option[' + option_row + '][product_option_value][' + option_value_row + '][weight]" value="" placeholder="<?php echo $entry_weight; ?>" class="form-control" /></td>';]]></search>
			<add position="after"><![CDATA[
				<!--BOF Related Options-->
				if ($('#master-option-values' + option_row).size() > 0) {
					html += '    <td class="right col-master-' + option_row +'" data-col="' + option_row +'" data-row="' + option_value_row +'"><select name="product_option[' + option_row + '][product_option_value][' + option_value_row + '][master_option_value]">';
					html += $('#master-option-values' + option_row).html();
					html += '    </select></td>';
				} else {
					html += '<td class="right col-master-' + option_row +'" data-col="' + option_row +'" data-row="' + option_value_row +'"><center>-</center><input type="hidden" name="product_option[' + option_row + '][product_option_value][' + option_value_row + '][master_option_value]" value="0"></td>';
				}
				<!--EOF Related Options-->
			]]></add>
		</operation>
		<operation error="log">
			<search><![CDATA[onclick="$('a[href=\'#tab-option<?php echo $option_row; ?>\']').parent().remove(); $('#tab-option<?php echo $option_row; ?>').remove(); $('#option a:first').tab('show');"]]></search>
			<add position="replace" trim="true"><![CDATA[
				onclick="master_option_del(<?php echo $option_row; ?>); $('a[href=\'#tab-option<?php echo $option_row; ?>\']').parent().remove(); $('#tab-option<?php echo $option_row; ?>').remove(); $('#option a:first').tab('show');"
			]]></add>
		</operation>
		<operation error="log">
			<search><![CDATA[onclick="$(this).tooltip('destroy');$('#option-value-row<?php echo $option_value_row; ?>').remove();"]]></search>
			<add position="replace" trim="true"><![CDATA[
				onclick="$(this).tooltip('destroy');$('#option-value-row<?php echo $option_value_row; ?>').remove(); master_option_ch(<?php echo $option_row; ?>);"
			]]></add>
		</operation>
		<operation error="log">
			<search><![CDATA[onclick="$(\'a[href=\\\'#tab-option' + option_row + '\\\']\').parent().remove(); $(\'#tab-option' + option_row + '\').remove(); $(\'#option a:first\').tab(\'show\')"]]></search>
			<add position="replace" trim="true"><![CDATA[
				onclick="master_option_del(' + option_row + '); $(\'a[href=\\\'#tab-option' + option_row + '\\\']\').parent().remove(); $(\'#tab-option' + option_row + '\').remove(); $(\'#option a:first\').tab(\'show\');"
			]]></add>
		</operation>
		<operation error="log">
			<search><![CDATA[onclick="$(this).tooltip(\'destroy\');$(\'#option-value-row' + option_value_row + '\').remove();"]]></search>
			<add position="replace" trim="true"><![CDATA[
				onclick="$(this).tooltip(\'destroy\');$(\'#option-value-row' + option_value_row + '\').remove(); master_option_ch('+option_row+');"
			]]></add>
		</operation>
		<operation error="log">
			<search><![CDATA[$('[rel=tooltip]').tooltip();]]></search>
			<add position="after"><![CDATA[
				master_option(option_row, option_value_row);
			    master_option_ch(option_row);
			]]></add>
		</operation>
		<operation error="log">
			<search><![CDATA[var option_value_row = <?php echo $option_value_row; ?>;]]></search>
			<add position="before"><![CDATA[
				function master_option(option_num, row, selected) {
				    var id = $('select[name="product_option['+ option_num  +'][master_option]"]').val();
                    var type = $('input[name="product_option['+ option_num  +'][type]"]').val();

				    if (id == 0) {
				        $('.col-master-' + option_num).each(function() {
				            if (typeof(row) == 'undefined' || row == $(this).data('row')) {
                                if (type == 'select' || type == 'radio' || type == 'checkbox' || type == 'image') {
                                    $(this).html('<center>-</center><input type="hidden" name="product_option[' + $(this).data('col') + '][product_option_value][' + $(this).data('row') + '][master_option_value]" value="0">');
                                } else {
                                    $(this).html('- <input type="hidden" name="product_option[' + $(this).data('col') + '][master_option_value]" value="0">');
                                }
				            }
				        });
				    } else {
				        $('.col-master-' + option_num).each(function() {
				            if (typeof(row) == 'undefined' || row == $(this).data('row')) {
                                if (type == 'select' || type == 'radio' || type == 'checkbox' || type == 'image') {
                                    var select = '<select class="form-control" name="product_option[' + $(this).data('col') + '][product_option_value][' + $(this).data('row') + '][master_option_value]">';
                                } else {
                                    var select = '<select class="form-control" name="product_option[' + $(this).data('col') + '][master_option_value]">';
                                }
				                select += '<option value="0">---</option>';
				                var name_opt = $('input[name$="[option_id]"][value='+ id +']').attr('name').split('][');
				                var num_opt = name_opt[0].split('[');
				                num_opt = num_opt[1];
								var type_val = $('input[name="product_option['+ num_opt  +'][type]"]').val();
                                if (type_val == 'select' || type_val == 'radio' || type_val == 'checkbox' || type_val == 'image') {
                                    $('select[name^="product_option['+ num_opt +'][product_option_value]"][name$="[option_value_id]"]').each(function() {
    				                    select += '<option value="'+ $(this).val() +'" '+ ((typeof(selected) != 'undefined' && selected == $(this).val()) ? ' selected="selected"' : '') +'>'+ $(this).find('option:selected').text() +'</option>';
    				                });
                                } else {
                                    $('input[name="product_option['+ num_opt +'][value]"]').each(function() {
    				                    select += '<option value="'+ $(this).val() +'" '+ ((typeof(selected) != 'undefined' && selected == $(this).val()) ? ' selected="selected"' : '') +'>'+ $(this).val() +'</option>';
    				                });
                                }
				                select += '</select>';
				                $(this).html(select);
				            }
				        });
				    }
				}
				$('#form-product').delegate('select[name$="[master_option]"]', "change", function() {
				    var name = $(this).attr('name').split('][');
				    var num = name[0].split('[');
				    master_option(num[1]);
				});

				function master_option_ch(option_row) {
				    var option_id = $('input[name="product_option['+ option_row +'][option_id]"]').val();
				    $('select[name$="[master_option]"]').each(function() {
				        if ($(this).val() == option_id) {
				            var name_1 = $(this).attr('name').split('][');
				            var num_1 = name_1[0].split('[');

				            $('.col-master-' + num_1[1]).each(function() {
				                master_option($(this).data('col'), $(this).data('row'), $(this).find('select').val());
				            });
				        }
				    });
				}
				function master_option_del(option_row) {
				    var option_id = $('input[name="product_option['+ option_row +'][option_id]"]').val();
				    $('select[name$="[master_option]"]').each(function() {
				        if ($(this).val() == option_id) {
				            $(this).val(0);
				            var name_1 = $(this).attr('name').split('][');
				            var num_1 = name_1[0].split('[');
				            $('.col-master-' + num_1[1]).each(function() {
				                master_option($(this).data('col'));
				            });
				        }
						$(this).find('option[value='+ option_id +']').remove();
				    });
				}
				$('#form-product').delegate('select[name$="[option_value_id]"]', "change", function() {
				    var name = $(this).attr('name').split('][');
				    var num = name[0].split('[');
				    master_option_ch(num[1]);
				});
			]]></add>
		</operation>
	</file>

	<file path="catalog/controller/product/product.php">
		<operation error="log">
			<search><![CDATA['required'             => $option['required']]]></search>
			<add position="before"><![CDATA[					//BOF Related Options
					'master_option'          => $option['master_option'],
					// EOF Related Options]]></add>
		</operation>
		<operation error="log">
			<search><![CDATA['price_prefix'            => $option_value['price_prefix']]]></search>
			<add position="before"><![CDATA[//BOF Related Options
						  'master_option_value'     => $option_value['master_option_value'],
						  // EOF Related Options]]></add>
		</operation>
		<operation error="log">
			<search><![CDATA[foreach ($this->model_catalog_product->getProductOptions($this->request->get['product_id']) as $option) {]]></search>
			<add position="after"><![CDATA[//BOF Related Options
						  if ($option['type'] == 'select' || $option['type'] == 'radio' || $option['type'] == 'checkbox' || $option['type'] == 'image') {
						  // EOF Related Options]]></add>
		</operation>
		<operation error="log">
			<search><![CDATA[if ($product_info['minimum']) {]]></search>
			<add position="before"><![CDATA[//BOF Related Options
						  elseif ($option['type'] == 'text' || $option['type'] == 'textarea' || $option['type'] == 'file' || $option['type'] == 'date' || $option['type'] == 'datetime' || $option['type'] == 'time') {
					$data['options'][] =array(
						'product_option_id' => $option['product_option_id'],
						'option_id'         => $option['option_id'],
						'name'              => $option['name'],
						'type'              => $option['type'],
						'value'      => $option['value'],
						//BOF Related Options
						'master_option'          => $option['master_option'],
						'master_option_value'    => $option['master_option_value'],
						// EOF Related Options
						'required'          => $option['required']
					);
				}
			}
						  // EOF Related Options]]></add>
		</operation>
		<operation error="log">
			<search><![CDATA[$product_option_value_data = array();]]></search>
			<add position="after"><![CDATA[//BOF Related Options
			$related_options = $this->config->get('related_options');
				if (isset($related_options['residue_on']) && $related_options['residue_on']) {
					foreach ($option['product_option_value'] as $option_value) {
						if ((($this->config->get('config_customer_price') && $this->customer->isLogged()) || !$this->config->get('config_customer_price')) && (float)$option_value['price']) {
								$price = $this->currency->format($this->tax->calculate($option_value['price'], $product_info['tax_class_id'], $this->config->get('config_tax') ? 'P' : false));
						} else {
							$price = false;
						}

						$product_option_value_data[] = array(
							'product_option_value_id' => $option_value['product_option_value_id'],
							'option_value_id'         => $option_value['option_value_id'],
							'name'                    => $option_value['name'],
							'image'                   => $this->model_tool_image->resize($option_value['image'], 50, 50),
							'price'                   => $price,
							//BOF Related Options
							'master_option_value'     => $option_value['master_option_value'],
							// EOF Related Options
							'price_prefix'            => $option_value['price_prefix']
						);
					}
				} else {
						  		  // EOF Related Options]]></add>
		</operation>
		<operation error="log">
			<search><![CDATA[$data['options'][] = array(]]></search>
			<add position="before" index="0"><![CDATA[//BOF Related Options
			}
			 // EOF Related Options]]></add>
		</operation>
		<operation error="log">
			<search><![CDATA[$data['text_loading'] = $this->language->get('text_loading');]]></search>
			<add position="before"><![CDATA[//BOF Related Options
			$data['decimal_point'] = $this->language->get('decimal_point');
			$data['thousand_point'] = $this->language->get('thousand_point');
			// EOF Related Options]]></add>
		</operation>
	</file>
	<file path="catalog/model/catalog/product.php">
		<operation error="log">
			<search><![CDATA['weight_prefix'           => $product_option_value['weight_prefix']]]></search>
			<add position="before"><![CDATA[//BOF Related Options
			'master_option_value'             => $product_option_value['master_option_value'],
			// EOF Related Options]]></add>
		</operation>
		<operation error="log">
			<search><![CDATA['required'             => $product_option['required']]]></search>
			<add position="before"><![CDATA[				//BOF Related Options
				'master_option'          => $product_option['master_option'],
				// EOF Related Options]]></add>
		</operation>
		<operation error="log">
			<search><![CDATA[foreach ($product_option_query->rows as $product_option) {]]></search>
			<add position="after"><![CDATA[				//BOF Related Options
				if ($product_option['type'] == 'select' || $product_option['type'] == 'radio' || $product_option['type'] == 'checkbox' || $product_option['type'] == 'image') {
				// EOF Related Options]]></add>
		</operation>
		<operation error="log">
			<search><![CDATA[return $product_option_data;]]></search>
			<add position="before"><![CDATA[				//BOF Related Options
				else {
				$product_option_data[] = array(
					'product_option_id' => $product_option['product_option_id'],
					'option_id'         => $product_option['option_id'],
					'name'              => $product_option['name'],
					'type'              => $product_option['type'],
					'value'      => $product_option['value'],
					//BOF Related Options
					'master_option'          => $product_option['master_option'],
					'master_option_value'    => $product_option['master_option_value'],
					// EOF Related Options
					'required'          => $product_option['required']
				);
			}
		}
				// EOF Related Options]]></add>
		</operation>
	</file>

	<file path="catalog/view/theme/*/template/product/product.tpl">
		<operation error="log">
			<search><![CDATA[<div id="content" class="<?php echo $class; ?>"><?php echo $content_top; ?>]]></search>
			<add position="replace"><![CDATA[<!-- BOF Related Options -->
			<div id="content" class="<?php echo $class; ?> product-info"><?php echo $content_top; ?>
			<!-- EOF Related Options -->]]></add>
		</operation>
		<operation error="log">
			<search><![CDATA[<?php if ($options) { ?>]]></search>
			<add position="after"><![CDATA[<!-- BOF Related Options -->
			<div class="options">
			<!-- EOF Related Options -->]]></add>
		</operation>
		<operation error="log">
			<search index="42"><![CDATA[<?php } ?>]]></search>
			<add position="after"><![CDATA[<!-- BOF Related Options -->
			</div>
			<!-- EOF Related Options -->]]></add>
		</operation>
		<operation error="log">
			<search><![CDATA[<h2><?php echo $price; ?></h2>]]></search>
			<add position="replace"><![CDATA[<!-- BOF Related Options -->
			<h2 class="price"><?php echo $price; ?></h2>
			<!-- EOF Related Options -->]]></add>
		</operation>
		<operation error="log">
			<search><![CDATA[<h2><?php echo $special; ?></h2>]]></search>
			<add position="replace"><![CDATA[<!-- BOF Related Options -->
			<h2 class="price"><?php echo $special; ?></h2>
			<!-- EOF Related Options -->]]></add>
		</operation>
		<operation error="log">
			<search><![CDATA[<div class="form-group<?php echo ($option['required'] ? ' required' : ''); ?>">]]></search>
			<add position="replace"><![CDATA[<!--BOF Related Options-->
			<div class="form-group<?php echo ($option['required'] ? ' required' : ''); ?> option" <?php echo 'master-option="' . $option['master_option'] . '"' . ' option="' . $option['option_id'] . '"'; ?> id="option-<?php echo $option['product_option_id']; ?>" >
						<!--EOF Related Options-->]]></add>
		</operation>
		<operation error="log">
			<search><![CDATA[<div class="col-sm-6 col-xs-12 form-group-tab form-group<?php echo ($option['required'] ? ' required' : ''); ?>">]]></search>
			<add position="replace"><![CDATA[<!--BOF Related Options-->
			<div class="col-xs-12 form-group-tab form-group<?php echo ($option['required'] ? ' required' : ''); ?> option" <?php echo 'master-option="' . $option['master_option'] . '"' . ' option="' . $option['option_id'] . '"'; ?> id="option-<?php echo $option['product_option_id']; ?>" >
						<!--EOF Related Options-->]]></add>
		</operation>
		<operation error="log">
			<search><![CDATA[<option value="<?php echo $option_value['product_option_value_id']; ?>"><?php echo $option_value['name']; ?>]]></search>
			<add position="replace"><![CDATA[<!--BOF Related Options-->
			<option value="<?php echo $option_value['product_option_value_id']; ?>" <?php echo 'master-option-value="' . $option_value['master_option_value'] . '"' . ' option-value="' . $option_value['option_value_id'] . '"'; ?>><?php echo $option_value['name']; ?>
			<!--EOF Related Options-->]]></add>
		</operation>
		<operation error="log">
			<search><![CDATA[<input type="radio" name="option[<?php echo $option['product_option_id']; ?>]" value="<?php echo $option_value['product_option_value_id']; ?>" />]]></search>
			<add position="replace"><![CDATA[<!--BOF Related Options-->
					<input type="radio" name="option[<?php echo $option['product_option_id']; ?>]" value="<?php echo $option_value['product_option_value_id']; ?>" id="option-value-<?php echo $option_value['product_option_value_id']; ?>" <?php echo 'master-option-value="' . $option_value['master_option_value'] . '"' . ' option-value="' . $option_value['option_value_id'] . '"'; ?> />
					<!--EOF Related Options-->]]></add>
		</operation>
		<operation error="log">
			<search><![CDATA[<input type="checkbox" name="option[<?php echo $option['product_option_id']; ?>][]" value="<?php echo $option_value['product_option_value_id']; ?>" />]]></search>
			<add position="replace"><![CDATA[<!--BOF Related Options-->
						<input type="checkbox" name="option[<?php echo $option['product_option_id']; ?>][]" value="<?php echo $option_value['product_option_value_id']; ?>" id="option-value-<?php echo $option_value['product_option_value_id']; ?>" <?php echo 'master-option-value="' . $option_value['master_option_value'] . '"' . ' option-value="' . $option_value['option_value_id'] . '"'; ?> />
					<!--EOF Related Options-->]]></add>
		</operation>
		<operation error="log">
			<search><![CDATA[<input type="text" name="option[<?php echo $option['product_option_id']; ?>]" value="<?php echo $option['value']; ?>" placeholder="<?php echo $option['name']; ?>" id="input-option<?php echo $option['product_option_id']; ?>" class="form-control" />]]></search>
			<add position="replace"><![CDATA[<!--BOF Related Options-->
			  <input type="text" name="option[<?php echo $option['product_option_id']; ?>]" value="<?php echo $option['value']; ?>" placeholder="<?php echo $option['name']; ?>" id="input-option<?php echo $option['product_option_id']; ?>" class="form-control" <?php echo 'master-option-value="' . $option['master_option_value'] . '"'; ?> />
			  <!--EOF Related Options-->]]></add>
		</operation>
		<operation error="log">
			<search><![CDATA[<textarea name="option[<?php echo $option['product_option_id']; ?>]" rows="5" placeholder="<?php echo $option['name']; ?>" id="input-option<?php echo $option['product_option_id']; ?>" class="form-control"><?php echo $option['value']; ?></textarea>]]></search>
			<add position="replace"><![CDATA[<!--BOF Related Options-->
			  <textarea name="option[<?php echo $option['product_option_id']; ?>]" rows="5" <?php echo 'master-option-value="' . $option['master_option_value'] . '"'; ?>placeholder="<?php echo $option['name']; ?>" id="input-option<?php echo $option['product_option_id']; ?>" class="form-control"><?php echo $option['value']; ?></textarea>
			  <!--EOF Related Options-->]]></add>
		</operation>
		<operation error="log">
			<search><![CDATA[<button type="button" id="button-upload<?php echo $option['product_option_id']; ?>" data-loading-text="<?php echo $text_loading; ?>" class="btn btn-default btn-block"><i class="fa fa-upload"></i> <?php echo $button_upload; ?></button>]]></search>
			<add position="replace"><![CDATA[<!--BOF Related Options-->
			  <button type="button" id="button-upload<?php echo $option['product_option_id']; ?>" data-loading-text="<?php echo $text_loading; ?>" class="btn btn-default btn-block" <?php echo 'master-option-value="' . $option['master_option_value'] . '"'; ?>><i class="fa fa-upload"></i> <?php echo $button_upload; ?></button>
			  <!--EOF Related Options-->]]></add>
		</operation>
		<operation error="log">
			<search><![CDATA[<input type="text" name="option[<?php echo $option['product_option_id']; ?>]" value="<?php echo $option['value']; ?>" data-date-format="YYYY-MM-DD" id="input-option<?php echo $option['product_option_id']; ?>" class="form-control" />]]></search>
			<add position="replace"><![CDATA[<!--BOF Related Options-->
				<input type="text" name="option[<?php echo $option['product_option_id']; ?>]" value="<?php echo $option['value']; ?>" data-date-format="YYYY-MM-DD" id="input-option<?php echo $option['product_option_id']; ?>" class="form-control" <?php echo 'master-option-value="' . $option['master_option_value'] . '"'; ?> />
				<!--EOF Related Options-->]]></add>
		</operation>
		<operation error="log">
			<search><![CDATA[<input type="text" name="option[<?php echo $option['product_option_id']; ?>]" value="<?php echo $option['value']; ?>" data-date-format="YYYY-MM-DD HH:mm" id="input-option<?php echo $option['product_option_id']; ?>" class="form-control" />]]></search>
			<add position="replace"><![CDATA[<!--BOF Related Options-->
				<input type="text" name="option[<?php echo $option['product_option_id']; ?>]" value="<?php echo $option['value']; ?>" data-date-format="YYYY-MM-DD HH:mm" id="input-option<?php echo $option['product_option_id']; ?>" <?php echo 'master-option-value="' . $option['master_option_value'] . '"'; ?> class="form-control" />
				<!--EOF Related Options-->]]></add>
		</operation>
		<operation error="log">
			<search><![CDATA[<input type="text" name="option[<?php echo $option['product_option_id']; ?>]" value="<?php echo $option['value']; ?>" data-date-format="HH:mm" id="input-option<?php echo $option['product_option_id']; ?>" class="form-control" />]]></search>
			<add position="replace"><![CDATA[<!--BOF Related Options-->
				<input type="text" name="option[<?php echo $option['product_option_id']; ?>]" value="<?php echo $option['value']; ?>" data-date-format="HH:mm" id="input-option<?php echo $option['product_option_id']; ?>" <?php echo 'master-option-value="' . $option['master_option_value'] . '"'; ?> class="form-control" />
				<!--EOF Related Options-->]]></add>
		</operation>
		<operation error="log">
			<search><![CDATA[<label>]]></search>
			<add position="replace"><![CDATA[<!--BOF Related Options--><label for="option-value-<?php echo $option_value['product_option_value_id']; ?>"><!--EOF Related Options-->]]></add>
		</operation>
		<operation error="log">
			<search><![CDATA[(<?php echo $option_value['price_prefix']; ?><?php echo $option_value['price']; ?>)]]></search>
			<add position="replace"><![CDATA[<!--BOF Related Options--><span>(<?php echo $option_value['price_prefix']; ?><?php echo $option_value['price']; ?>)</span><!--EOF Related Options-->]]></add>
		</operation>
		<operation error="log">
			<search><![CDATA[<div class="checkbox">]]></search>
			<add position="replace"><![CDATA[<!--BOF Related Options--><div class="checkbox" style="margin-top: -5px;"><!--EOF Related Options-->]]></add>
		</operation>
		<operation error="log">
			<search><![CDATA[<div class="radio">]]></search>
			<add position="replace"><![CDATA[<!--BOF Related Options--><div class="radio" style="margin-top: -5px;"><!--EOF Related Options-->]]></add>
		</operation>
		<operation error="log">
			<search><![CDATA[<?php echo $footer; ?>]]></search>
			<add position="before"><![CDATA[<!--BOF Related Options-->
			<script type="text/javascript"><!--
				$(document).ready(function(){
					$('.option[master-option!=0]').hide();

					// SELECT OPTION
					$('.option select').bind('change', function(){
						var option_value = $(this).children('option:selected').attr('option-value');
						var $related_options = $('.option[master-option=' + $(this).parent('.option').attr('option') + ']');
						if ($(this).val() != '') {
							updateOptionList($related_options, option_value);
						} else {
							$related_options.slideUp();
						}
						clearOption($related_options);
					});

					// RADIO OPTION
					$('.option input[type=radio]').bind('change', function(){
						var option_value = $(this).attr('option-value');
						var $related_options = $('.option[master-option = ' + $(this).parents('.option').attr('option') + ']');
						if ($('input[name=\'' + $(this).attr('name') + '\']:checked').size() != '') {
							updateOptionList($related_options, option_value);
						} else {
							$related_options.slideUp();
						}
						clearOption($related_options);
					});

					// CHECKBOX OPTION
					$('.option input[type=checkbox]').bind('change', function(){
						var option_value = [];
						$('.option input[name=\'' + $(this).attr('name') + '\']:checked').each(function(){
							option_value.push($(this).attr('option-value'));
						});
						var $related_options = $('.option[master-option = ' + $(this).parents('.option').attr('option') + ']');
						if ($('input[name=\'' + $(this).attr('name') + '\']:checked').size() != '') {
							updateOptionList($related_options, option_value);
						} else {
							$related_options.slideUp();
						}
						clearOption($related_options);
					});

					// TEXT INPUT AND TEXTAREA OPTION
					$('.option input[type=text], .option textarea').bind('change', function(){
						var $related_options = $('.option[master-option = ' + $(this).parent('.option').attr('option') + ']');
						if ($(this).val() != '') {
							$related_options.slideDown();
						} else {
							$related_options.slideUp();
						}
						clearOption($related_options);
					});
				});
				function updateOptionList($related_options, option_value) {
					// select options
					$related_options.find('option[master-option-value!=0]').each(function(){
						if ($(this).parent('span').size() == 0) {
							$(this).wrap("<span>");
						}
					});
					$related_options.find('input[master-option-value!=0]').hide();
					$related_options.find('input[master-option-value!=0]').parent('label').parent('div').hide();
					$related_options.find('input[master-option-value!=0]').next('label').next('br').hide();
					$related_options.find('textarea[master-option-value!=0]').hide();
					// image options
					$related_options.find('input[master-option-value!=0]').each(function(){
						if ($(this).closest('table').hasClass('option-image')) {
							$(this).closest('tr').hide();
						}
					});


					if (typeof(option_value) == "string") {
						option_value = [option_value];
					}
					for (var i in option_value) {
						$related_options.find('option[master-option-value=' + option_value[i] + '], option[value=\'\']').each(function(){
							if ($(this).parent('span').size() != 0) {
								$(this).unwrap();
							}
						});
						$related_options.find('input[master-option-value=' + option_value[i] + ']').show();
						$related_options.find('input[master-option-value=' + option_value[i] + ']').parent('label').parent('div').show();
						$related_options.find('input[master-option-value=' + option_value[i] + ']').next('label').next('br').show();
						$related_options.find('textarea[master-option-value=' + option_value[i] + ']').show();
						// image options
						$related_options.find('input[master-option-value=' + option_value[i] + ']').each(function(){
							if ($(this).closest('table').hasClass('option-image')) {
								$(this).closest('tr').show();
							}
						});
					}

					$related_options.each(function(){
						var visible_options = 0;
						for (var i in option_value) {
							visible_options += $(this).find('[master-option-value=' + option_value[i] + ']').size()*1;
							visible_options += $(this).find('[master-option-value=0]').size()*1;
						}
						if ($(this).find('option, input, textarea').size() != 0 && visible_options == 0) {
							$(this).slideUp();
						} else {
							$(this).slideDown();
						}
					});
				}
				function clearOption($option_container) {
					$option_container.find('select').val('');
					$option_container.find('input[type=radio], input[type=checkbox]').removeAttr('checked');
					//$option_container.find('input[type=text], textarea').attr('value', '');
                    recalcPrice();
				}
			//--></script>
			<?php
				global $config;
				$related_options = $config->get('related_options');
				if (isset($related_options['price_adjustment_on']) && $related_options['price_adjustment_on']) {
			?>
			<script type="text/javascript"><!--
				// changing price
				var num = <?php echo $related_options['price_residue'] ?>;
				var special = <?php echo (!$special) ? 'false' : 'true'; ?>;
				var $price = $('.product-info .price:first');

				var regex_price = /[0-9]+[\.]{0,1}[0-9]*/;
				var regex_add_price = /([\+\-])[^0-9]*([0-9]+[\.]{0,1}[0-9]*)/;
				var regex_replace_price = /([0-9]+[\.]{0,1}[0-9]*)/;
				var initial_price = regex_price.exec('<?php echo (!$special) ? str_replace($decimal_point, ".", str_replace($thousand_point, "", $price)) : str_replace($decimal_point, ".", str_replace($thousand_point, "", $special)); ?>');

                function formatMoney(n, c, d, t) {
                    var c = isNaN(c = Math.abs(c)) ? 2 : c,
                    d = d == undefined ? "." : d,
                    t = t == undefined ? "," : t,
                    s = n < 0 ? "-" : "",
                    i = parseInt(n = Math.abs(+n || 0).toFixed(c)) + "",
                    j = (j = i.length) > 3 ? j % 3 : 0;
                   return s + (j ? i.substr(0, j) + t : "") + i.substr(j).replace(/(\d{3})(?=\d)/g, "$1" + t) + (c ? d + Math.abs(n - i).toFixed(c).slice(2) : "");
                };

				function recalcPrice() {
					total_price = initial_price[0]*1;
					$('.options input[type=radio]:checked, .options input[type=checkbox]:checked').each(function(){
						additional_price = regex_add_price.exec($('label[for=' + $(this).attr('id') + '] span').text().replace('<?php echo $decimal_point; ?>', '.').replace(new RegExp('<?php echo $thousand_point; ?>', 'g'), ''));
						if (additional_price != null && additional_price != '' && additional_price != undefined) {
							if (additional_price[1] == '+') {
								total_price = total_price*1 + additional_price[2]*1;
							} else if (additional_price[1] == '-') {
								total_price = total_price*1 - additional_price[2]*1;
							}
						}
					});
					$('.options select>option:selected').each(function(){
						additional_price = regex_add_price.exec($(this).text().replace('<?php echo $decimal_point; ?>', '.').replace(new RegExp('<?php echo $thousand_point; ?>', 'g'), ''));
						if (additional_price != null && additional_price != '' && additional_price != undefined) {
							if (additional_price[1] == '+') {
								total_price = total_price*1 + additional_price[2]*1;
							} else if (additional_price[1] == '-') {
								total_price = total_price*1 - additional_price[2]*1;
							}
						}
					});
					if (special) {
						$price.find('.price-old').remove();
					}

					total_price = formatMoney(total_price, num, '<?php echo $decimal_point; ?>', '<?php echo $thousand_point; ?>');
					//total_price = total_price.toFixed(num);

					$price.html($price.html().replace('<?php echo $decimal_point; ?>', '.').replace(new RegExp('<?php echo $thousand_point; ?>', 'g'), '').replace(regex_replace_price, total_price));
				}
			//--></script>
			<?php } else { ?>
			<script type="text/javascript"><!--
				function recalcPrice() {
					return true;
				}
			//--></script>
			<?php } ?>
			<!--EOF Related Options-->]]></add>
		</operation>
	</file>
</modification>
