<modification>
    <name>Опции выбранные по умолчанию</name>
    <code>default-options</code>
    <version>2.0</version>
    <author>opencart2x.ru</author>
    <link>https://opencart2x.ru</link>

    <!-- admin improvements -->

    <file path="admin/model/catalog/product.php">
        <!-- edit model method "public function getProductOptions($product_id)" -->
        <operation>
            <search><![CDATA['weight_prefix'           => $product_option_value['weight_prefix']]]></search>
            <add position="after"><![CDATA[,'is_default'               => $product_option_value['is_default']]]></add>
        </operation>

        <!-- edit model method "public function addProduct($data)" and "public function editProduct($product_id, $data)" -->
        <operation>
            <search><![CDATA[weight_prefix = '" . $this->db->escape($product_option_value['weight_prefix']) . "']]></search>
            <add position="replace"><![CDATA[weight_prefix = '" . $this->db->escape($product_option_value['weight_prefix']) . "', is_default = '" . $this->db->escape(isset($product_option_value['is_default']) ? $product_option_value['is_default'] : 0) . "']]></add>
        </operation>
    </file>

    <!-- improve controller method "protected function getForm()" -->
    <file path="admin/controller/catalog/product.php">
        <operation>
            <search><![CDATA['weight_prefix'           => $product_option_value['weight_prefix']]]></search>
            <add position="after"><![CDATA[,'is_default'               => $product_option_value['is_default']]]></add>
        </operation>
    </file>

    <!-- improve option form template -->
    <file path="admin/view/template/catalog/product_form.tpl">

        <!-- add heading column -->
        <operation>
            <search index="0"><![CDATA[<td class="text-right"><?php echo $entry_weight; ?></td>]]></search>
            <add position="after"><![CDATA[<td class="text-right">Default</td>]]></add>
        </operation>

        <!-- improve javascript heading template -->
        <operation>
            <search><![CDATA[html += '        <td class="text-right"><?php echo $entry_weight; ?></td>';]]></search>
            <add position="after"><![CDATA[
                html += '        <td class="text-right">Default</td>';
            ]]></add>
        </operation>

        <!-- add column with checkbox -->
        <operation>
            <search><![CDATA[<td class="text-left"><button type="button" onclick="$(this).tooltip('destroy');$('#option-value-row<?php echo $option_value_row; ?>').remove();" data-toggle="tooltip" title="<?php echo $button_remove; ?>" class="btn btn-danger"><i class="fa fa-minus-circle"></i></button></td>]]></search>
            <add position="before"><![CDATA[

            <td class="text-center">
                <div class="checkbox">
                    <label style="display: block">
                        <input type="checkbox" name="product_option[<?php echo $option_row; ?>][product_option_value][<?php echo $option_value_row; ?>][is_default]" value="1" value="1" <?php echo ('1' == $product_option_value['is_default'] ? 'checked="checked' : ''); ?> onclick="SetSel(this);" />
                    </label>
                </div>
            </td>

            ]]></add>
        </operation>

        <!-- improve javascript body template -->
        <operation>
            <search><![CDATA[html += '  <td class="text-left"><button type="button" onclick="$(this).tooltip(\'destroy\');$(\'#option-value-row' + option_value_row + '\').remove();" data-toggle="tooltip" rel="tooltip" title="<?php echo $button_remove; ?>" class="btn btn-danger"><i class="fa fa-minus-circle"></i></button></td>';]]></search>
            <add position="before"><![CDATA[

            html += '<td class="text-center">';
                html += '<div class="checkbox">';
                    html += '<label>';
                        html += '<input type="checkbox" name="product_option[' + option_row + '][product_option_value][' + option_value_row + '][is_default]" value="1" value="1" onclick="SetSel(this);" />';
                    html += '</label>';
                html += '</div>';
            html += '</td>';

            ]]></add>
        </operation>

        <!-- change footer -->
        <operation>
            <search><![CDATA[<td colspan="6"></td>]]></search>
            <add position="replace"><![CDATA[<td colspan="7"></td>]]></add>
        </operation>

        <!-- add javascript function aka radio -->
        <operation>
            <search><![CDATA[<script type="text/javascript"><!--]]></search>
            <add position="after"><![CDATA[

            function SetSel(elem)
            {
                var tbody           = elem.parentNode.parentNode.parentNode.parentNode.parentNode;
                var elems           = tbody.getElementsByTagName("input");
                var currentState    = elem.checked;
                var elemsLength     = elems.length;

                for(i=0; i<elemsLength; i++)
                {
                    if(elems[i].type === "checkbox")
                    {
                       elems[i].checked = false;
                    }
                }

                elem.checked = currentState;
            }


            ]]></add>
        </operation>
    </file>


    <!-- catalog - product page improvements -->


    <file path="catalog/model/catalog/product.php">
        <!-- edit model method "public function getProductOptions($product_id)" -->
        <operation>
            <search index="0"><![CDATA['weight_prefix'           => $product_option_value['weight_prefix']]]></search>
            <add position="after"><![CDATA[,'is_default'           => $product_option_value['is_default']]]></add>
        </operation>
    </file>

    <!-- edit controller method "public function index()" -->
    <file path="catalog/controller/product/product.php">
        <!-- load column from db -->
        <operation>
            <search><![CDATA['price_prefix'            => $option_value['price_prefix']]]></search>
            <add position="after"><![CDATA[,'is_default'            => $option_value['is_default']]]></add>
        </operation>
    </file>

    <!-- edit template - make it checked/selected if is default -->
    <file path="catalog/view/theme/*/template/product/product.tpl">
        <!-- added support for select -->
        <operation>
            <search><![CDATA[<option value="<?php echo $option_value['product_option_value_id']; ?>"><?php echo $option_value['name']; ?>]]></search>
            <add position="replace"><![CDATA[<option value="<?php echo $option_value['product_option_value_id']; ?>" <?php echo (1 == $option_value['is_default'] ? 'selected' : ''); ?>><?php echo $option_value['name']; ?>]]></add>
        </operation>

        <!-- added support for input[type=radio] -->
        <operation>
            <search><![CDATA[<input type="radio" name="option[<?php echo $option['product_option_id']; ?>]" value="<?php echo $option_value['product_option_value_id']; ?>" />]]></search>
            <add position="replace"><![CDATA[<input type="radio" name="option[<?php echo $option['product_option_id']; ?>]" value="<?php echo $option_value['product_option_value_id']; ?>" <?php echo (1 == $option_value['is_default'] ? 'checked="checked"' : ''); ?> />]]></add>
        </operation>

        <!-- added support for input[type=checkbox] -->
        <operation>
            <search><![CDATA[<input type="checkbox" name="option[<?php echo $option['product_option_id']; ?>][]" value="<?php echo $option_value['product_option_value_id']; ?>" />]]></search>
            <add position="replace"><![CDATA[<input type="checkbox" name="option[<?php echo $option['product_option_id']; ?>][]" value="<?php echo $option_value['product_option_value_id']; ?>" <?php echo (1 == $option_value['is_default'] ? 'checked="checked"' : ''); ?> />]]></add>
        </operation>
    </file>


    <!-- catalog - category page (add to cart from category) improvements -->


    <!-- edit controller method "public function add()" -->
    <file path="catalog/controller/checkout/cart.php">

        <!-- create empty array for additional default options -->
        <operation>
            <search><![CDATA[foreach ($product_options as $product_option) {]]></search>
            <add position="before"><![CDATA[
            $default_options = [];
            ]]>
            </add>
        </operation>

        <!-- improve condition about default options -->
        <operation>
            <search><![CDATA[$json['error']['option'][$product_option['product_option_id']] = sprintf($this->language->get('error_required'), $product_option['name']);]]></search>
            <add position="replace"><![CDATA[

                    foreach($product_option['product_option_value'] as $row => $val)
                    {
                        if(1 == $val['is_default'])
                        {
                            if('checkbox' == $product_option['type'])
                            {
                                $_default_val = [$val['product_option_value_id']];
                            }
                            else
                            {
                                $_default_val = (int)$val['product_option_value_id'];
                            }

                            $default_options[$product_option['product_option_id']] = $_default_val;
                        }
                    }

                    if(0 === count($default_options))
                    {
                        $json['error']['option'][$product_option['product_option_id']] = sprintf($this->language->get('error_required'), $product_option['name']);
                    }

            ]]></add>
        </operation>

        <!-- merge additional options with standard sended option -->
        <operation>
            <search><![CDATA[if (isset($this->request->post['recurring_id'])) {]]></search>
            <add position="before"><![CDATA[

            if(count($default_options) > 0)
            {
                $filtered_default_options   = array_filter($default_options);
                $new_option                 = array_merge($option, $filtered_default_options);
                //$option                   = array_filter($new_option);
                $option                     = $default_options;
            }

            ]]></add>
        </operation>

        <!--
        <operation>
            <search><![CDATA[$json['success'] = sprintf($this->language->get('text_success'), $this->url->link('product/product', 'product_id=' . $this->request->post['product_id']), $product_info['name'], $this->url->link('checkout/cart'));]]></search>
            <add position="replace"><![CDATA[
                $json['success'] = $option;
            ]]></add>
        </operation>
        -->

    </file>

</modification>