<modification>
	<name>Disable Right Click and Copy</name>
    <code>DisableRightClick</code>
	<version>2.0</version>
	<author>opencart2x.ru</author>
    <link>https://opencart2x.ru</link>
    <file path="catalog/view/theme/*/template/common/footer.tpl">
        <operation>
            <search><![CDATA[<footer>]]></search>
            <add position="before"><![CDATA[
<ul class="contextMenu" id="drcc_contextmenu" hidden>
  <li id="drcc_viewcart"><a id="drcc_viewcarta" href="/index.php?route=checkout/cart">Показать корзину</a></li>
  <li id="drcc_homepage"><a id="drcc_homepagea" href="/">На главную</a></li>
</ul>

            ]]></add>
        </operation>
	</file>
	<file path="catalog/view/theme/*/template/common/header.tpl">
        <operation>
            <search><![CDATA[</head>]]></search>
            <add position="before"><![CDATA[
<style type="text/css">
    * {
        -webkit-touch-callout: none;
        /* iOS Safari */
        
        -webkit-user-select: none;
        /* Chrome/Safari/Opera */
        
        -khtml-user-select: none;
        /* Konqueror */
        
        -moz-user-select: none;
        /* Firefox */
        
        -ms-user-select: none;
        /* Internet Explorer/Edge */
        
        user-select: none;
        /* Non-prefixed version, currently */
    }
    a, a:active, a:focus {
    outline: none;
    }

    @import url(https://fonts.googleapis.com/css?family=Source+Sans+Pro:400,600);

    ul.contextMenu {
        list-style: none;
        margin: 0;
        padding: 0;
        font: 600 12px 'Source Sans Pro', sans-serif;
        position: absolute;
        color: #333;
        /*box-shadow: 0 12px 15px 0 rgba(0, 0, 0, 0.2);*/
    }
    ul.contextMenu * {
        transition: color .4s, background .4s;
        z-index: 9999;
        position:relative
    }
    ul.contextMenu li {
        min-width: 150px;
        overflow: hidden;
        white-space: nowrap;
        /*padding: 12px 15px;*/
        background-color: #fff;
        border-bottom: 1px solid #d2dde5;
        border-left: 1px solid #50b0f7;
        border-right: 1px solid #50b0f7;
    }
    ul.contextMenu li a {
        color: #333;
        text-decoration: none;
        width: 100%;
        height: 100%;
        display: block;
        margin: 0px;
        padding: 12px 15px;
    }
    ul.contextMenu li:hover a {
        color: white;
    }
    ul.contextMenu li:hover {
        background-color: #289cf2;
    }
    ul.contextMenu li:first-child {
        border-radius: 5px 5px 0 0;
        border-top: 1px solid #289cf2;
    }
    ul.contextMenu li:last-child {
        /*background: #ecf0f1;*/
        border-bottom: 1px solid #289cf2;
        border-radius: 0 0 5px 5px
    }
    ul.contextMenu li:last-child a {
        width: 26%;
    }
    ul.contextMenu li:last-child:hover a {
        color: #dbdbdb
    }
    ul.contextMenu li:last-child:hover a:hover {
        color: white;
    }
    ul.contextMenu i {
        padding-right: 5px;
    }
</style>
<script type="text/javascript">
    $(document).bind("contextmenu", function(event) {
    event.preventDefault();
    $("ul.contextMenu")
        .show()
        .css({top: event.pageY - 10, left: event.pageX - 10});
    });
    $(document).click(function() {
        isHovered = $("ul.contextMenu").is(":hover");
        if (isHovered == false){
            $("ul.contextMenu").fadeOut("fast");
        }
    });
    $(document).bind('copy',function(e) {
    e.preventDefault(); return false; 
    });
    $(document).on('mouseover', 'a', function(e) {
    if ($(e.target).attr("id") !== "drcc_viewcarta" && $(e.target).attr("id") !== "drcc_homepagea") {
    if($("#drcc_opentab").length == 0) {
        $('<li id="drcc_opentab"><a id="drcc_tablink" href="#" target="_blank">В новой вкладке</a></li>').insertBefore("#drcc_viewcart");
    }
    $("#drcc_tablink").attr("href", $(e.target).attr('href'))
    };
    }).on('mouseleave', 'a', function(e) {
        if (!$("#drcc_opentab").length == 0 && $("#drcc_contextmenu").attr('visibilty')) {
            $("#drcc_opentab").remove();
        } else {
        function pollVisibility() {
            if (!$("#drcc_opentab").is(":visible")) {
                $("#drcc_opentab").remove();
            } else {
                setTimeout(pollVisibility, 200);
            }
        }
        pollVisibility();
        }
    });
</script>
            ]]></add>
        </operation>
	</file>

</modification>