<?xml version="1.0" encoding="utf-8"?>
<modification>
	<name>CTRL + Enter</name>
	<code>ctrl-enter</code>
    <version>2.0</version>
    <author>opencart2x.ru</author>
    <link>https://opencart2x.ru</link>
    <file path="catalog/view/theme/*/template/common/header.tpl">
        <operation>
            <search>
				<![CDATA[
					</head>
				]]>
			</search>
            <add position="before"><![CDATA[
				<script src="catalog/view/javascript/jquery/magnific/jquery.magnific-popup.min.js" type="text/javascript"></script>
				<link href="catalog/view/javascript/jquery/magnific/magnific-popup.css" rel="stylesheet" media="screen" />
				<script src="catalog/view/javascript/mistake.js" type="text/javascript"></script>
				<link href="catalog/view/theme/default/stylesheet/mistake.css" rel="stylesheet">
            ]]></add>
        </operation>
    </file>
    <file path="catalog/view/theme/*/template/common/footer.tpl">
        <operation>
            <search>
				<![CDATA[
					</body>
				]]>
			</search>
            <add position="before"><![CDATA[
					<div id="mistake" class="mfp-hide mistake_popup">
						<header class="magnific_heading">
							<h3><?php echo $mistake_title; ?></h3>
						</header>
						<form id="mistake_form" class="request-form" action="send_mistake.php">
							<fieldset>
								<div style="display:none">
									<input id="mistake_admin_email" type="text" name="admin_email" value="<?php echo $mistake_admin_email; ?>">
								</div>			
								<div style="display:none">
									<input id="mistake_link" type="text" name="mistake_link" value="<?php echo 'http://'.$_SERVER['HTTP_HOST'].$_SERVER['REQUEST_URI']; ?>">
								</div>									
								<div style="display:none">
									<input id="mistake_text" type="text" name="mistake_text">
								</div>
								<p id="mistake_text_show"></p>
								<div class="magnific_form_row">
									<input id="mistake_comment" class="form-control" type="text" name="mistake_comment" placeholder="<?php echo $mistake_comment; ?>">
								</div>
								<div class="magnific_form_row magnific_form_submit">
									<input type="submit" value="<?php echo $mistake_send; ?>" class="btn btn-primary">
								</div>
							</fieldset>
						</form>
					</div>
					<div class="mistake_popup-holder">
						<div class="mistake_success_popup">
							<div class="magnific_form_row">
								<p><?php echo $mistake_success; ?></p>
							</div>
						</div>
					</div>
					<script>
						$(document).ready(function() {
							document.onkeypress = getText;
						});
					</script>
            ]]></add>
        </operation>
        <operation>
            <search>
				<![CDATA[
					<p><?php echo $powered; ?></p>
				]]>
			</search>
            <add position="before"><![CDATA[
					<p><?php echo $mistake_main_text; ?></p>
					<hr />
            ]]></add>
        </operation>		
    </file>	
    <file path="catalog/controller/common/footer.php">
        <operation>
            <search>
				<![CDATA[
					$this->load->model('catalog/information');
				]]>
			</search>
            <add position="before"><![CDATA[
				// Mistake
				$this->load->model('setting/setting');			
				$data['mistake_admin_email'] = $this->config->get('config_email');				
				
				$this->load->language('module/mistake');
				$data['mistake_send'] = $this->language->get('mistake_send');
				$data['mistake_comment'] = $this->language->get('mistake_comment');
				$data['mistake_title'] = $this->language->get('mistake_title');
				$data['mistake_success'] = $this->language->get('mistake_success');
				$data['mistake_main_text'] = $this->language->get('mistake_main_text');
				// Mistake End
            ]]></add>
        </operation>
    </file>			
</modification>
