<?xml version="1.0" encoding="utf-8"?>
<modification>
    <name>Multilingual Meta Tags</name>
    <code>Multilingual-Meta-Tags</code>
    <version>2.1</version>
    <author>opencart2x.ru</author>
    <link>https://opencart2x.ru</link>
    <file path="catalog/controller/common/home.php">
        <operation>
            <search trim="true" index="0"><![CDATA[public function index() {]]></search>
            <add position="after" trim="false" offset="0"><![CDATA[
			$code = $this->session->data['language'];
			]]></add>
        </operation>
        <operation>
            <search trim="true" index="0"><![CDATA[
			$this->document->setTitle($this->config->get('config_meta_title'));
			]]></search>
            <add position="replace" trim="false" offset="0"><![CDATA[
			$meta_title = $this->config->get('tltmultilang_meta_title_' . $code);
			$this->document->setTitle($meta_title);
			]]></add>
        </operation>
        <operation>
            <search trim="true" index="0"><![CDATA[
			$this->document->setDescription($this->config->get('config_meta_description'));
			]]></search>
            <add position="replace" trim="false" offset="0"><![CDATA[
			$meta_description = $this->config->get('tltmultilang_meta_description_' . $code);
			$this->document->setDescription($meta_description);
			]]></add>
        </operation>
        <operation>
            <search trim="true" index="0"><![CDATA[
			$this->document->setKeywords($this->config->get('config_meta_keyword'));
			]]></search>
            <add position="replace" trim="false" offset="0"><![CDATA[
			$this->document->setKeywords($this->config->get('tltmultilang_meta_keyword_' . $code));

			if (property_exists('Document', 'tlt_metatags')) {
				$image = $this->config->get('tltmultilang_image');
					
				if (is_file(DIR_IMAGE . $image)) {
					if ($this->request->server['HTTPS']) {
						$image_tw = $image_fb = $this->config->get('config_ssl') . 'image/' . $image;
					} else {
						$image_tw = $image_fb = $this->config->get('config_url') . 'image/' . $image;
					} 
				} else {
					$image_tw = $image_fb = '';
				}
					
				if ($this->config->get('tltmultilang_twitter_status')) {
					if ($this->config->get('tltmultilang_twitter_card')) {
						$this->document->addTLTMetaTag('twitter:card', 'summary_large_image');
					} else {
						$this->document->addTLTMetaTag('twitter:card', 'summary');
					}
						
					$this->document->addTLTMetaTag('twitter:site', $this->config->get('tltmultilang_twitter_name'));	
					$this->document->addTLTMetaTag('twitter:title', $meta_title);	
					$this->document->addTLTMetaTag('twitter:text:description', $meta_description);	
						
					if ($image_tw) {
						$this->document->addTLTMetaTag('twitter:image', $image_tw);
						$this->document->addTLTMetaTag('twitter:image:alt', $meta_title);
					}
				}
						
				if ($this->config->get('tltmultilang_facebook_status')) {
					$this->document->addTLTMetaTag('og:type', 'website', 'property');
					$this->document->addTLTMetaTag('og:site_name', $this->config->get('tltmultilang_facebook_name'), 'property');
						
					if ($this->request->server['HTTPS']) {
						$this->document->addTLTMetaTag('og:url', $this->config->get('config_ssl'), 'property');
					} else {
						$this->document->addTLTMetaTag('og:url', $this->config->get('config_url'), 'property');
					} 
						
					$this->document->addTLTMetaTag('og:title', $meta_title, 'property');
					$this->document->addTLTMetaTag('og:description', $meta_description, 'property');
						
					if ($this->config->get('tltmultilang_facebook_appid')) {
						$this->document->addTLTMetaTag('fb:app_id', $this->config->get('tltmultilang_facebook_appid'), 'property');
					}
											
					if ($image_fb) {
						list($image_width, $image_height) = getimagesize(DIR_IMAGE . $image);
						$this->document->addTLTMetaTag('og:image', $image_fb, 'property');
						$this->document->addTLTMetaTag('og:image:width', $image_width, 'property');
						$this->document->addTLTMetaTag('og:image:height', $image_height, 'property');
					}
				}
			} else {
				$this->log->write('TLT Structured Data: Meta tag support is not installed. Read Readme.txt for more info.');
			}				
			]]></add>
        </operation>
	</file>
	<file path="system/library/document.php">
        <operation>
            <search trim="true" index="0"><![CDATA[private $scripts = array();]]></search>
            <add position="after" trim="false" offset="0"><![CDATA[
			private $tlt_metatags = array();
			
			public function addTLTMetaTag($name, $content, $type = 'name') {
				$this->tlt_metatags[$name] = array(
					'type'		=> $type,
					'name'		=> $name,
					'content'	=> $content
				);
			}
			
			public function getTLTMetaTags() {
				return $this->tlt_metatags;
			}
			]]></add>
        </operation>
    </file>  
    <file path="catalog/controller/common/header.php">
        <operation>
            <search trim="true" index="0"><![CDATA[$data['direction'] = $this->language->get('direction');]]></search>
            <add position="after" trim="false" offset="0"><![CDATA[
			$data['tlt_metatags'] = $this->document->getTLTMetaTags();
			]]></add>
        </operation>
    </file>  
    <file path="catalog/view/theme/*/template/common/header.tpl">
        <operation>
            <search trim="true" index="0"><![CDATA[</head>]]></search>
            <add position="before" trim="false" offset="0"><![CDATA[<?php foreach ($tlt_metatags as $metatag) { ?>
			<meta <?php echo $metatag['type']; ?>="<?php echo $metatag['name']; ?>" content="<?php echo $metatag['content']; ?>" />
			<?php } ?>]]></add>
        </operation>
    </file>  
</modification>
