<?xml version="1.0" encoding="UTF-8"?>
<modification>
	<name>Products in Parent Category</name>
	<code>productsinparentcategory</code>
	<version>1.0</version>
	<author>opencart2x.ru</author>
	<link>https://opencart2x.ru</link>

	<file path="catalog/model/catalog/product.php">
		<operation>
			<search><![CDATA[
			$sql .= " AND p2c.category_id = '" . (int)$data['filter_category_id'] . "'";
			]]></search>
			<add position="replace"><![CDATA[
			$cat_sql = "SELECT `category_id` FROM `" . DB_PREFIX . "category_path` WHERE `path_id` = '" . (int)$data['filter_category_id'] . "'";
			$cat_query = $this->db->query($cat_sql);
			if ($cat_query->num_rows) {
				$sql .= " AND (p2c.category_id = '" . (int)$data['filter_category_id'] . "'";
				foreach($cat_query->rows as $cat) {
					$sql .= " OR p2c.category_id = '" . (int)$cat['category_id'] . "'";
				}
				$sql .= ")";
			}
			else {
				$sql .= " AND p2c.category_id = '" . (int)$data['filter_category_id'] . "'";
			}
			]]></add>
		</operation>
	</file>
	<file path="catalog/controller/module/category.php">
		<operation>
			<search><![CDATA[
			$total += $product_total;
			]]></search>
			<add position="replace"><![CDATA[
			//$total += $product_total;
			]]></add>
		</operation>
	</file>
</modification>