<?xml version="1.0" encoding="utf-8"?>
<modification>
  <name>Новая Почта c калькулятором + отделения</name>
  <code>novaposhta-2.0</code>
  <version>2.0</version>
  <author>opencart2x</author>
  <link>http://opencart2x.ru</link>
	
	<file path="catalog/model/tool/simpleapimain.php">
		<operation>
			<search><![CDATA[
			'id'   => $result['city_id'],
			]]></search>
			<add position="replace"><![CDATA[
			'id'   => $result['name'],
			]]></add>
		</operation>
	</file>

	<file path="admin/controller/common/menu.php">
	  <operation>
		<search><![CDATA[
		$data['text_country'] = $this->language->get('text_country');
		]]></search>
		<add position="after"><![CDATA[        $data['text_city'] = $this->language->get('text_city');]]></add>
	  </operation>
	  <operation>
		<search><![CDATA[
		$data['country'] = $this->url->link('localisation/country', 'token=' . $this->session->data['token'], 'SSL');
		]]></search>
		<add position="after"><![CDATA[		$data['city'] = $this->url->link('localisation/city', 'token=' . $this->session->data['token'], 'SSL');]]></add>
	  </operation>
	</file>

	<file path="admin/view/template/common/menu.tpl">
	  <operation>
		<search><![CDATA[
		  <li><a href="<?php echo $zone; ?>"><?php echo $text_zone; ?></a></li>
		]]></search>
		<add position="after"><![CDATA[          <li><a href="<?php echo $city; ?>"><?php echo $text_city; ?></a></li>]]></add>
	  </operation>
	</file>
	
	<file path="admin/controller/sale/customer.php">
		<operation>
			<search><![CDATA[
	public function country() {
			]]></search>
			<add position="before"><![CDATA[
	public function zone() {
		$json = array();

		$this->load->model('localisation/zone');

		$zone_info = $this->model_localisation_zone->getZone($this->request->get['zone_id']);

		if ($zone_info) {
			$this->load->model('localisation/city');

			$json = array(
				'zone_id'   => $zone_info['zone_id'],
				'name'      => $zone_info['name'],
				'city'      => $this->model_localisation_city->getCitiesByZoneId($this->request->get['zone_id']),
				'status'    => $zone_info['status']
			);
		}

		$this->response->addHeader('Content-Type: application/json');
		$this->response->setOutput(json_encode($json));
	}
			]]></add>
		</operation>
	</file>

	<file path="admin/view/template/sale/customer_form.tpl">

		<operation>
			<search><![CDATA[
						<label class="col-sm-2 control-label" for="input-city<?php echo $address_row; ?>"><?php echo $entry_city; ?></label>
			]]></search>
			<add position="replace" offset="9"><![CDATA[
						<label class="col-sm-2 control-label" for="input-postcode<?php echo $address_row; ?>"><?php echo $entry_postcode; ?></label>
			]]></add>
		</operation>

		<operation>
			<search><![CDATA[
						  <select name="address[<?php echo $address_row; ?>][zone_id]" id="input-zone<?php echo $address_row; ?>" class="form-control">
			]]></search>
			<add position="replace"><![CDATA[
						  <select name="address[<?php echo $address_row; ?>][zone_id]" id="input-zone<?php echo $address_row; ?>" class="form-control" onchange="zone(this, '<?php echo $address_row; ?>', '<?php echo $address['city']; ?>');">
			]]></add>
		</operation>

		<operation>
			<search><![CDATA[
				<div class="text-danger"><?php echo $error_address[$address_row]['zone']; ?></div>
			]]></search>
			<add position="after" offset="3"><![CDATA[
					  <div class="form-group required">
						<label class="col-sm-2 control-label" for="input-city<?php echo $address_row; ?>"><?php echo $entry_city; ?></label>
						<div class="col-sm-10">
						  <select name="address[<?php echo $address_row; ?>][city]" id="input-city<?php echo $address_row; ?>" class="form-control"></select>
						  <?php if (isset($error_address_city[$address_row])) { ?>
						  <span class="error"><?php echo $error_address_city[$address_row]; ?></span>
						  <?php } ?>
						</div>
					  </div>
			]]></add>
		</operation>

		<operation>
			<search><![CDATA[
				$('select[name=\'address[' + index + '][zone_id]\']').html(html);
			]]></search>
			<add position="after"><![CDATA[
				$('select[name=\'address[' + index + '][city]\']').html('<option value=""><?php echo $text_select; ?></option>');
				$('select[name=\'address[' + index + '][zone_id]\']').trigger('change');
			]]></add>
		</operation>

		<operation>
			<search><![CDATA[
$('select[name$=\'[country_id]\']').trigger('change');
			]]></search>
			<add position="after" offset="1"><![CDATA[
<script type="text/javascript"><!--
function zone(element, index, city) {
  if (element.value != '') {
		$.ajax({
			url: 'index.php?route=sale/customer/zone&token=<?php echo $token; ?>&zone_id=' + element.value,
			dataType: 'json',
			beforeSend: function() {
				$('select[name=\'address[' + index + '][zone_id]\']').after(' <i class="fa fa-circle-o-notch fa-spin"></i>');
			},
			complete: function() {
				$('.fa-spin').remove();
			},
			success: function(json) {
				html = '<option value=""><?php echo $text_select; ?></option>';

				if (json['city'] != '') {
					for (i = 0; i < json['city'].length; i++) {
						html += '<option value="' + json['city'][i]['name'] + '"';

						if (json['city'][i]['name'] == city) {
							html += ' selected="selected"';
						}

						html += '>' + json['city'][i]['name'] + '</option>';
					}
				} else {
					html += '<option value="0"><?php echo $text_none; ?></option>';
				}

				$('select[name=\'address[' + index + '][city]\']').html(html);
			},
			error: function(xhr, ajaxOptions, thrownError) {
				alert(thrownError + "\r\n" + xhr.statusText + "\r\n" + xhr.responseText);
			}
		});
	}
}

$('select[name$=\'[zone_id]\']').trigger('change');
//--></script>
			]]></add>
		</operation>

		<operation>
			<search><![CDATA[
	html += '    <label class="col-sm-2 control-label" for="input-city' + address_row + '"><?php echo $entry_city; ?></label>';
			]]></search>
			<add position="replace" offset="5"><![CDATA[
	html += '    <label class="col-sm-2 control-label" for="input-postcode' + address_row + '"><?php echo $entry_postcode; ?></label>';
			]]></add>
		</operation>

		<operation>
			<search><![CDATA[
	html += '    <div class="col-sm-10"><select name="address[' + address_row + '][zone_id]" id="input-zone' + address_row + '" class="form-control"><option value=""><?php echo $text_none; ?></option></select></div>';
			]]></search>
			<add position="after" offset="2"><![CDATA[
	html += '  <div class="form-group required">';
	html += '    <label class="col-sm-2 control-label" for="input-city' + address_row + '"><?php echo $entry_city; ?></label>';
	html += '    <div class="col-sm-10"><select name="address[' + address_row + '][city]" id="input-city' + address_row + '" class="form-control"><option value=""><?php echo $text_none; ?></option></select></div>';
	html += '  </div>';
			]]></add>
		</operation>

		<operation>
			<search><![CDATA[
	html += '    <div class="col-sm-10"><select name="address[' + address_row + '][zone_id]" id="input-zone' + address_row + '" class="form-control"><option value=""><?php echo $text_none; ?></option></select></div>';
			]]></search>
			<add position="replace"><![CDATA[
	html += '    <div class="col-sm-10"><select name="address[' + address_row + '][zone_id]" id="input-zone' + address_row + '" class="form-control" onchange="zone(this, \'' + address_row + '\', \'0\');"><option value=""><?php echo $text_none; ?></option></select></div>';
			]]></add>
		</operation>
	</file>
	
	<file path="admin/controller/marketing/affiliate.php">
		<operation>
			<search><![CDATA[
	public function transaction() {
			]]></search>
			<add position="before"><![CDATA[
	public function zone() {
		$json = array();

		$this->load->model('localisation/zone');

		$zone_info = $this->model_localisation_zone->getZone($this->request->get['zone_id']);

		if ($zone_info) {
			$this->load->model('localisation/city');

			$json = array(
				'zone_id'   => $zone_info['zone_id'],
				'name'      => $zone_info['name'],
				'city'      => $this->model_localisation_city->getCitiesByZoneId($this->request->get['zone_id']),
				'status'    => $zone_info['status']
			);
		}

		$this->response->addHeader('Content-Type: application/json');
		$this->response->setOutput(json_encode($json));
	}
			]]></add>
		</operation>
	</file>

	<file path="admin/view/template/marketing/affiliate_form.tpl">
		<operation>
			<search><![CDATA[
				  <input type="text" name="address_2" value="<?php echo $address_2; ?>" placeholder="<?php echo $entry_address_2; ?>" id="input-address-2" class="form-control" />
			]]></search>
			<add position="replace" offset="9"><![CDATA[
				  <input type="text" name="address_2" value="<?php echo $address_2; ?>" placeholder="<?php echo $entry_address_2; ?>" id="input-address-2" class="form-control" />
			</tr>
			  </tr>
			]]></add>
		</operation>

		<operation>
			<search><![CDATA[
				  <div class="text-danger"><?php echo $error_zone; ?></div>
			]]></search>
			<add position="after" offset="3"><![CDATA[
			  <div class="form-group required">
				<label class="col-sm-2 control-label" for="input-city"><?php echo $entry_city; ?></label>
				<div class="col-sm-10">
				  <select name="city" id="input-city" class="form-control">
				  </select>
				  <?php if ($error_city) { ?>
				  <div class="text-danger"><?php echo $error_city; ?></div>
				  <?php } ?>
				</div>
			  </div>
			]]></add>
		</operation>

		<operation>
			<search><![CDATA[
			$('select[name=\'zone_id\']').html(html);
			]]></search>
			<add position="after"><![CDATA[
			$('select[name=\'city\']').html('<option value=""><?php echo $text_select; ?></option>');
			$('select[name=\'zone_id\']').trigger('change');
			]]></add>
		</operation>

		<operation>
			<search><![CDATA[
$('select[name=\'country_id\']').trigger('change');
			]]></search>
			<add position="after" offset="1"><![CDATA[
<script type="text/javascript"><!--
$('select[name=\'zone_id\']').on('change', function() {
	$.ajax({
		url: 'index.php?route=sale/affiliate/zone&token=<?php echo $token; ?>&zone_id=' + this.value,
		dataType: 'json',
		beforeSend: function() {
			$('select[name=\'zone_id\']').after(' <i class="fa fa-circle-o-notch fa-spin"></i>');
		},
		complete: function() {
		   $('.fa-spin').remove();
		},
		success: function(json) {
			html = '<option value=""><?php echo $text_select; ?></option>';

			if (json != '' && json['city'] != '') {
				for (i = 0; i < json['city'].length; i++) {
					html += '<option value="' + json['city'][i]['name'] + '"';

					if (json['city'][i]['name'] == '<?php echo $city; ?>') {
						html += ' selected="selected"';
					}

					html += '>' + json['city'][i]['name'] + '</option>';
				}
			} else {
				html += '<option value="0" selected="selected"><?php echo $text_none; ?></option>';
			}

			$('select[name=\'city\']').html(html);
		},
		error: function(xhr, ajaxOptions, thrownError) {
			alert(thrownError + "\r\n" + xhr.statusText + "\r\n" + xhr.responseText);
		}
	});
});

$('select[name=\'zone_id\']').trigger('change');
//--></script>
			]]></add>
		</operation>
	</file>
	
	<file path="admin/controller/sale/order.php">
		<operation>
			<search><![CDATA[
	public function history() {
			]]></search>
			<add position="before"><![CDATA[
	public function zone() {
		$json = array();

		$this->load->model('localisation/zone');

		$zone_info = $this->model_localisation_zone->getZone($this->request->get['zone_id']);

		if ($zone_info) {
			$this->load->model('localisation/city');

			$json = array(
				'zone_id'   => $zone_info['zone_id'],
				'name'      => $zone_info['name'],
				'city'      => $this->model_localisation_city->getCitiesByZoneId($this->request->get['zone_id']),
				'status'    => $zone_info['status']
			);
		}

		$this->response->addHeader('Content-Type: application/json');
		$this->response->setOutput(json_encode($json));
	}
			]]></add>
		</operation>
	</file>

	<file path="admin/view/template/sale/order_form.tpl">
		<operation>
			<search>
				<![CDATA[<label class="col-sm-2 control-label" for="input-payment-city"><?php echo $entry_city; ?></label>]]>
			</search>
			<add position="replace" offset="5"><![CDATA[]]></add>
		</operation>

		<operation>
			<search>
			<![CDATA[<label class="col-sm-2 control-label" for="input-shipping-city"><?php echo $entry_city; ?></label>]]>
			</search>
			<add position="replace" offset="5"><![CDATA[]]></add>
		</operation>

		<operation>
			<search><![CDATA[
				  <select name="zone_id" id="input-payment-zone" class="form-control">
			]]></search>
			<add position="after" offset="3"><![CDATA[
			  <div class="form-group required">
				<label class="col-sm-2 control-label" for="input-payment-city"><?php echo $entry_city; ?></label>
				<div class="col-sm-10">
				  <select name="city" id="input-payment-city" class="form-control">
				  </select>
				</div>
			  </div>
			]]></add>
		</operation>

		<operation>
			<search><![CDATA[
				  <select name="zone_id" id="input-shipping-zone" class="form-control">
			]]></search>
			<add position="after" offset="3"><![CDATA[
			  <div class="form-group required">
				<label class="col-sm-2 control-label" for="input-shipping-city"><?php echo $entry_city; ?></label>
				<div class="col-sm-10">
				  <select name="city" id="input-shipping-city" class="form-control">
				  </select>
				</div>
			  </div>
			]]></add>
		</operation>

		<operation>
			<search><![CDATA[
			$('#tab-payment select[name=\'zone_id\']').html(html);
			]]></search>
			<add position="after"><![CDATA[
			$('#tab-payment select[name=\'city\']').html('<option value=""><?php echo $text_select; ?></option>');
			$('#tab-payment select[name=\'zone_id\']').trigger('change');
			]]></add>
		</operation>

		<operation>
			<search><![CDATA[
var payment_zone_id = '<?php echo $payment_zone_id; ?>';
			]]></search>
			<add position="before"><![CDATA[
var payment_city = '<?php echo $payment_city; ?>';

$('#tab-payment select[name=\'zone_id\']').on('change', function() {
	$.ajax({
		url: 'index.php?route=sale/order/zone&token=<?php echo $token; ?>&zone_id=' + this.value,
		dataType: 'json',
		beforeSend: function() {
			$('#tab-payment select[name=\'zone_id\']').after('<i class="fa fa-circle-o-notch fa-spin"></i>');
		},
		complete: function() {
			$('#tab-payment .fa-spin').remove();
		},
		success: function(json) {
			html = '<option value=""><?php echo $text_select; ?></option>';

			if (json['city']) {
				for (i = 0; i < json['city'].length; i++) {
					html += '<option value="' + json['city'][i]['name'] + '"';

					if (json['city'][i]['name'] == payment_city) {
						html += ' selected="selected"';
					}

					html += '>' + json['city'][i]['name'] + '</option>';
				}
			} else {
				html += '<option value="0" selected="selected"><?php echo $text_none; ?></option>';
			}

			$('#tab-payment select[name=\'city\']').html(html);
		},
		error: function(xhr, ajaxOptions, thrownError) {
			alert(thrownError + "\r\n" + xhr.statusText + "\r\n" + xhr.responseText);
		}
	});
});

$('#tab-payment select[name=\'zone_id\']').trigger('change');
			]]></add>
		</operation>

		<operation>
			<search><![CDATA[
				$('#tab-payment input[name=\'city\']').val(json['city']);
			]]></search>
			<add position="replace"><![CDATA[]]></add>
		</operation>

		<operation>
			<search><![CDATA[
			payment_zone_id = json['zone_id'];
			]]></search>
			<add position="after"><![CDATA[
			payment_city = json['city'];
			$('#tab-payment select[name=\'zone_id\']').trigger('change');
			]]></add>
		</operation>

		<operation>
			<search><![CDATA[
			$('#tab-shipping select[name=\'zone_id\']').html(html);
			]]></search>
			<add position="after"><![CDATA[
			$('#tab-shipping select[name=\'city\']').html('<option value=""><?php echo $text_select; ?></option>');
			$('#tab-shipping select[name=\'zone_id\']').trigger('change');
			]]></add>
		</operation>

		<operation>
			<search><![CDATA[
var shipping_zone_id = '<?php echo $shipping_zone_id; ?>';
			]]></search>
			<add position="before"><![CDATA[
var shipping_city = '<?php echo $shipping_city; ?>';

$('#tab-shipping select[name=\'zone_id\']').on('change', function() {
	$.ajax({
		url: 'index.php?route=sale/order/zone&token=<?php echo $token; ?>&zone_id=' + this.value,
		dataType: 'json',
		beforeSend: function() {
			$('select[name=\'shipping_address\']').after(' <i class="fa fa-circle-o-notch fa-spin"></i>');
		},
		complete: function() {
			$('#tab-shipping .fa-spin').remove();
		},
		success: function(json) {
			html = '<option value=""><?php echo $text_select; ?></option>';

			if (json != '' && json['city'] != '') {
				for (i = 0; i < json['city'].length; i++) {
					html += '<option value="' + json['city'][i]['name'] + '"';

					if (json['city'][i]['name'] == shipping_city) {
						html += ' selected="selected"';
					}

					html += '>' + json['city'][i]['name'] + '</option>';
				}
			} else {
				html += '<option value="0" selected="selected"><?php echo $text_none; ?></option>';
			}

			$('#tab-shipping select[name=\'city\']').html(html);
		},
		error: function(xhr, ajaxOptions, thrownError) {
			alert(thrownError + "\r\n" + xhr.statusText + "\r\n" + xhr.responseText);
		}
	});
});

$('#tab-shipping select[name=\'zone_id\']').trigger('change');
			]]></add>
		</operation>

		<operation>
			<search><![CDATA[
				$('#tab-shipping input[name=\'city\']').val(json['city']);
			]]></search>
			<add position="replace"><![CDATA[]]></add>
		</operation>

		<operation>
			<search><![CDATA[
			shipping_zone_id = json['zone_id'];
			]]></search>
			<add position="after"><![CDATA[
				shipping_city = json['city'];
				$('#tab-shipping select[name=\'zone_id\']').trigger('change');
			]]></add>
		</operation>
	</file>

	<file path="catalog/controller/account/address.php,catalog/controller/account/register.php,catalog/controller/affiliate/edit.php,catalog/controller/affiliate/register.php">
		<operation>
			<search><![CDATA[
		if (isset($this->request->post['city'])) {
			]]></search>
			<add position="before"><![CDATA[
		$this->load->model('localisation/city');
		$data['cities'] = $this->model_localisation_city->getCities();
			]]></add>
		</operation>
	</file>

	<file path="catalog/controller/account/address.php">

		<operation>
			<search><![CDATA[
	protected function validateDelete() {
			]]></search>
			<add position="before"><![CDATA[
	public function zone() {
		$json = array();

		$this->load->model('localisation/zone');

		$zone_info = $this->model_localisation_zone->getZone($this->request->get['zone_id']);

		if ($zone_info) {
			$this->load->model('localisation/city');

			$json = array(
				'zone_id'   => $zone_info['zone_id'],
				'name'      => $zone_info['name'],
				'city'      => $this->model_localisation_city->getCitiesByZoneId($this->request->get['zone_id']),
				'status'    => $zone_info['status']
			);
		}

		$this->response->addHeader('Content-Type: application/json');
		$this->response->setOutput(json_encode($json));
	}
			]]></add>
		</operation>
	</file>

	<file path="catalog/controller/account/register.php">

		<operation>
			<search><![CDATA[
	public function customfield() {
			]]></search>
			<add position="before"><![CDATA[
	public function zone() {
		$json = array();

		$this->load->model('localisation/zone');

		$zone_info = $this->model_localisation_zone->getZone($this->request->get['zone_id']);

		if ($zone_info) {
			$this->load->model('localisation/city');

			$json = array(
				'zone_id'   => $zone_info['zone_id'],
				'name'      => $zone_info['name'],
				'city'      => $this->model_localisation_city->getCitiesByZoneId($this->request->get['zone_id']),
				'status'    => $zone_info['status']
			);
		}

		$this->response->addHeader('Content-Type: application/json');
		$this->response->setOutput(json_encode($json));
	}
			]]></add>
		</operation>
	</file>

	<file path="catalog/controller/affiliate/edit.php,catalog/controller/affiliate/register.php">

		<operation>
			<search><![CDATA[
	public function country() {
			]]></search>
			<add position="before"><![CDATA[
	public function zone() {
		$json = array();

		$this->load->model('localisation/zone');

		$zone_info = $this->model_localisation_zone->getZone($this->request->get['zone_id']);

		if ($zone_info) {
			$this->load->model('localisation/city');

			$json = array(
				'zone_id'   => $zone_info['zone_id'],
				'name'      => $zone_info['name'],
				'city'      => $this->model_localisation_city->getCitiesByZoneId($this->request->get['zone_id']),
				'status'    => $zone_info['status']
			);
		}

		$this->response->addHeader('Content-Type: application/json');
		$this->response->setOutput(json_encode($json));
	}
			]]></add>
		</operation>
	</file>

	<file path="catalog/view/theme/*/template/account/address_form.tpl,catalog/view/theme/*/template/account/register.tpl,catalog/view/theme/*/template/affiliate/edit.tpl,catalog/view/theme/*/template/affiliate/register.tpl">
		<operation>
			<search><![CDATA[
			  <label class="col-sm-2 control-label" for="input-city"><?php echo $entry_city; ?></label>
			]]></search>
			<add position="replace" offset="9"><![CDATA[
			  <label class="col-sm-2 control-label" for="input-postcode"><?php echo $entry_postcode; ?></label>
			]]></add>
		</operation>

		<operation>
			<search><![CDATA[
			  <div class="text-danger"><?php echo $error_zone; ?></div>
			]]></search>
			<add position="after" offset="3"><![CDATA[
		  <div class="form-group required">
			<label class="col-sm-2 control-label" for="input-city"><?php echo $entry_city; ?></label>
			<div class="col-sm-10">
			  <select name="city" id="input-city" class="form-control">
			  </select>
			  <?php if ($error_city) { ?>
			  <div class="text-danger"><?php echo $error_city; ?></div>
			  <?php } ?>
			</div>
		  </div>
			]]></add>
		</operation>

		<operation>
			<search><![CDATA[
				$('select[name=\'zone_id\']').html(html);
			]]></search>
			<add position="after"><![CDATA[
				$('select[name=\'city\']').html('<option value=""><?php echo $text_select; ?></option>');
				$('select[name=\'zone_id\']').trigger('change');
			]]></add>
		</operation>

		<operation>
			<search><![CDATA[
<?php echo $footer; ?>
			]]></search>
			<add position="before"><![CDATA[
<script type="text/javascript"><!--
$('select[name=\'zone_id\']').on('change', function() {
	if (this.value == '') return;
	$.ajax({
		url: 'index.php?route=account/register/zone&zone_id=' + this.value,
		dataType: 'json',
		beforeSend: function() {
			$('select[name=\'zone_id\']').after(' <i class="fa fa-circle-o-notch fa-spin"></i>');
		},
		complete: function() {
			$('.fa-spin').remove();
		},
		success: function(json) {
			$('.fa-spin').remove();

			html = '<option value=""><?php echo $text_select; ?></option>';

			if (json['city']) {
				for (i = 0; i < json['city'].length; i++) {
					html += '<option value="' + json['city'][i]['name'] + '"';

					if (json['city'][i]['name'] == '<?php echo $city; ?>') {
						html += ' selected="selected"';
					}

					html += '>' + json['city'][i]['name'] + '</option>';
				}
			} else {
				html += '<option value="0" selected="selected"><?php echo $text_none; ?></option>';
			}

			$('select[name=\'city\']').html(html);
		},
		error: function(xhr, ajaxOptions, thrownError) {
			alert(thrownError + "\r\n" + xhr.statusText + "\r\n" + xhr.responseText);
		}
	});
});

$('select[name=\'zone_id\']').trigger('change');
//--></script>
			]]></add>
		</operation>
	</file>
	
	<file path="catalog/controller/checkout/shipping.php">
	  <operation>
		<search><![CDATA[
			$data['entry_postcode'] = $this->language->get('entry_postcode');
		]]></search>
		<add position="replace"><![CDATA[
			$data['entry_city'] = $this->language->get('entry_city');]]>
		</add>
	  </operation>

	  <operation>
		<search><![CDATA[
			if (isset($this->session->data['shipping_address']['postcode'])) {
		]]></search>
		<add position="replace" offset="5"><![CDATA[
			if (isset($this->session->data['shipping_address']['city'])) {
				$data['city'] = $this->session->data['shipping_address']['city'];
			} else {
				$data['city'] = '';
			}]]>
		</add>
	  </operation>

	  <operation>
		<search><![CDATA[
		if ($country_info && $country_info['postcode_required'] && (utf8_strlen(trim($this->request->post['postcode'])) < 2 || utf8_strlen(trim($this->request->post['postcode'])) > 10)) {
		]]></search>
		<add position="replace" offset="2"><![CDATA[
		if (!isset($this->request->post['city']) || $this->request->post['city'] == '') {
			$json['error']['city'] = $this->language->get('error_city');
		}]]>
		</add>
	  </operation>

	  <operation>
		<search><![CDATA[
				'postcode'       => $this->request->post['postcode'],
		]]></search>
		<add position="replace" offset="1"><![CDATA['postcode'       => '',
				'city'           => $this->request->post['city'],]]></add>
	  </operation>

	  <operation>
		<search><![CDATA[
	public function country() {
		]]></search>
		<add position="before"><![CDATA[
	public function zone() {
		$json = array();

		$this->load->model('localisation/zone');

		$zone_info = $this->model_localisation_zone->getZone($this->request->get['zone_id']);

		if ($zone_info) {
			$this->load->model('localisation/city');

			$json = array(
				'zone_id'   => $zone_info['zone_id'],
				'name'      => $zone_info['name'],
				'city'      => $this->model_localisation_city->getCitiesByZoneId($this->request->get['zone_id']),
				'status'    => $zone_info['status']
			);
		}

		$this->response->addHeader('Content-Type: application/json');
		$this->response->setOutput(json_encode($json));
	}
	  ]]></add>
	  </operation>
	</file>

	<file path="catalog/view/theme/*/template/checkout/shipping.tpl">
	  <operation>
		<search><![CDATA[
		  <label class="col-sm-2 control-label" for="input-postcode"><?php echo $entry_postcode; ?></label>
		]]></search>
		<add position="replace"><![CDATA[
		  <label class="col-sm-2 control-label" for="input-city"><?php echo $entry_city; ?></label>]]>
		</add>
	  </operation>

	  <operation>
		<search><![CDATA[
			<input type="text" name="postcode" value="<?php echo $postcode; ?>" placeholder="<?php echo $entry_postcode; ?>" id="input-postcode" class="form-control" />
		]]></search>
		<add position="replace"><![CDATA[
			<select name="city" id="input-city" class="form-control">
			</select>]]>
		</add>
	  </operation>

	  <operation>
		<search><![CDATA[
		data: 'country_id=' + $('select[name=\'country_id\']').val() + '&zone_id=' + $('select[name=\'zone_id\']').val() + '&postcode=' + encodeURIComponent($('input[name=\'postcode\']').val()),
		]]></search>
		<add position="replace"><![CDATA[		data: 'country_id=' + $('select[name=\'country_id\']').val() + '&zone_id=' + $('select[name=\'zone_id\']').val() + '&city=' + $('select[name=\'city\']').val(),]]>
		</add>
	  </operation>

	  <operation>
		<search><![CDATA[
			if (json['postcode_required'] == '1') {
		]]></search>
		<add position="replace" offset="5"><![CDATA[]]></add>
	  </operation>

	  <operation>
		<search><![CDATA[
				if (json['error']['postcode']) {
		]]></search>
		<add position="replace" offset="2"><![CDATA[if (json['error']['city']) {
					$('select[name=\'city\']').after('<div class="text-danger">' + json['error']['city'] + '</div>');
				}]]>
		</add>
	  </operation>

	  <operation>
		<search><![CDATA[
				$('input[name=\'shipping_method\']').on('change', function() {
		]]></search>
		<add position="replace" offset="2"><![CDATA[$('input[name=\'shipping_method\']').iCheck({ checkboxClass: 'icheckbox_flat', radioClass: 'iradio_flat', cursor: true });
				$('div.radio label').click(function() {
					$('#button-shipping').prop('disabled', false);
				});]]>
		</add>
	  </operation>

	  <operation>
		<search><![CDATA[
			$('select[name=\'zone_id\']').html(html);
		]]></search>
		<add position="after"><![CDATA[
			$('select[name=\'city\']').html('<option value=""><?php echo $text_select; ?></option>');
			$('select[name=\'zone_id\']').trigger('change');]]>
		</add>
	  </operation>

	  <operation>
			<search><![CDATA[
$('select[name=\'country_id\']').trigger('change');
			]]></search>
			<add position="after" offset="1"><![CDATA[
<script type="text/javascript"><!--
$('select[name=\'zone_id\']').on('change', function() {
	if (this.value == '') return;
	$.ajax({
		url: 'index.php?route=checkout/shipping/zone&zone_id=' + this.value,
		dataType: 'json',
		beforeSend: function() {
			$('select[name=\'zone_id\']').after(' <i class="fa fa-circle-o-notch fa-spin"></i>');
		},
		complete: function() {
			$('.fa-spin').remove();
		},
		success: function(json) {
			$('.fa-spin').remove();

			html = '<option value=""><?php echo $text_select; ?></option>';

			if (json['city'] != '') {
				for (i = 0; i < json['city'].length; i++) {
					html += '<option value="' + json['city'][i]['name'] + '"';

					if (json['city'][i]['name'] == '<?php echo $city; ?>') {
						html += ' selected="selected"';
					}

					html += '>' + json['city'][i]['name'] + '</option>';
				}
			}

			$('select[name=\'city\']').html(html);
		},
		error: function(xhr, ajaxOptions, thrownError) {
			alert(thrownError + "\r\n" + xhr.statusText + "\r\n" + xhr.responseText);
		}
	});
});

$('select[name=\'zone_id\']').trigger('change');
//--></script>
			]]></add>
		</operation>
	</file>
	
	<file path="catalog/controller/checkout/guest.php">
		<operation>
			<search><![CDATA[
		if (isset($this->session->data['payment_address']['city'])) {
			]]></search>
			<add position="before"><![CDATA[
		$this->load->model('localisation/city');
		$data['cities'] = $this->model_localisation_city->getCities();
			]]></add>
		</operation>
	</file>

	<file path="catalog/controller/checkout/guest_shipping.php">
		<operation>
			<search><![CDATA[
		if (isset($this->session->data['shipping_address']['city'])) {
			]]></search>
			<add position="before"><![CDATA[
		$this->load->model('localisation/city');
		$data['cities'] = $this->model_localisation_city->getCities();
			]]></add>
		</operation>
	</file>

	<file path="catalog/controller/checkout/payment_address.php,catalog/controller/checkout/register.php,catalog/controller/checkout/shipping_address.php">
		<operation>
			<search><![CDATA[
		$this->load->model('localisation/country');
			]]></search>
			<add position="before" index="1"><![CDATA[
		$this->load->model('localisation/city');

		$data['cities'] = $this->model_localisation_city->getCities();
			]]></add>
		</operation>
	</file>

	<file path="catalog/controller/checkout/payment_address.php">
		<operation>
			<search><![CDATA[
		if (isset($this->session->data['payment_address']['zone_id'])) {
			]]></search>
			<add position="before"><![CDATA[
		if (isset($this->session->data['payment_address']['city'])) {
			$data['city'] = $this->session->data['payment_address']['city'];
		} else {
			$data['city'] = '';
		}
		]]></add>
		</operation>

		<operation>
			<search><![CDATA[
			if ((utf8_strlen($this->request->post['city']) < 2) || (utf8_strlen($this->request->post['city']) > 32)) {
			]]></search>
			<add position="replace"><![CDATA[
			if ($this->request->post['city'] == '') {
			]]></add>
		</operation>

		<operation>
			<search><![CDATA[
		$data['cities'] = $this->model_localisation_city->getCities();
			]]></search>
			<add position="after"><![CDATA[
		if (isset($this->session->data['payment_address']['city'])) {
			$data['city'] = $this->session->data['payment_address']['city'];
		} else {
			$data['city'] = '';
		}
			]]></add>
		</operation>
	</file>

	<file path="catalog/controller/checkout/register.php,catalog/controller/checkout/shipping_address.php">
		<operation>
			<search><![CDATA[
		if (isset($this->session->data['shipping_address']['zone_id'])) {
			]]></search>
			<add position="before"><![CDATA[
		if (isset($this->session->data['shipping_address']['city'])) {
			$data['city'] = $this->session->data['shipping_address']['city'];
		} else {
			$data['city'] = '';
		}
			]]></add>
		</operation>

		<operation>
			<search><![CDATA[
			if ((utf8_strlen(trim($this->request->post['city'])) < 2) || (utf8_strlen(trim($this->request->post['city'])) > 128)) {
			]]></search>
			<add position="replace"><![CDATA[
			if ($this->request->post['city'] == '') {
			]]></add>
		</operation>
	</file>

	<file path="catalog/controller/checkout/checkout.php">
		<operation>
			<search><![CDATA[
			public function customfield() {
			]]></search>
			<add position="before"><![CDATA[
	public function zone() {
		$json = array();

		$this->load->model('localisation/zone');

		$zone_info = $this->model_localisation_zone->getZone($this->request->get['zone_id']);

		if ($zone_info) {
			$this->load->model('localisation/city');

			$json = array(
				'zone_id'   => $zone_info['zone_id'],
				'name'      => $zone_info['name'],
				'city'      => $this->model_localisation_city->getCitiesByZoneId($this->request->get['zone_id']),
				'status'    => $zone_info['status']
			);
		}

		$this->response->addHeader('Content-Type: application/json');
		$this->response->setOutput(json_encode($json));
	}
			]]></add>
		</operation>
	</file>

	<file path="catalog/view/theme/*/template/checkout/guest.tpl">
		<operation>
			<search><![CDATA[
		<input type="text" name="address_2" value="<?php echo $address_2; ?>" placeholder="<?php echo $entry_address_2; ?>" id="input-payment-address-2" class="form-control" />
			]]></search>
			<add position="replace" offset="4"><![CDATA[
		<input type="text" name="address_2" value="<?php echo $address_2; ?>" placeholder="<?php echo $entry_address_2; ?>" id="input-payment-address-2" class="form-control" />
			]]></add>
		</operation>

		<operation>
			<search><![CDATA[
		<select name="zone_id" id="input-payment-zone" class="form-control">
			]]></search>
			<add position="after" offset="2"><![CDATA[
	  <div class="form-group required">
		<label class="control-label" for="input-payment-city"><?php echo $entry_city; ?></label>
		<select name="city" id="input-payment-city" class="form-control">
		</select>
	  </div>
			]]></add>
		</operation>
	</file>

	<file path="catalog/view/theme/*/template/checkout/guest.tpl,catalog/view/theme/*/template/checkout/payment_address.tpl,catalog/view/theme/*/template/checkout/register.tpl">
		<operation>
			<search><![CDATA[
				$('#collapse-payment-address select[name=\'zone_id\']').html(html);
			]]></search>
			<add position="after"><![CDATA[
				$('#collapse-payment-address select[name=\'city\']').html('<option value=""><?php echo $text_select; ?></option>');
				$('#collapse-payment-address select[name=\'zone_id\']').trigger('change');
			]]></add>
		</operation>

		<operation>
			<search><![CDATA[
$('#collapse-payment-address select[name=\'country_id\']').trigger('change');
			]]></search>
			<add position="after" offset="1"><![CDATA[
<script type="text/javascript"><!--
$('#collapse-payment-address select[name=\'zone_id\']').on('change', function() {
	if (this.value == '') return;
	$.ajax({
		url: 'index.php?route=checkout/checkout/zone&zone_id=' + this.value,
		dataType: 'json',
		beforeSend: function() {
			$('#collapse-payment-address select[name=\'zone_id\']').after(' <i class="fa fa-circle-o-notch fa-spin"></i>');
		},
		complete: function() {
			$('.fa-spin').remove();
		},
		success: function(json) {
			$('.fa-spin').remove();

			html = '<option value=""><?php echo $text_select; ?></option>';

			if (json['city'] != '') {
				for (i = 0; i < json['city'].length; i++) {
					html += '<option value="' + json['city'][i]['name'] + '"';

					if (json['city'][i]['name'] == '<?php echo $city; ?>') {
						html += ' selected="selected"';
					}

					html += '>' + json['city'][i]['name'] + '</option>';
				}
			} else {
				html += '<option value="0" selected="selected"><?php echo $text_none; ?></option>';
			}

			$('#collapse-payment-address select[name=\'city\']').html(html);
		},
		error: function(xhr, ajaxOptions, thrownError) {
			alert(thrownError + "\r\n" + xhr.statusText + "\r\n" + xhr.responseText);
		}
	});
});

$('#collapse-payment-address select[name=\'zone_id\']').trigger('change');
//--></script>
			]]></add>
		</operation>
	</file>

	<file path="catalog/view/theme/*/template/checkout/guest_shipping.tpl">
		<operation>
			<search><![CDATA[
	  <input type="text" name="address_2" value="<?php echo $address_2; ?>" placeholder="<?php echo $entry_address_2; ?>" id="input-shipping-address-2" class="form-control" />
			]]></search>
			<add position="replace" offset="6"><![CDATA[
	  <input type="text" name="address_2" value="<?php echo $address_2; ?>" placeholder="<?php echo $entry_address_2; ?>" id="input-shipping-address-2" class="form-control" />
			]]></add>
		</operation>

		<operation>
			<search><![CDATA[
	  <select name="zone_id" id="input-shipping-zone" class="form-control">
			]]></search>
			<add position="after" offset="3"><![CDATA[
  <div class="form-group required">
	<label class="col-sm-2 control-label" for="input-shipping-city"><?php echo $entry_city; ?></label>
	<div class="col-sm-10">
	  <select name="city" id="input-shipping-city" class="form-control">
	  </select>
	</div>
  </div>
			]]></add>
		</operation>
	</file>

	<file path="catalog/view/theme/*/template/checkout/guest_shipping.tpl,catalog/view/theme/*/template/checkout/shipping_address.tpl">
		<operation>
			<search><![CDATA[
				$('#collapse-shipping-address select[name=\'zone_id\']').html(html);
			]]></search>
			<add position="after"><![CDATA[
				$('#collapse-shipping-address select[name=\'city\']').html('<option value=""><?php echo $text_select; ?></option>');
				$('#collapse-shipping-address select[name=\'zone_id\']').trigger('change');
			]]></add>
		</operation>

		<operation>
			<search><![CDATA[
$('#collapse-shipping-address select[name=\'country_id\']').trigger('change');
			]]></search>
			<add position="after" offset="1"><![CDATA[
<script type="text/javascript"><!--
$('#collapse-shipping-address select[name=\'zone_id\']').on('change', function() {
	if (this.value == '') return;
	$.ajax({
		url: 'index.php?route=checkout/checkout/zone&zone_id=' + this.value,
		dataType: 'json',
		beforeSend: function() {
			$('#collapse-shipping-address select[name=\'zone_id\']').after(' <i class="fa fa-circle-o-notch fa-spin"></i>');
		},
		complete: function() {
			$('.fa-spin').remove();
		},
		success: function(json) {
			$('.fa-spin').remove();

			html = '<option value=""><?php echo $text_select; ?></option>';

			if (json['city'] != '') {
				for (i = 0; i < json['city'].length; i++) {
					html += '<option value="' + json['city'][i]['name'] + '"';

					if (json['city'][i]['name'] == '<?php echo $city; ?>') {
						html += ' selected="selected"';
					}

					html += '>' + json['city'][i]['name'] + '</option>';
				}
			} else {
				html += '<option value="0" selected="selected"><?php echo $text_none; ?></option>';
			}

			$('#collapse-shipping-address select[name=\'city\']').html(html);
		},
		error: function(xhr, ajaxOptions, thrownError) {
			alert(thrownError + "\r\n" + xhr.statusText + "\r\n" + xhr.responseText);
		}
	});
});

$('#collapse-shipping-address select[name=\'zone_id\']').trigger('change');
//--></script>
			]]></add>
		</operation>
	</file>

	<file path="catalog/view/theme/*/template/checkout/payment_address.tpl">
		<operation>
			<search><![CDATA[
		<input type="text" name="address_2" value="" placeholder="<?php echo $entry_address_2; ?>" id="input-payment-address-2" class="form-control" />
			]]></search>
			<add position="replace" offset="6"><![CDATA[
		<input type="text" name="address_2" value="" placeholder="<?php echo $entry_address_2; ?>" id="input-payment-address-2" class="form-control" />
			]]></add>
		</operation>

		<operation>
			<search><![CDATA[
		<select name="zone_id" id="input-payment-zone" class="form-control">
			]]></search>
			<add position="after" offset="3"><![CDATA[
	<div class="form-group required">
	  <label class="col-sm-2 control-label" for="input-payment-city"><?php echo $entry_city; ?></label>
	  <div class="col-sm-10">
		<select name="city" id="input-payment-city" class="form-control">
		</select>
	  </div>
	</div>
			]]></add>
		</operation>
	</file>

	<file path="catalog/view/theme/*/template/checkout/register.tpl">
		<operation>
			<search><![CDATA[
		<input type="text" name="address_2" value="" placeholder="<?php echo $entry_address_2; ?>" id="input-payment-address-2" class="form-control" />
			]]></search>
			<add position="replace" offset="4"><![CDATA[
		<input type="text" name="address_2" value="" placeholder="<?php echo $entry_address_2; ?>" id="input-payment-address-2" class="form-control" />
			]]></add>
		</operation>

		<operation>
			<search><![CDATA[
		<select name="zone_id" id="input-payment-zone" class="form-control">
			]]></search>
			<add position="after" offset="2"><![CDATA[
	  <div class="form-group required">
		<label class="control-label" for="input-payment-city"><?php echo $entry_city; ?></label>
		<select name="city" id="input-payment-city" class="form-control">
		</select>
	  </div>
			]]></add>
		</operation>
	</file>

	<file path="catalog/controller/api/payment.php,catalog/controller/api/shipping.php">
		<operation>
			<search><![CDATA[
		if ((utf8_strlen($this->request->post['city']) < 2) || (utf8_strlen($this->request->post['city']) > 32)) {
			]]></search>
			<add position="replace"><![CDATA[
		if ((utf8_strlen($this->request->post['city']) < 2) || (utf8_strlen($this->request->post['city']) > 128)) {
			]]></add>
		</operation>
	</file>
	<file path="catalog/language/russian/checkout/shipping.php">
	  <operation>
		<search><![CDATA[$_['entry_postcode']       = 'Почтовый индекс';]]></search>
		<add position="after"><![CDATA[$_['entry_city']       = 'Отделение Новой почты';]]></add>
	  </operation>
	
	  <operation>
		<search><![CDATA[$_['error_postcode']       = 'Почтовый индекс должен быть от 2 до 10 символов!';]]></search>
		<add position="after"><![CDATA[$_['error_city']       = 'Пожалуйста, выберите отделение!';]]></add>
	  </operation>
	
	  <operation>
		<search><![CDATA[$_['entry_zone']           = 'Регион / область';]]></search>
		<add position="replace"><![CDATA[$_['entry_zone']           = 'Город';]]></add>
	  </operation>
	
	  <operation>
		<search><![CDATA[$_['error_zone']           = 'Пожалуйста, выберите регион / область!';]]></search>
		<add position="after"><![CDATA[$_['error_zone']           = 'Пожалуйста, выберите город!';]]></add>
	  </operation>
	</file>

	<file path="catalog/language/russian/account/address.php,catalog/language/russian/account/register.php">
	  <operation>
		<search><![CDATA[$_['entry_city']           = 'Город';]]></search>
		<add position="replace"><![CDATA[$_['entry_city']           = 'Отделение Новой почты';]]></add>
	  </operation>
	  
	  <operation>
		<search><![CDATA[$_['error_city']           = 'Город должен быть от 2 до 128 символов!';]]></search>
		<add position="replace"><![CDATA[$_['error_city']           = 'Отделение должно быть от 2 до 128 символов!';]]></add>
	  </operation>
	  
	  <operation>
		<search><![CDATA[$_['entry_zone']           = 'Регион / область';]]></search>
		<add position="replace"><![CDATA[$_['entry_zone']           = 'Город';]]></add>
	  </operation>
	  
	  <operation>
		<search><![CDATA[$_['error_zone']           = 'Пожалуйста, выберите регион / область!';]]></search>
		<add position="replace"><![CDATA[$_['error_zone']           = 'Пожалуйста, выберите город!';]]></add>
	  </operation>
	  
	  <operation>
		<search><![CDATA[$_['entry_country']        = 'Страна';]]></search>
		<add position="replace"><![CDATA[$_['entry_country']        = 'Область';]]></add>
	  </operation>
	  
	  <operation>
		<search><![CDATA[$_['error_country']        = 'Пожалуйста, выберите страну!';]]></search>
		<add position="replace"><![CDATA[$_['error_country']        = 'Пожалуйста, выберите область!';]]></add>
	  </operation>
	</file>

	<file path="catalog/language/russian/affiliate/edit.php">
	  <operation>
		<search><![CDATA[$_['entry_city']        = 'Город';]]></search>
		<add position="replace"><![CDATA[$_['entry_city']           = 'Отделение Новой почты';]]></add>
	  </operation>
	  
	  <operation>
		<search><![CDATA[$_['error_city']        = 'Город должен быть от 2 до 128 символов!';]]></search>
		<add position="replace"><![CDATA[$_['error_city']           = 'Отделение должно быть от 2 до 128 символов!';]]></add>
	  </operation>
	  
	  <operation>
		<search><![CDATA[$_['entry_zone']        = 'Регион / область';]]></search>
		<add position="replace"><![CDATA[$_['entry_zone']           = 'Город';]]></add>
	  </operation>
	  
	  <operation>
		<search><![CDATA[$_['error_zone']        = 'Пожалуйста, выберите регион / область!';]]></search>
		<add position="replace"><![CDATA[$_['error_zone']           = 'Пожалуйста, выберите город!';]]></add>
	  </operation>
	  
	  <operation>
		<search><![CDATA[$_['entry_country']     = 'Страна';]]></search>
		<add position="replace"><![CDATA[$_['entry_country']     = 'Область';]]></add>
	  </operation>
	  
	  <operation>
		<search><![CDATA[$_['error_country']     = 'Пожалуйста, выберите страну!';]]></search>
		<add position="replace"><![CDATA[$_['error_country']     = 'Пожалуйста, выберите область!';]]></add>
	  </operation>
	</file>

	<file path="catalog/language/russian/affiliate/register.php">
	  <operation>
		<search><![CDATA[$_['entry_city']                = 'Город';]]></search>
		<add position="replace"><![CDATA[$_['entry_city']           = 'Отделение Новой почты';]]></add>
	  </operation>
	  
	  <operation>
		<search><![CDATA[$_['error_city']                = 'Название города должно содержать от 2 до 128 символов!';]]></search>
		<add position="replace"><![CDATA[$_['error_city']           = 'Отделение должно быть от 2 до 128 символов!';]]></add>
	  </operation>
	  
	  <operation>
		<search><![CDATA[$_['entry_zone']                = 'Регион / область';]]></search>
		<add position="replace"><![CDATA[$_['entry_zone']                = 'Город';]]></add>
	  </operation>
	  
	  <operation>
		<search><![CDATA[$_['error_zone']                = 'Пожалуйста, выберите регион / область!';]]></search>
		<add position="replace"><![CDATA[$_['error_zone']                = 'Пожалуйста, выберите город!';]]></add>
	  </operation>
	  
	  <operation>
		<search><![CDATA[$_['entry_country']             = 'Страна';]]></search>
		<add position="replace"><![CDATA[$_['entry_country']             = 'Область';]]></add>
	  </operation>
	  
	  <operation>
		<search><![CDATA[$_['error_country']             = 'Пожалуйста, выберите страну!';]]></search>
		<add position="replace"><![CDATA[$_['error_country']             = 'Пожалуйста, выберите область!';]]></add>
	  </operation>
	</file>

	<file path="catalog/language/russian/checkout/checkout.php">
	  <operation>
		<search><![CDATA[$_['entry_city']                     = 'Город';]]></search>
		<add position="replace"><![CDATA[$_['entry_city']           = 'Отделение Новой почты';]]></add>
	  </operation>
	  
	  <operation>
		<search><![CDATA[$_['error_city']                     = 'Город 1 должен быть от 2 до 128 символов!';]]></search>
		<add position="replace"><![CDATA[$_['error_city']           = 'Отделение должно быть от 2 до 128 символов!';]]></add>
	  </operation>
	  
	  <operation>
		<search><![CDATA[$_['entry_zone']                     = 'Регион / область';]]></search>
		<add position="replace"><![CDATA[$_['entry_zone']                     = 'Город';]]></add>
	  </operation>
	  
	  <operation>
		<search><![CDATA[$_['error_zone']                     = 'Пожалуйста, укажите регион / область!';]]></search>
		<add position="replace"><![CDATA[$_['error_zone']                     = 'Пожалуйста, укажите город!';]]></add>
	  </operation>
	  
	  <operation>
		<search><![CDATA[$_['entry_country']                  = 'Страна';]]></search>
		<add position="replace"><![CDATA[$_['entry_country']                  = 'Область';]]></add>
	  </operation>
	  
	  <operation>
		<search><![CDATA[$_['error_country']                  = 'Пожалуйста, укажите страну!';]]></search>
		<add position="replace"><![CDATA[$_['error_country']                  = 'Пожалуйста, укажите область!';]]></add>
	  </operation>
	</file>
	
	<file path="admin/language/russian/customer/customer.php">
	  <operation>
		<search><![CDATA[$_['entry_city']            = 'Город';]]></search>
		<add position="replace"><![CDATA[$_['entry_city']            = 'Отделение Новой почты';]]></add>
	  </operation>
	  
	  <operation>
		<search><![CDATA[$_['error_city']            = 'Город должен быть 2 до 128 символов!';]]></search>
		<add position="replace"><![CDATA[$_['error_city']            = 'Отделение должно быть 2 до 128 символов!';]]></add>
	  </operation>
	  
	  <operation>
		<search><![CDATA[$_['entry_zone']            = 'Регион / Область';]]></search>
		<add position="replace"><![CDATA[$_['entry_zone']            = 'Город';]]></add>
	  </operation>
	  
	  <operation>
		<search><![CDATA[$_['error_zone']            = 'Укажите регион / область!';]]></search>
		<add position="replace"><![CDATA[$_['error_zone']            = 'Укажите город!';]]></add>
	  </operation>
	  
	  <operation>
		<search><![CDATA[$_['entry_country']         = 'Страна';]]></search>
		<add position="replace"><![CDATA[$_['entry_country']         = 'Область';]]></add>
	  </operation>
	  
	  <operation>
		<search><![CDATA[$_['error_country']         = 'Укажите страну!';]]></search>
		<add position="replace"><![CDATA[$_['error_country']         = 'Укажите область!';]]></add>
	  </operation>
	</file>
	
	<file path="admin/language/russian/localisation/country.php">
	  <operation>
		<search><![CDATA[$_['heading_title']           = 'Страны';]]></search>
		<add position="replace"><![CDATA[$_['heading_title']           = 'Области';]]></add>
	  </operation>
	  
	  <operation>
		<search><![CDATA[$_['text_success']            = 'Страны были изменены!';]]></search>
		<add position="replace"><![CDATA[$_['text_success']            = 'Области были изменены!';]]></add>
	  </operation>
	  
	  <operation>
		<search><![CDATA[$_['text_list']               = 'Список стран';]]></search>
		<add position="replace"><![CDATA[$_['text_list']               = 'Список областей';]]></add>
	  </operation>
	  
	  <operation>
		<search><![CDATA[$_['text_add']                = 'Добавить страну';]]></search>
		<add position="replace"><![CDATA[$_['text_add']                = 'Добавить область';]]></add>
	  </operation>
	  
	  <operation>
		<search><![CDATA[$_['text_edit']               = 'Изменить страну';]]></search>
		<add position="replace"><![CDATA[$_['text_edit']               = 'Изменить область';]]></add>
	  </operation>
	  
	  <operation>
		<search><![CDATA[$_['error_permission']        = 'У вас нет прав на изменение страны!';]]></search>
		<add position="replace"><![CDATA[$_['error_permission']        = 'У вас нет прав на изменение области!';]]></add>
	  </operation>
	</file>
	
	
	<file path="admin/language/russian/localisation/geo_zone.php">
	  <operation>
		<search><![CDATA[$_['entry_country']      = 'Страна';]]></search>
		<add position="replace"><![CDATA[$_['entry_country']      = 'Область';]]></add>
	  </operation>
	</file>
	
	
	<file path="admin/language/russian/localisation/zone.php">
	  <operation>
		<search><![CDATA[$_['column_country']         = 'Страна';]]></search>
		<add position="replace"><![CDATA[$_['column_country']         = 'Область';]]></add>
	  </operation>
	  
	  <operation>
		<search><![CDATA[$_['entry_country']          = 'Страна';]]></search>
		<add position="replace"><![CDATA[$_['entry_country']          = 'Область';]]></add>
	  </operation>
	</file>
	

	<file path="admin/language/russian/marketing/affiliate.php">
	  <operation>
		<search><![CDATA[$_['entry_city']                = 'Город';]]></search>
		<add position="replace"><![CDATA[$_['entry_city']                = 'Город';]]></add>
	  </operation>
	  
	  <operation>
		<search><![CDATA[$_['error_city']                = 'Город должен содержать от 2-х до 128-и знаков!';]]></search>
		<add position="replace"><![CDATA[$_['error_city']                = 'Отделение должно содержать от 2-х до 128-и знаков!';]]></add>
	  </operation>
	  
	  <operation>
		<search><![CDATA[$_['entry_zone']                = 'Регион / область';]]></search>
		<add position="replace"><![CDATA[$_['entry_zone']                = 'Город';]]></add>
	  </operation>
	  
	  <operation>
		<search><![CDATA[$_['error_zone']                = 'Пожалуйста, выберите регион / область!';]]></search>
		<add position="replace"><![CDATA[$_['error_zone']                = 'Пожалуйста, выберите город!';]]></add>
	  </operation>
	  
	  <operation>
		<search><![CDATA[$_['entry_country']             = 'Страна';]]></search>
		<add position="replace"><![CDATA[$_['entry_country']             = 'Область';]]></add>
	  </operation>
	  
	  <operation>
		<search><![CDATA[$_['error_country']             = 'Пожалуйста, выберите страну!';]]></search>
		<add position="replace"><![CDATA[$_['error_country']             = 'Пожалуйста, выберите область!';]]></add>
	  </operation>
	</file>
	
	
	<file path="admin/language/russian/sale/customer.php">
	  <operation>
		<search><![CDATA[$_['entry_zone']            = 'Регион / область';]]></search>
		<add position="replace"><![CDATA[$_['entry_zone']            = 'Город';]]></add>
	  </operation>
	  
	  <operation>
		<search><![CDATA[$_['error_zone']            = 'Пожалуйста, выберите регион / область!';]]></search>
		<add position="replace"><![CDATA[$_['error_zone']            = 'Пожалуйста, выберите город!';]]></add>
	  </operation>
	  
	  <operation>
		<search><![CDATA[$_['entry_country']         = 'Страна';]]></search>
		<add position="replace"><![CDATA[$_['entry_country']         = 'Область';]]></add>
	  </operation>
	  
	  <operation>
		<search><![CDATA[$_['error_country']         = 'Пожалуйста, выберите страну!';]]></search>
		<add position="replace"><![CDATA[$_['error_country']         = 'Пожалуйста, выберите область!';]]></add>
	  </operation>
	</file>
	
	
	<file path="admin/language/russian/setting/setting.php">
	  <operation>
		<search><![CDATA[$_['entry_zone']                       = 'Регион / область';]]></search>
		<add position="replace"><![CDATA[$_['entry_zone']                       = 'Город';]]></add>
	  </operation>
	  
	  <operation>
		<search><![CDATA[$_['entry_country']                    = 'Страна';]]></search>
		<add position="replace"><![CDATA[$_['entry_country']                    = 'Область';]]></add>
	  </operation>
	</file>
	
	
	<file path="admin/language/russian/setting/store.php">
	  <operation>
		<search><![CDATA[$_['entry_zone']                       = 'Район / область';]]></search>
		<add position="replace"><![CDATA[$_['entry_zone']                       = 'Город';]]></add>
	  </operation>
	  
	  <operation>
		<search><![CDATA[$_['entry_country']                    = 'Страна';]]></search>
		<add position="replace"><![CDATA[$_['entry_country']                    = 'Область';]]></add>
	  </operation>
	</file>
	
	
	<file path="admin/language/russian/sale/order.php">
	  <operation>
		<search><![CDATA[$_['text_city']                               = 'Город:';]]></search>
		<add position="replace"><![CDATA[$_['text_city']                               = 'Отделение Новой почты:';]]></add>
	  </operation>
	  
	  <operation>
		<search><![CDATA[$_['text_zone']                               = 'Регион / область:';]]></search>
		<add position="replace"><![CDATA[$_['text_zone']                               = 'Город:';]]></add>
	  </operation>
	  
	  <operation>
		<search><![CDATA[$_['text_country']                            = 'Страна:';]]></search>
		<add position="replace"><![CDATA[$_['text_country']                            = 'Область:';]]></add>
	  </operation>
	  
	  <operation>
		<search><![CDATA[$_['text_country_match']                      = 'Совпадение страны:';]]></search>
		<add position="replace"><![CDATA[$_['text_country_match']                      = 'Совпадение области:';]]></add>
	  </operation>
	  
	  <operation>
		<search><![CDATA[$_['text_country_code']                       = 'Код страны:';]]></search>
		<add position="replace"><![CDATA[$_['text_country_code']                       = 'Код области:';]]></add>
	  </operation>
	  
	  <operation>
		<search><![CDATA[$_['entry_country']                           = 'Страна';]]></search>
		<add position="replace"><![CDATA[$_['entry_country']                           = 'Область';]]></add>
	  </operation>
	</file>

	
	
	<file path="admin/language/russian/common/menu.php">
	  <operation>
		<search><![CDATA[$_['text_country']                     = 'Страны';]]></search>
		<add position="replace"><![CDATA[$_['text_country']                     = 'Области';]]></add>
	  </operation>
	  
	  <operation>
		<search><![CDATA[$_['text_zone']                        = 'Зоны';]]></search>
		<add position="replace"><![CDATA[$_['text_zone']                        = 'Города';]]></add>
	  </operation>
	  
	  <operation>
		<search><![CDATA[$_['text_coupon']                      = 'Купоны';]]></search>
		<add position="before"><![CDATA[$_['text_city']                        = 'Отделения новой почты';]]></add>
	  </operation>
	</file>
</modification>