<?xml version="1.0" encoding="utf-8"?>
<modification>
	<name>Custom Footer</name>
	<version>1.0</version>
	<author>opencart2x.ru</author>
	<code>Custom Footer</code>
	<link>https://opencart2x.ru/</link>	
	<file path="catalog/controller/common/footer.php">
		<operation>
			<search><![CDATA[$data['text_newsletter'] = $this->language->get('text_newsletter');]]></search>
			<add position="after"><![CDATA[
		
		$kaafooter = $this->config->get('kaafooter');

		$data['str1'] = $kaafooter['str1'];
		$data['str2'] = $kaafooter['str2'];
		$data['str3'] = $kaafooter['str3'];
		$data['str4'] = $kaafooter['str4'];
		$data['str5'] = $kaafooter['str5'];
		$data['str6'] = $kaafooter['str6'];
		$data['size'] = $kaafooter['size'];
		$data['cards'] = $kaafooter['cards'];
		$data['html'] = $kaafooter['html'];
		$data['html2'] = $kaafooter['html2'];
		$data['html3'] = $kaafooter['html3'];
		$data['html4'] = $kaafooter['html4'];
		$data['mail'] = $kaafooter['mail'];
		$data['phone'] = $kaafooter['phone'];
		$data['skype'] = $kaafooter['skype'];
		$data['open'] = $kaafooter['open'];
		$data['comment'] = $kaafooter['comment'];
		$data['address'] = $kaafooter['address'];
		]]></add>
		</operation>
		<operation>
			<search><![CDATA[$data['powered'] = sprintf($this->language->get('text_powered'), $this->config->get('config_name'), date('Y', time()));]]></search>
			<add position="replace"><![CDATA[
//		$data['powered2'] = sprintf($this->language->get('text_powered2'), $this->config->get('config_name'), date('Y', time()));
		]]></add>
		</operation>
		<operation>
			<search><![CDATA[$data['text_contact'] = $this->language->get('text_contact');]]></search>
			<add position="after"><![CDATA[
		$data['text_contacts'] = $this->language->get('text_contacts');
			]]></add>
		</operation>
	</file>
	<file path="catalog/language/russian/common/footer.php">
		<operation>
			<search><![CDATA[$_['text_contact']]]></search>
			<add position="before"><![CDATA[
$_['text_contacts']      = 'Контакты';
			]]></add>
		</operation>
	</file>
	<file path="catalog/language/english/common/footer.php">
		<operation>
			<search><![CDATA[$_['text_contact']]]></search>
			<add position="before"><![CDATA[
$_['text_contacts']      = 'Contacts';
			]]></add>
		</operation>
	</file>
	<file path="catalog/language/*/common/footer.php">
		<operation>
			<search><![CDATA[$_['text_powered']]]></search>
			<add position="before"><![CDATA[
$_['text_powered2']      = '%s &copy; %s';
			]]></add>
		</operation>
	</file>
	<file path="catalog/view/theme/*/template/common/footer.tpl">
		<operation>
			<search><![CDATA[<div class="row">]]></search>
			<add position="after"><![CDATA[
<div class="col-sm-9">
			]]></add>
		</operation>
		<operation>
			<search><![CDATA[<hr>]]></search>
			<add position="before" offset="1"><![CDATA[
		</div>
      <div class="col-sm-3">
        <h5><?php echo $text_contacts; ?></h5>
          <?php if ($address) { ?><i class="fa fa-map-marker"></i><?php echo $address; ?><br /><?php } ?>
          <?php if ($phone) { ?><i class="fa fa-phone"></i></i><?php echo $phone; ?><br /><?php } ?>
          <?php if ($mail) { ?><i class="fa  fa-envelope"></i><?php echo $mail; ?><br /><?php } ?>		  
          <?php if ($skype) { ?><i class="fa  fa-skype"></i><?php echo $skype; ?><br /><?php } ?>
          <?php if ($open) { ?><i class="fa  fa-clock-o"></i><?php echo $open; ?><br /><?php } ?>
          <?php if ($comment) { ?><i class="fa fa-commenting"></i><?php echo $comment; ?><br /><?php } ?>
      </div>
			]]></add>
		</operation>
		<operation>
			<search><![CDATA[<p><?php echo $powered; ?></p>]]></search>
			<add position="replace"><![CDATA[
<div class="form-group">
<div class="col-sm-4">
<?php echo htmlspecialchars_decode($html); ?>
</div>
<div class="col-sm-4">
<?php echo htmlspecialchars_decode($html3); ?>
</div>
<div class="col-sm-4">
<p><?php echo htmlspecialchars_decode($html4); ?></p>
</div>
</div>
			]]></add>
		</operation>
		<operation>
			<search><![CDATA[<hr>]]></search>
			<add position="replace"><![CDATA[
<div class="form-group">
<div class="col-sm-6">
<?php echo htmlspecialchars_decode($cards); ?>
</div>
<div class="col-sm-6">
<?php if ($str1) { ?><a href="<?php echo $str1; ?>"><i class="fa fa-twitter fa-xx"></i></a><?php } ?>
<?php if ($str2) { ?><a href="<?php echo $str2; ?>"><i class="fa fa-google-plus fa-xx"></i></a><?php } ?>
<?php if ($str3) { ?><a href="<?php echo $str3; ?>"><i class="fa fa-facebook fa-xx"></i></a><?php } ?>
<?php if ($str4) { ?><a href="<?php echo $str4; ?>"><i class="fa fa-instagram fa-xx"></i></a><?php } ?>
<?php if ($str5) { ?><a href="<?php echo $str5; ?>"><i class="fa fa-vk fa-xx"></i></a><?php } ?>
<?php if ($str6) { ?><a href="<?php echo $str6; ?>"><i class="fa fa-odnoklassniki fa-xx"></i></a><?php } ?>
</div>
</div>

<?php if ($html2) { ?>
<hr>
<div class="form-group">
<?php echo htmlspecialchars_decode($html2); ?>
</div>
<br>
<?php } ?>

<hr>
<style>
footer .fa {padding-right: 5px;}
footer hr {clear:both;}
footer .fa-xx {font-size: <?php echo $size; ?>px;}
footer .col-sm-6 {padding:15px 0;}
footer {padding-bottom:15px;}
footer .col-sm-6 + .col-sm-6{text-align:right;}
footer .col-sm-4 + .col-sm-4{text-align:center;}
footer .col-sm-4 + .col-sm-4 + .col-sm-4{text-align:right;}
@media (max-width: 768px) {
footer .col-sm-6, footer .col-sm-6 + .col-sm-6{text-align:center;}
footer .share42init, footer .col-sm-4, footer .col-sm-4 + .col-sm-4, footer .col-sm-4 + .col-sm-4 + .col-sm-4{text-align:center;}
}
</style>
			]]></add>
		</operation>
	</file>

</modification>