<?xml version="1.0" encoding="utf-8"?>
<modification>
    <name>Что нового?</name>
    <version>2.3</version>
    <author>opencart2x.ru</author>
    <link>https://opencart2x.ru</link>
    <code>newsticker</code>
    <file path="admin/controller/common/column_left.php">
        <operation>
            <search><![CDATA[
            if ($this->user->hasPermission('access', 'design/layout')) {
            ]]></search>
            <add position="before"><![CDATA[
            if ($this->user->hasPermission('access', 'design/newsticker')) {
				$design[] = array(
					'name'	   => $this->language->get('text_newsticker'),
					'href'     => $this->url->link('design/newsticker', 'token=' . $this->session->data['token'], true),
					'children' => array()
				);
			}
            ]]></add>
        </operation>
    </file>
    <file path="admin/language/*/common/column_left.php">
        <operation>
            <search><![CDATA[
            $_['text_affiliate']
            ]]></search>
            <add position="before"><![CDATA[
            $_['text_newsticker']='Лента новостей';
            ]]></add>
        </operation>
    </file>
</modification>