<modification>
	<name>Delete Order History</name>
	<code>Delete-Order-History</code>
	<version>2.1</version>
	<author>opencart2x.ru</author>
	<link>https://opencart2x.ru</link>
	<file path="admin/model/sale/order.php">
		<operation>
			<search><![CDATA[oh.date_added,]]></search>
			<add position="replace"><![CDATA[oh.date_added, oh.order_history_id,]]></add>
		</operation>		
	</file>
	
	<file path="admin/controller/sale/order.php">
		<operation>
			<search><![CDATA[$this->response->setOutput($this->load->view('sale/order_info]]></search>
			<add position="before"><![CDATA[
			
			$data['text_delete_history_confirm'] = $this->language->get('text_delete_history_confirm');
			
			]]></add>
		</operation>
		<operation>
			<search><![CDATA[$data['histories'] = array();]]></search>
			<add position="before"><![CDATA[
			
			$data['column_delete_history'] = $this->language->get('column_delete_history');
			$data['text_delete_history'] = $this->language->get('text_delete_history');
			$data['text_loading'] = $this->language->get('text_loading');
			
			]]></add>
		</operation>
		<operation>
			<search><![CDATA[$data['histories'][] = array(]]></search>
			<add position="after"><![CDATA[
			
			'order_history_id' => $result['order_history_id'],
			
			]]></add>
		</operation>
	</file>
	
	<file path="admin/view/template/sale/order_history.tpl">
		<operation error="skip">
			<search><![CDATA[<td class="text-left"><?php echo $column_date_added; ?></td>]]></search>
			<add position="before"><![CDATA[
			
			<td class="text-center"><?php echo $column_delete_history; ?></td>
			
			]]></add>
		</operation>
		<operation error="skip">
			<search><![CDATA[<td class="text-left"><?php echo $history['date_added']; ?></td>]]></search>
			<add position="before"><![CDATA[
			
			<td class="text-center">
				<?php if (count($histories) > 1) { ?>
					<button id="button-history-<?php echo $history['order_history_id']; ?>" data-loading-text="<?php echo $text_loading; ?>" data-toggle="tooltip" title="<?php echo $text_delete_history; ?>" class="btn btn-danger delete-history"><i class="fa fa-trash-o"></i></button>
				<?php } else { ?>
					&mdash;
				<?php } ?>
			</td>
			
			]]></add>
		</operation>
	</file>
	
	<file path="admin/view/template/sale/order_info.tpl">
		<operation error="skip">
			<search><![CDATA[<?php echo $footer; ?>]]></search>
			<add position="before"><![CDATA[
			
			<script type="text/javascript">
			
			$("#history").delegate(".delete-history", "click", function()
			{
				if (confirm('<?php echo $text_delete_history_confirm; ?>')) {
					str = $(this).attr("id");
					values = str.split("-");
					id = values[2];
					
	  				$.ajax({
	  					<?php if (version_compare(VERSION, '2.1', '<')) { ?>
	  						url: 'index.php?route=sale/order/api&token=<?php echo $token; ?>&api=api/order/deletehistory&order_id=<?php echo $order_id; ?>',
	  					<?php } else { ?>
	  						url: '<?php echo $store_url; ?>index.php?route=api/order/deletehistory&token=' + token + '&order_id=<?php echo $order_id; ?>',
	  					<?php } ?>
	  					type: 'post',
	  					dataType: 'json',
	  					data: 'order_history_id=' + id,
						beforeSend: function() {
							$("#" + str).button('loading');
							$(".tooltip").remove();		
						},
						complete: function() {
							$("#" + str).button('reset');
						},
	  					success: function(json) {
							$('.alert').remove();
			
							if (json['error']) {
								$('#history').before('<div class="alert alert-danger"><i class="fa fa-exclamation-circle"></i> ' + json['error'] + ' <button type="button" class="close" data-dismiss="alert">&times;</button></div>');
							} 
		
							if (json['success']) {
								$('#history').load('index.php?route=sale/order/history&token=<?php echo $token; ?>&order_id=<?php echo $order_id; ?>');
				
								$('#history').before('<div class="alert alert-success"><i class="fa fa-check-circle"></i> ' + json['success'] + ' <button type="button" class="close" data-dismiss="alert">&times;</button></div>');
							}
	  					},			
						error: function(xhr, ajaxOptions, thrownError) {
							alert(thrownError + "\r\n" + xhr.statusText + "\r\n" + xhr.responseText);
						}
  					});
				}
			});
			
			</script>
			
			]]></add>
		</operation>
	</file>
		
	<file path="admin/language/*/*.php">
		<operation error="skip">
			<search><![CDATA[<?php]]></search>
			<add position="after"><![CDATA[
			
			$_['column_delete_history'] = "Удалить";
			$_['text_delete_history'] = "Удалить";
			$_['text_delete_history_confirm'] = "Вы действительно хотите удалить эту запись?";
			
			]]></add>
		</operation>
	</file>

	<file path="catalog/model/checkout/order.php">
		<operation>
			<search><![CDATA[class ModelCheckoutOrder extends Model {]]></search>
			<add position="after"><![CDATA[
			
			public function deleteOrderHistory($order_id, $order_history_id)
			{
				$this->db->query("DELETE FROM `".DB_PREFIX."order_history` WHERE order_history_id = ".$order_history_id);
				$query = $this->db->query("SELECT order_status_id, date_added FROM `".DB_PREFIX."order_history` WHERE order_id = ".$order_id." ORDER BY order_history_id DESC LIMIT 1");
				$this->db->query("UPDATE `".DB_PREFIX."order` SET order_status_id = ".$query->row['order_status_id'].", date_modified = '".$this->db->escape($query->row['date_added'])."' WHERE order_id = ".$order_id);
			}
			
			]]></add>
		</operation>
	</file>
	
	<file path="catalog/controller/api/order.php">
		<operation>
			<search><![CDATA[class ControllerApiOrder extends Controller {]]></search>
			<add position="after"><![CDATA[

			public function deleteHistory()
			{
				$this->load->language('api/order');

				$json = array();

				if (!isset($this->session->data['api_id'])) {
					$json['error'] = $this->language->get('error_permission');
				} else {
					$this->load->model('checkout/order');

					if (isset($this->request->get['order_id'])) {
						$order_id = $this->request->get['order_id'];
					} else {
						$order_id = 0;
					}

					$order_info = $this->model_checkout_order->getOrder($order_id);

					if ($order_info) {
						$this->model_checkout_order->deleteOrderHistory($order_id, $this->request->post['order_history_id']);
						$json['success'] = $this->language->get('text_success');
					} else {
						$json['error'] = $this->language->get('error_not_found');
					}
				}
				
				if (isset($this->request->server['HTTP_ORIGIN'])) {
					$this->response->addHeader('Access-Control-Allow-Origin: ' . $this->request->server['HTTP_ORIGIN']);
					$this->response->addHeader('Access-Control-Allow-Methods: GET, PUT, POST, DELETE, OPTIONS');
					$this->response->addHeader('Access-Control-Max-Age: 1000');
					$this->response->addHeader('Access-Control-Allow-Headers: Content-Type, Authorization, X-Requested-With');
				}
				
				$this->response->addHeader('Content-Type: application/json');
				$this->response->setOutput(json_encode($json));
			}
			
			]]></add>
		</operation>
	</file>
			
</modification>