<modification>	
	<name>Breadcrumbs Improved</name>
	<code>breadcrumbs-improved</code>
	<version>2</version>
	<author>opencart2x.ru</author>
	<link>https://opencart2x.ru</link>
	<file path="catalog/view/theme/*/template/{product,information,account,affiliate,checkout,error,blog,gallery,module,extension/module,extension/module/productbundles,extension/quickcheckout}/*.tpl" error="skip">
		<operation error="skip">
			<search index="0"><![CDATA[class="breadcrumb]]></search>
			<add position="replace"><![CDATA[itemscope itemtype="http://schema.org/BreadcrumbList" class="breadcrumb]]></add>
		</operation>
		<operation error="skip">
			<search><![CDATA[<?php foreach ($breadcrumbs as $breadcrumb) { ?>]]></search>
			<add position="replace"><![CDATA[
			<?php $last_crumb = array_pop($breadcrumbs); $i=1; ?>
			<?php foreach ($breadcrumbs as $breadcrumb) { ?>
				<li itemprop="itemListElement" itemscope itemtype="http://schema.org/ListItem"><a href="<?php echo $breadcrumb['href']; ?>" itemprop="item"><span itemprop="name"><?php echo $breadcrumb['text']; ?></span></a><meta itemprop="position" content="<?php echo $i; ?>" /></li>
			<?php $i++; } ?>
			<li itemprop="itemListElement" itemscope itemtype="http://schema.org/ListItem"><span itemprop="name"><?php echo $last_crumb['text']; ?></span><meta itemprop="position" content="<?php echo $i; ?>" /></li>
			<?php if (2+2==5) { ?>
			]]></add>
		</operation>
	</file>
	<file path="catalog/controller/product/product.php">
		<operation>
			<search><![CDATA[
			public function index() {
			]]></search>
			<add position="before"><![CDATA[
			protected function getPath($parent_id, $current_path = '') {
				$category_info = $this->model_catalog_category->getCategory($parent_id);          
				if ($category_info) {
					if (!$current_path) {
						$new_path = $category_info['category_id'];
					} else {
						$new_path = $category_info['category_id'] . '_' . $current_path;
					}			  
					$path = $this->getPath($category_info['parent_id'], $new_path);			  
					if ($path) {
						return $path;
					} else {
						return $new_path;
					}
				}
			}
			]]></add>
		</operation>
		<operation>
			<search><![CDATA[
			if ($product_info) {
			]]></search>
			<add position="after"><![CDATA[
			if(!isset($category_info)) {
				$categories = $this->model_catalog_product->getCategories($this->request->get['product_id']);
				if($categories) {				
					foreach($categories as $category){			  
						$path = $this->getPath($category['category_id']);
						$category_info = $this->model_catalog_category->getCategory($category['category_id']);
						if($path){
							$cat_path = $path;
						}else{
							$cat_path = $category_info['category_id'];
						}				  
						if($category_info) {
							$path = '';
							$cat_path = explode('_', $cat_path);
							foreach ( $cat_path as $path_id) {
							  if (!$path) {
								$path = $path_id;
							  } else {
								$path .= '_' . $path_id;
							  }
								  
							  $category_info = $this->model_catalog_category->getCategory($path_id);
							  
							  if ($category_info) {
								  $data['breadcrumbs'][] = array(
								  'text'      => $category_info['name'],
								  'href'      => $this->url->link('product/category', '&path=' . $path),
								  'separator' => $this->language->get('text_separator')
								  );
								}
							}
						break;
						}			  
					}
				}
			}
			]]></add>
		</operation>
	</file> 
</modification>