<?xml version="1.0" encoding="UTF-8"?>
<modification>
  <name>Module Duplicator</name>
  <code>duplicator_tor</code>
  <version>1.0</version>
  <author>opencart2x.ru</author>
  <link>https://opencart2x.ru</link>

  <file path="admin/controller/extension/module.php">
    <operation>
      <search><![CDATA['module_id' => $module['module_id'],]]></search>
      <add position="after"><![CDATA['duplicate' => $this->url->link('extension/module/duplicate', 'token=' . $this->session->data['token'] . '&extension=' . $extension . '&module_id=' . $module['module_id'], 'SSL'),]]></add>
    </operation>
    <operation>
      <search><![CDATA[protected function validate() {]]></search>
      <add position="before"><![CDATA[
        public function duplicate() {
          $this->load->language('extension/module');

          if ($this->validate()) {
            $extension = $this->request->get['extension'];
            $module_id = $this->request->get['module_id'];

            $query = $this->db->query("SELECT * FROM `" . DB_PREFIX . "module` WHERE `module_id` = '" . $this->db->escape($module_id) . "'");

            $module = $query->row;
            $new_module_data = unserialize($module['setting']);
            $new_module_data['name'] = 'Copy of ' . $module['name'];

            $this->load->model('extension/module');
            $this->model_extension_module->addModule($extension, $new_module_data);

            $new_module_id = $this->db->getLastId();

            $this->response->redirect($this->url->link('module/' . $extension, 'token=' . $this->session->data['token'] . '&module_id=' . $new_module_id, 'SSL'));
          } else {
            $this->document->setTitle($this->language->get('heading_title'));

            $this->load->model('extension/extension');
            $this->load->model('extension/module');

            $this->getList();
          }
        }
      ]]></add>
    </operation>
  </file>

  <file path="admin/view/template/extension/module.tpl">
    <operation>
      <search><![CDATA[<a onclick="confirm('<?php echo $text_confirm; ?>') ? location.href='<?php echo $module['delete']; ?>' : false;" data-toggle="tooltip" title="<?php echo $button_delete; ?>" class="btn btn-danger"><i class="fa fa-trash-o"></i></a>]]></search>
      <add position="replace"><![CDATA[<a href="<?php echo $module['duplicate']; ?>" data-toggle="tooltip" title="Duplicate" class="btn btn-default"><i class="fa fa-copy"></i></a> <a onclick="confirm('<?php echo $text_confirm; ?>') ? location.href='<?php echo $module['delete']; ?>' : false;" data-toggle="tooltip" title="<?php echo $button_delete; ?>" class="btn btn-danger"><i class="fa fa-trash-o"></i></a>]]></add>
    </operation>
  </file>

</modification>
