<?xml version="1.0" encoding="utf-8"?>
<modification>
  <name>Last "Not available"</name>
	<code>not_available_last</code>
  <version>1.0.0</version>
  <author>opencart2x.ru</author>
  <link>https://opencart2x.ru</link>
<file path="catalog/model/catalog/product.php">
		<operation>
        <search><![CDATA[$sql .= " ORDER BY LCASE(" . $data['sort'] . ")";]]></search>
        <add position="replace"><![CDATA[$sql .= " ORDER BY (p.quantity>0) DESC, LCASE(" . $data['sort'] . ")";]]></add>
        </operation>
	    <operation>
        <search><![CDATA[} elseif ($data['sort'] == 'p.price') {]]></search>
        <add position="replace"><![CDATA[} elseif ($data['sort'] == 'p.price') {]]></add>
        </operation>
		<operation>
        <search><![CDATA[$sql .= " ORDER BY (CASE WHEN special IS NOT NULL THEN special WHEN discount IS NOT NULL THEN discount ELSE p.price END)";]]></search>
        <add position="replace"><![CDATA[$sql .= " ORDER BY (p.quantity>0) DESC, (CASE WHEN special IS NOT NULL THEN special WHEN discount IS NOT NULL THEN discount ELSE p.price END)";]]></add>
        </operation>
        <operation>
        <search><![CDATA[$sql .= " ORDER BY " . $data['sort'];]]></search>
        <add position="replace"><![CDATA[$sql .= " ORDER BY (p.quantity>0) DESC," . $data['sort'];]]></add>
        </operation>
        <operation>
        <search><![CDATA[$sql .= " ORDER BY p.sort_order";]]></search>
        <add position="replace"><![CDATA[$sql .= " ORDER BY (p.quantity>0) DESC, p.sort_order";]]></add>
        </operation>
  </file>
</modification>