<modification>

	<name>Add Weight to Order and Invoice</name>
    <code>AddWeighttoOrderandInvoice</code>
	<version>2.1</version>
	<author>opencart2x.ru</author>
	<author>https://opencart2x.ru</author>

	<file path="admin/controller/sale/order.php">
        <operation>
            <search><![CDATA[
			$options = $this->model_sale_order->getOrderOptions($order_id, $product['order_product_id']);
            ]]></search>
            <add position="after" trim="true"><![CDATA[
			$product_weight_query = $this->db->query("SELECT weight, weight_class_id FROM " . DB_PREFIX . "product WHERE product_id = '" . $product['product_id'] . "'");
			$weight_class_query = $this->db->query("SELECT wcd.unit FROM " . DB_PREFIX . "weight_class wc LEFT JOIN " . DB_PREFIX . "weight_class_description wcd ON (wc.weight_class_id = wcd.weight_class_id) WHERE wcd.language_id = '" . (int)$this->config->get('config_language_id') . "' AND wc.weight_class_id = '" . $product_weight_query->row['weight_class_id'] . "'");
            ]]></add>
        </operation>
	  
	  <operation>
            <search><![CDATA[
			$options = $this->model_sale_order->getOrderOptions($this->request->get['order_id'], $product['order_product_id']);
            ]]></search>
            <add position="after" trim="true"><![CDATA[
			$product_weight_query = $this->db->query("SELECT weight, weight_class_id FROM " . DB_PREFIX . "product WHERE product_id = '" . $product['product_id'] . "'");
			$weight_class_query = $this->db->query("SELECT wcd.unit FROM " . DB_PREFIX . "weight_class wc LEFT JOIN " . DB_PREFIX . "weight_class_description wcd ON (wc.weight_class_id = wcd.weight_class_id) WHERE wcd.language_id = '" . (int)$this->config->get('config_language_id') . "' AND wc.weight_class_id = '" . $product_weight_query->row['weight_class_id'] . "'");
            ]]></add>
        </operation>
		
		<operation>
            <search trim="true"><![CDATA[
			'quantity' => $product['quantity'],
            ]]></search>
            <add position="after" trim="true"><![CDATA[
			'weight' => $product_weight_query->row['weight'],
			'weight_class' => $weight_class_query->row['unit'],
            ]]></add>
        </operation>
	  <operation>
            <search trim="true"><![CDATA[
			'quantity'		   => $product['quantity'],
            ]]></search>
            <add position="after" trim="true"><![CDATA[
			'weight' => $product_weight_query->row['weight'],
			'weight_class' => $weight_class_query->row['unit'],
            ]]></add>
        </operation>
	</file>

	<file path="admin/view/template/sale/order_invoice.tpl">
        <operation>
            <search><![CDATA[
			<td align="right"><?php echo $product['quantity']; ?></td>
            ]]></search>
            <add position="replace" trim="true"><![CDATA[
			<td align="right"><?php echo $product['quantity']; ?><br/><small><?php $prodweight= ($product['weight']*$product['quantity']);  ?> <?php $weighttot2 = ($weighttot2 + $prodweight) ?> <?php echo number_format($product['weight'], 2);?><?php echo $product['weight_class'];echo' each';?><br><?php echo'Total: ';echo $prodweight; echo $product['weight_class'];   ?></br></small></td>
            ]]></add>
        </operation>
		<operation>
            <search><![CDATA[<head>]]></search>
            <add position="before"><![CDATA[<?php $weighttot2 = '0';?>]]></add>
        </operation>
		
		
		<operation>
            <search><![CDATA[
			<?php if ($order['comment']) { ?>
            ]]></search>
			<add position="before" offset="1" trim="true"><![CDATA[
			<table class="product">
			<td align="right" colspan="4"><?php echo "<b>Общий вес заказа:</b> "; ?><?php echo $weighttot2; ?><?php echo $product['weight_class']; ?>
			</table>
            ]]></add>
        </operation>
		
	</file>
  	
  <file path="admin/view/template/sale/order_info.tpl">
	<operation>
            <search><![CDATA[<?php echo $header; ?>]]></search>
            <add position="after"><![CDATA[<?php $weighttot2 = '0';?>]]></add>
        </operation>   
    <operation>
            <search><![CDATA[
			<?php foreach ($products as $product) { ?>
            ]]></search>
            <add position="after" trim="true"><![CDATA[
			<?php $prodweight= ($product['weight']*$product['quantity']);  ?>
			<?php $weighttot2 = ($weighttot2 + $prodweight) ?>
            ]]></add>
        </operation>
		 
	
	<operation>
            <search trim="true"><![CDATA[
			<td class="text-right"><?php echo $total['text']; ?></td>
            ]]></search>
            <add position="after" offset="3"><![CDATA[
            <tr>
                <td colspan="4" class="text-right"><b>Вес заказа:</b></td>
                <td class="text-right"><?php echo $weighttot2; ?> <?php echo $product['weight_class']; ?></td>
           	</tr>
            ]]></add>
        </operation>
	</file>


</modification>