<?xml version="1.0" encoding="utf-8"?>
<modification>
	<name>Related / Dependent options / temlate journal2</name>
	<version><![CDATA[2.4.4]]></version>
	<author>ITcraft | support@conceptlogic.ru</author>
	<link>http://erpshop.ru/packages</link>
	<code><![CDATA[Related Options theme journal2]]></code>
	<file path="catalog/controller/journal2/quickview.php">
		<operation error="log">
			<search><![CDATA[=> $option['required']]]></search>
			<add position="before"><![CDATA[					//BOF Related Options
					'master_option'          => $option['master_option'],
					// EOF Related Options]]></add>
		</operation>
		<operation error="log">
			<search><![CDATA['price_prefix'            => $option_value['price_prefix']]]></search>
			<add position="before"><![CDATA[//BOF Related Options
						  'master_option_value'     => $option_value['master_option_value'],
						  // EOF Related Options]]></add>
		</operation>
		<operation error="log">
			<search><![CDATA['option_value'      => $option['option_value'],]]></search>
			<add position="after"><![CDATA[//BOF Related Options
				'master_option'          => $option['master_option'],
				'master_option_value'    => $option['master_option_value'],
						  // EOF Related Options]]></add>
		</operation>
		<operation error="log">
			<search><![CDATA['option_value'      => $option_value_data,]]></search>
			<add position="after"><![CDATA[//BOF Related Options
				'master_option'          => $option['master_option'],
						  // EOF Related Options]]></add>
		</operation>
		<operation error="log">
			<search><![CDATA['price'                   => $price,]]></search>
			<add position="after"><![CDATA[//BOF Related Options
				'master_option_value'     => $option_value['master_option_value'],
						  // EOF Related Options]]></add>
		</operation>
		<operation error="log">
			<search><![CDATA[foreach ($option['option_value'] as $option_value) {]]></search>
			<add position="before"><![CDATA[//BOF Related Options
					$related_options = $this->config->get('related_options');
					if (isset($related_options['residue_on']) && $related_options['residue_on']) {
						foreach ($option['product_option_value'] as $option_value) {
							if ((($this->config->get('config_customer_price') && $this->customer->isLogged()) || !$this->config->get('config_customer_price')) && (float)$option_value['price']) {
								$price = $this->currency->format($this->tax->calculate($option_value['price'], $product_info['tax_class_id'], $this->config->get('config_tax') ? 'P' : false), $this->session->data['currency']);
							} else {
								$price = false;
							}

							$option_value_data[] = array(
								'product_option_value_id' => $option_value['product_option_value_id'],
								'option_value_id'         => $option_value['option_value_id'],
								'name'                    => $option_value['name'],
								'image'                   => $this->model_tool_image->resize($option_value['image'], 50, 50),
								'price'                   => $price,
								//BOF Related Options
								'master_option_value'     => $option_value['master_option_value'],
								// EOF Related Options
								'price_prefix'            => $option_value['price_prefix']
							);
						}
					} else {
						  // EOF Related Options]]></add>
		</operation>
		<operation error="log">
			<search index="0"><![CDATA[$this->data['options'][] = array(]]></search>
			<add position="before"><![CDATA[//BOF Related Options
				}
						  // EOF Related Options]]></add>
		</operation>

		<operation error="log">
			<search><![CDATA[$product_option_value_data = array();]]></search>
			<add position="before"><![CDATA[//BOF Related Options
						  if ($option['type'] == 'select' || $option['type'] == 'radio' || $option['type'] == 'checkbox' || $option['type'] == 'image') {
						  // EOF Related Options]]></add>
		</operation>
		<operation error="log">
			<search index="1"><![CDATA[if ($product_info['minimum']) {]]></search>
			<add position="before"><![CDATA[//BOF Related Options
				elseif ($option['type'] == 'text' || $option['type'] == 'textarea' || $option['type'] == 'file' || $option['type'] == 'date' || $option['type'] == 'datetime' || $option['type'] == 'time') {
					$data['options'][] =array(
						'product_option_id' => $option['product_option_id'],
						'option_id'         => $option['option_id'],
						'name'              => $option['name'],
						'type'              => $option['type'],
						'value'      => $option['value'],
						//BOF Related Options
						'master_option'          => $option['master_option'],
						'master_option_value'    => $option['master_option_value'],
						// EOF Related Options
						'required'          => $option['required']
					);
				}
			}
						  // EOF Related Options]]></add>
		</operation>
		<operation error="log">
			<search><![CDATA[$product_option_value_data = array();]]></search>
			<add position="after"><![CDATA[//BOF Related Options
				$related_options = $this->config->get('related_options');
				if (isset($related_options['residue_on']) && $related_options['residue_on']) {
					foreach ($option['product_option_value'] as $option_value) {
						if ((($this->config->get('config_customer_price') && $this->customer->isLogged()) || !$this->config->get('config_customer_price')) && (float)$option_value['price']) {
							$price = $this->currency->format($this->tax->calculate($option_value['price'], $product_info['tax_class_id'], $this->config->get('config_tax') ? 'P' : false), $this->session->data['currency']);
						} else {
							$price = false;
						}

						$product_option_value_data[] = array(
							'product_option_value_id' => $option_value['product_option_value_id'],
							'option_value_id'         => $option_value['option_value_id'],
							'name'                    => $option_value['name'],
							'image'                   => $this->model_tool_image->resize($option_value['image'], 50, 50),
							'price'                   => $price,
							//BOF Related Options
							'master_option_value'     => $option_value['master_option_value'],
							// EOF Related Options
							'price_prefix'            => $option_value['price_prefix']
						);
					}
				} else {
						  		  // EOF Related Options]]></add>
		</operation>
		<operation error="log">
			<search><![CDATA[$data['options'][] = array(]]></search>
			<add position="before" index="0"><![CDATA[//BOF Related Options
			}
			 // EOF Related Options]]></add>
		</operation>
		<operation error="log">
			<search><![CDATA[$data['button_continue'] = $this->language->get('button_continue');]]></search>
			<add position="before"><![CDATA[//BOF Related Options
			$data['decimal_point'] = $this->language->get('decimal_point');
			$data['thousand_point'] = $this->language->get('thousand_point');
			$related_options = $this->config->get('related_options');
			$data['related_options'] = $related_options;
			// EOF Related Options]]></add>
		</operation>
	</file>

	<file path="catalog/view/theme/journal2/template/product/product.tpl|catalog/view/theme/journal2/template/journal2/quickview/quickview.tpl">
		<operation error="log">
			<search><![CDATA[<li class="price-new"]]></search>
			<add position="replace" trim="true"><![CDATA[<li class="price-new price_new"]]></add>
		</operation>
		<operation error="log">
			<search><![CDATA[<li class="product-price"]]></search>
			<add position="replace" trim="true"><![CDATA[<li class="product-price price_new"]]></add>
		</operation>
		<operation error="log">
			<search><![CDATA[<div class="option form-group<?php echo ($option['required'] ? ' required' : ''); ?>">]]></search>
			<add position="replace"><![CDATA[<!--BOF Related Options-->
			<div class="option form-group<?php echo ($option['required'] ? ' required' : ''); ?> option" <?php echo 'master-option="' . $option['master_option'] . '"' . ' option="' . $option['option_id'] . '"'; ?> id="option-<?php echo $option['product_option_id']; ?>">
						<!--EOF Related Options-->]]></add>
		</operation>
		<operation error="log">
			<search><![CDATA[<div class="option form-group<?php echo ($option['required'] ? ' required' : ''); ?> option-<?php echo $option['type']; ?>">]]></search>
			<add position="replace"><![CDATA[<!--BOF Related Options-->
			<div class="option form-group<?php echo ($option['required'] ? ' required' : ''); ?> option-<?php echo $option['type']; ?>" <?php echo 'master-option="' . $option['master_option'] . '"' . ' option="' . $option['option_id'] . '"'; ?> id="option-<?php echo $option['product_option_id']; ?>">
						<!--EOF Related Options-->]]></add>
		</operation>
		<operation error="log">
			<search><![CDATA[<option value="<?php echo $option_value['product_option_value_id']; ?>"><?php echo $option_value['name']; ?>]]></search>
			<add position="replace"><![CDATA[<!--BOF Related Options-->
			<option value="<?php echo $option_value['product_option_value_id']; ?>" <?php echo 'master-option-value="' . $option_value['master_option_value'] . '"' . ' option-value="' . $option_value['option_value_id'] . '"'; ?> <?php echo ($related_options['show_disabled'] == 0 and isset($option_value['quantity']) and $option_value['quantity'] <= 0) ? 'disabled' : ''; ?>><?php echo $option_value['name']; ?>
			<!--EOF Related Options-->]]></add>
		</operation>
		<operation error="log">
			<search><![CDATA[<input type="radio" name="option[<?php echo $option['product_option_id']; ?>]" value="<?php echo $option_value['product_option_value_id']; ?>" />]]></search>
			<add position="replace"><![CDATA[<!--BOF Related Options-->
					<input type="radio" name="option[<?php echo $option['product_option_id']; ?>]" value="<?php echo $option_value['product_option_value_id']; ?>" id="option-value-<?php echo $option_value['product_option_value_id']; ?>" <?php echo 'master-option-value="' . $option_value['master_option_value'] . '"' . ' option-value="' . $option_value['option_value_id'] . '"'; ?> <?php echo ($related_options['show_disabled'] == 0 and isset($option_value['quantity']) and $option_value['quantity'] <= 0) ? 'disabled' : ''; ?> />
					<!--EOF Related Options-->]]></add>
		</operation>
		<operation error="log">
			<search><![CDATA[<input type="checkbox" name="option[<?php echo $option['product_option_id']; ?>][]" value="<?php echo $option_value['product_option_value_id']; ?>" />]]></search>
			<add position="replace"><![CDATA[<!--BOF Related Options-->
						<input type="checkbox" name="option[<?php echo $option['product_option_id']; ?>][]" value="<?php echo $option_value['product_option_value_id']; ?>" id="option-value-<?php echo $option_value['product_option_value_id']; ?>" <?php echo 'master-option-value="' . $option_value['master_option_value'] . '"' . ' option-value="' . $option_value['option_value_id'] . '"'; ?> <?php echo ($related_options['show_disabled'] == 0 and isset($option_value['quantity']) and $option_value['quantity'] <= 0) ? 'disabled' : ''; ?> />
					<!--EOF Related Options-->]]></add>
		</operation>
		<operation error="log">
			<search><![CDATA[<input type="text" name="option[<?php echo $option['product_option_id']; ?>]" value="<?php echo $option['value']; ?>" placeholder="<?php echo $option['name']; ?>" id="input-option<?php echo $option['product_option_id']; ?>" class="form-control" />]]></search>
			<add position="replace"><![CDATA[<!--BOF Related Options-->
			  <input type="text" name="option[<?php echo $option['product_option_id']; ?>]" value="<?php echo $option['value']; ?>" placeholder="<?php echo $option['name']; ?>" id="input-option<?php echo $option['product_option_id']; ?>" class="form-control" <?php echo 'master-option-value="' . $option['master_option_value'] . '"'; ?> <?php echo ($related_options['show_disabled'] == 0 and isset($option_value['quantity']) and $option_value['quantity'] <= 0) ? 'disabled' : ''; ?> />
			  <!--EOF Related Options-->]]></add>
		</operation>
		<operation error="log">
			<search><![CDATA[<textarea name="option[<?php echo $option['product_option_id']; ?>]" rows="5" placeholder="<?php echo $option['name']; ?>" id="input-option<?php echo $option['product_option_id']; ?>" class="form-control"><?php echo $option['value']; ?></textarea>]]></search>
			<add position="replace"><![CDATA[<!--BOF Related Options-->
			  <textarea name="option[<?php echo $option['product_option_id']; ?>]" rows="5" <?php echo 'master-option-value="' . $option['master_option_value'] . '"'; ?>placeholder="<?php echo $option['name']; ?>" id="input-option<?php echo $option['product_option_id']; ?>" class="form-control" <?php echo ($related_options['show_disabled'] == 0 and isset($option_value['quantity']) and $option_value['quantity'] <= 0) ? 'disabled' : ''; ?>><?php echo $option['value']; ?></textarea>
			  <!--EOF Related Options-->]]></add>
		</operation>
		<operation error="log">
			<search><![CDATA[<input type="text" name="option[<?php echo $option['product_option_id']; ?>]" value="<?php echo $option['value']; ?>" data-date-format="YYYY-MM-DD" id="input-option<?php echo $option['product_option_id']; ?>" class="form-control" />]]></search>
			<add position="replace"><![CDATA[<!--BOF Related Options-->
				<input type="text" name="option[<?php echo $option['product_option_id']; ?>]" value="<?php echo $option['value']; ?>" data-date-format="YYYY-MM-DD" id="input-option<?php echo $option['product_option_id']; ?>" class="form-control" <?php echo 'master-option-value="' . $option['master_option_value'] . '"'; ?> <?php echo ($related_options['show_disabled'] == 0 and isset($option_value['quantity']) and $option_value['quantity'] <= 0) ? 'disabled' : ''; ?> />
				<!--EOF Related Options-->]]></add>
		</operation>
		<operation error="log">
			<search><![CDATA[<input type="text" name="option[<?php echo $option['product_option_id']; ?>]" value="<?php echo $option['value']; ?>" data-date-format="YYYY-MM-DD HH:mm" id="input-option<?php echo $option['product_option_id']; ?>" class="form-control" />]]></search>
			<add position="replace"><![CDATA[<!--BOF Related Options-->
				<input type="text" name="option[<?php echo $option['product_option_id']; ?>]" value="<?php echo $option['value']; ?>" data-date-format="YYYY-MM-DD HH:mm" id="input-option<?php echo $option['product_option_id']; ?>" <?php echo 'master-option-value="' . $option['master_option_value'] . '"'; ?> class="form-control" <?php echo ($related_options['show_disabled'] == 0 and isset($option_value['quantity']) and $option_value['quantity'] <= 0) ? 'disabled' : ''; ?> />
				<!--EOF Related Options-->]]></add>
		</operation>
		<operation error="log">
			<search><![CDATA[<input type="text" name="option[<?php echo $option['product_option_id']; ?>]" value="<?php echo $option['value']; ?>" data-date-format="HH:mm" id="input-option<?php echo $option['product_option_id']; ?>" class="form-control" />]]></search>
			<add position="replace"><![CDATA[<!--BOF Related Options-->
				<input type="text" name="option[<?php echo $option['product_option_id']; ?>]" value="<?php echo $option['value']; ?>" data-date-format="HH:mm" id="input-option<?php echo $option['product_option_id']; ?>" <?php echo 'master-option-value="' . $option['master_option_value'] . '"'; ?> class="form-control" <?php echo ($related_options['show_disabled'] == 0 and isset($option_value['quantity']) and $option_value['quantity'] <= 0) ? 'disabled' : ''; ?> />
				<!--EOF Related Options-->]]></add>
		</operation>
		<operation error="log">
			<search><![CDATA[<label>]]></search>
			<add position="replace"><![CDATA[<!--BOF Related Options--><label for="option-value-<?php echo $option_value['product_option_value_id']; ?>"><!--EOF Related Options-->]]></add>
		</operation>
		<operation error="log">
			<search><![CDATA[(<?php echo $option_value['price_prefix']; ?><?php echo $option_value['price']; ?>)]]></search>
			<add position="replace"><![CDATA[<!--BOF Related Options--><span>(<?php echo $option_value['price_prefix']; ?><?php echo $option_value['price']; ?>)</span><!--EOF Related Options-->]]></add>
		</operation>
		<operation error="log">
			<search><![CDATA[<div class="checkbox">]]></search>
			<add position="replace"><![CDATA[<!--BOF Related Options--><div class="checkbox" style="margin-top: -5px;"><!--EOF Related Options-->]]></add>
		</operation>
		<operation error="log">
			<search><![CDATA[<div class="radio">]]></search>
			<add position="replace"><![CDATA[<!--BOF Related Options--><div class="radio" style="margin-top: -5px;"><!--EOF Related Options-->]]></add>
		</operation>
		<operation error="log">
			<search><![CDATA[$('#button-cart').on('click', function() {]]></search>
			<add position="before" offset="1"><![CDATA[<!--BOF Related Options-->
			<script type="text/javascript"><!--
				$(document).ready(function(){
					$('.option[master-option!=0]').hide();

					// SELECT OPTION
					$('.option select').bind('change', function(){
						var option_value = $(this).children('option:selected').attr('option-value');
						var $related_options = $('.option[master-option=' + $(this).parent('.option').attr('option') + ']');
						if ($(this).val() != '') {
							updateOptionList($related_options, option_value);
						} else {
							$related_options.slideUp();
						}
						clearOption($related_options);
					});

					// RADIO OPTION
					$('.option input[type=radio]').bind('change', function(){
						var option_value = $(this).attr('option-value');
						var $related_options = $('.option[master-option = ' + $(this).parents('.option').attr('option') + ']');
						if ($('input[name=\'' + $(this).attr('name') + '\']:checked').size() != '') {
							updateOptionList($related_options, option_value);
						} else {
							$related_options.slideUp();
						}
						clearOption($related_options);
					});

					// CHECKBOX OPTION
					$('.option input[type=checkbox]').bind('change', function(){
						var option_value = [];
						$('.option input[name=\'' + $(this).attr('name') + '\']:checked').each(function(){
							option_value.push($(this).attr('option-value'));
						});
						var $related_options = $('.option[master-option = ' + $(this).parents('.option').attr('option') + ']');
						if ($('input[name=\'' + $(this).attr('name') + '\']:checked').size() != '') {
							updateOptionList($related_options, option_value);
						} else {
							$related_options.slideUp();
						}
						clearOption($related_options);
					});

					// TEXT INPUT AND TEXTAREA OPTION
					$('.option input[type=text], .option textarea').bind('change', function(){
						var $related_options = $('.option[master-option = ' + $(this).parent('.option').attr('option') + ']');
						if ($(this).val() != '') {
							$related_options.slideDown();
						} else {
							$related_options.slideUp();
						}
						clearOption($related_options);
					});

					$( document ).on( "click", '[class^="opt-reset"]', function() {
						var id = $(this).attr('class').replace("opt-reset-", "");
						$('#option-'+ id).find('input[type=\'radio\']').prop('checked', false).trigger('change');
						$('#option-'+ id).find('.img-option-a').html('Выбрать');
						$('#option-'+ id).find('.img-option-span').html('');
						$('.opt-reset-'+ id).remove();
						changeimg();
					});
				});
				function updateOptionList($related_options, option_value) {
					// select options
					$related_options.find('option[master-option-value!=0]').each(function(){
						if ($(this).parent('span').size() == 0) {
							$(this).wrap("<span>");
						}
					});

					$related_options.find('.img_block[master-option-value!=0]').hide();
					$related_options.find('input[type=hidden][master-option-value!=0]').prev().prop('disabled', true);
					if ($related_options.find('[class^="opt-reset"]').length) {
						$related_options.find('[class^="opt-reset"]').trigger('click');
					}

					$related_options.find('input[master-option-value!=0]').hide();
					$related_options.find('input[master-option-value!=0]').parent('label').parent('div').hide();
					$related_options.find('input[master-option-value!=0]').next('label').next('br').hide();
					$related_options.find('textarea[master-option-value!=0]').hide();
					// image options
					$related_options.find('input[master-option-value!=0]').each(function(){
						if ($(this).closest('table').hasClass('option-image')) {
							$(this).closest('tr').hide();
						}
					});


					if (typeof(option_value) == "string") {
						option_value = [option_value];
					}
					for (var i in option_value) {
						$related_options.find('option[master-option-value=' + option_value[i] + '], option[value=\'\']').each(function(){
							if ($(this).parent('span').size() != 0) {
								$(this).unwrap();
							}
						});

						$related_options.find('.img_block[master-option-value=' + option_value[i] + ']').show();
						$related_options.find('input[type=hidden][master-option-value=' + option_value[i] + ']').prev().prop('disabled', false);

						$related_options.find('input[master-option-value=' + option_value[i] + ']').show();
						$related_options.find('input[master-option-value=' + option_value[i] + ']').parent('label').parent('div').show();
						$related_options.find('input[master-option-value=' + option_value[i] + ']').next('label').next('br').show();
						$related_options.find('textarea[master-option-value=' + option_value[i] + ']').show();
						// image options
						$related_options.find('input[master-option-value=' + option_value[i] + ']').each(function(){
							if ($(this).closest('table').hasClass('option-image')) {
								$(this).closest('tr').show();
							}
						});
					}

					$related_options.each(function(){
						var visible_options = 0;
						for (var i in option_value) {
							visible_options += $(this).find('[master-option-value=' + option_value[i] + ']').size()*1;
							visible_options += $(this).find('[master-option-value=0]').size()*1;
						}
						if ($(this).find('.img_block, option, input, textarea').size() != 0 && visible_options == 0) {
							$(this).slideUp();
						} else {
							$(this).slideDown();
						}
					});
				}
				function clearOption($option_container) {
					$option_container.find('select').val('').trigger("change");
					$option_container.find('input[type=radio], input[type=checkbox]').removeAttr('checked').trigger("change");
					//$option_container.find('input[type=text], textarea').attr('value', '').trigger("change");
					$('li[data-value]').show();
		            $('span>option').each(function(){
						$('li[data-value='+ $(this).attr('value') +']').hide();
					});
					$('.options input[type=checkbox], .options input[type=radio]').each(function(){
                    	var reg = /display: none*/;
                        if (reg.test($(this).attr('style'))) {
                            $('li[data-value='+ $(this).attr('value') +']').hide();
                        }
					});
                    recalcPrice();
				}
			//--></script>
			<?php
			if (isset($related_options['price_adjustment_on']) && $related_options['price_adjustment_on']) {
			?>
			<script type="text/javascript"><!--
				// changing price
				var num = <?php echo $related_options['price_residue'] ?>;
				var $price = $('.product-info .price_new:first');
				var $price_old = $('.product-info .price-old:first');

                var main_timeout_id = 0;
                var special_timeout_id = 0;
                var animate_delay = 20;

				var regex_price = /[0-9]+[\.]{0,1}[0-9]*/;
				var regex_add_price = /\(([\+\-])[^0-9]*([0-9]+[\.]{0,1}[0-9]*)/;
				var regex_replace_price = /([0-9]+[\.]{0,1}[0-9]*)/;

				<?php if ($special) { ?>
                  var initial_price = regex_price.exec('<?php echo str_replace($decimal_point, ".", str_replace($thousand_point, "", $special)); ?>');
                  var initial_price_old = regex_price.exec('<?php echo str_replace($decimal_point, ".", str_replace($thousand_point, "", $price)); ?>');
                  initial_price = initial_price[0]*1;
                  initial_price_old = initial_price_old[0]*1;
                  var initial_price_old_update = initial_price_old;
                <?php } else { ?>
                  var initial_price = regex_price.exec('<?php echo str_replace($decimal_point, ".", str_replace($thousand_point, "", $price)); ?>');
                  initial_price = initial_price[0]*1;
                <?php } ?>
                var initial_price_update = initial_price;

                function formatMoney(n, c, d, t) {
                    var c = isNaN(c = Math.abs(c)) ? 2 : c,
                    d = d == undefined ? "." : d,
                    t = t == undefined ? "," : t,
                    s = n < 0 ? "-" : "",
                    i = parseInt(n = Math.abs(+n || 0).toFixed(c)) + "",
                    j = (j = i.length) > 3 ? j % 3 : 0;
                   return s + (j ? i.substr(0, j) + t : "") + i.substr(j).replace(/(\d{3})(?=\d)/g, "$1" + t) + (c ? d + Math.abs(n - i).toFixed(c).slice(2) : "");
                };

                function diffPrice() {
                  var diff = 0;
                  $('.options input[type=radio]:checked, .options input[type=checkbox]:checked').each(function(){
                    additional_price = regex_add_price.exec($('label[for=' + $(this).attr('id') + '] span').text().replace('<?php echo $decimal_point; ?>', '.').replace(new RegExp('<?php echo $thousand_point; ?>', 'g'), ''));
                    if (additional_price != null && additional_price != '' && additional_price != undefined) {
                      if (additional_price[1] == '+') {
                        diff += additional_price[2]*1;
                      } else if (additional_price[1] == '-') {
                        diff -= additional_price[2]*1;
                      }
                    }
                  });
                  $('.options select>option:selected').each(function(){
                    additional_price = regex_add_price.exec($(this).text().replace('<?php echo $decimal_point; ?>', '.').replace(new RegExp('<?php echo $thousand_point; ?>', 'g'), ''));
                    if (additional_price != null && additional_price != '' && additional_price != undefined) {
                      if (additional_price[1] == '+') {
                        diff += additional_price[2]*1;
                      } else if (additional_price[1] == '-') {
                        diff -= additional_price[2]*1;
                      }
                    }
                  });
                  return diff;
                }
                function price_format(price_view, price) {
                  price = formatMoney(price, num, '<?php echo $decimal_point; ?>', '<?php echo $thousand_point; ?>');
                  return price_view.replace('<?php echo $decimal_point; ?>', '.').replace(new RegExp('<?php echo $thousand_point; ?>', 'g'), '').replace(regex_replace_price, price);
                }
                <?php if ($related_options['animate_price']) { ?>
                function animateMainPrice_callback(wrapper, price_start, price_final, animate_step, special) {

                  price_start += animate_step;

                  if ((animate_step > 0) && (price_start > price_final)){
                    price_start = price_final;
                  } else if ((animate_step < 0) && (price_start < price_final)) {
                    price_start = price_final;
                  } else if (animate_step == 0) {
                    price_start = price_final;
                  }

                  wrapper.html( price_format(wrapper.html(), price_start) );

                  if (price_start != price_final) {
                    if (special === true) {
                      special_timeout_id = setTimeout(function(){animateMainPrice_callback(wrapper, price_start, price_final, animate_step, special)}, animate_delay);
                    } else {
                      main_timeout_id = setTimeout(function(){animateMainPrice_callback(wrapper, price_start, price_final, animate_step, special)}, animate_delay);
                    }
                  }
                }
                function animateMainPrice(wrapper, start, final, special) {
                  animate_step = (final - start) / 10;
                  if (special === true) {
                    clearTimeout(special_timeout_id);
                    special_timeout_id = setTimeout(function(){animateMainPrice_callback(wrapper, start, final, animate_step, special)}, animate_delay);
                  } else {
                    clearTimeout(main_timeout_id);
                    main_timeout_id = setTimeout(function(){animateMainPrice_callback(wrapper, start, final, animate_step, special)}, animate_delay);
                  }
                }
                <?php } else { ?>
                function showPrice(wrapper, price) {
                  wrapper.html( price_format(wrapper.html(), price) );
                }
                <?php } ?>

                function recalcPrice() {
                  var diff = diffPrice();
                  if (initial_price_update != initial_price + diff) {
                    <?php if ($related_options['animate_price']) { ?>
                      animateMainPrice($price, initial_price_update, initial_price + diff, false);
                    <?php } else { ?>
                      showPrice($price, initial_price + diff);
                    <?php } ?>
                    initial_price_update = initial_price + diff;
                    <?php if ($special) { ?>
                      <?php if ($related_options['animate_price']) { ?>
                        animateMainPrice($price_old, initial_price_old_update, initial_price_old + diff, true);
                      <?php } else { ?>
                        showPrice($price_old, initial_price_old + diff);
                      <?php } ?>
                      initial_price_old_update = initial_price_old + diff;
                    <?php } ?>
				  }
				}
			//--></script>
			<?php } else { ?>
			<script type="text/javascript"><!--
				function recalcPrice() {
					return true;
				}
			//--></script>
			<?php } ?>
			<!--EOF Related Options-->]]></add>
		</operation>
	</file>

	<file path="catalog/view/theme/journal2/template/product/product.tpl">
		<operation error="log">
			<search><![CDATA[<button type="button" id="button-upload<?php echo $option['product_option_id']; ?>" data-loading-text="<?php echo $text_loading; ?>" class="btn btn-default btn-block btn-upload"><i class="fa fa-upload"></i> <?php echo $button_upload; ?></button>]]></search>
			<add position="replace"><![CDATA[<!--BOF Related Options-->
			  <button type="button" id="button-upload<?php echo $option['product_option_id']; ?>" data-loading-text="<?php echo $text_loading; ?>" class="btn btn-default btn-block btn-upload"  <?php echo 'master-option-value="' . $option['master_option_value'] . '"'; ?> <?php echo ($related_options['show_disabled'] == 0 and isset($option_value['quantity']) and $option_value['quantity'] <= 0) ? 'disabled' : ''; ?>><i class="fa fa-upload"></i> <?php echo $button_upload; ?></button>
			  <!--EOF Related Options-->]]></add>
		</operation>
	</file>

	<file path="catalog/view/theme/journal2/template/journal2/quickview/quickview.tpl">
		<operation error="log">
			<search><![CDATA[<button type="button" id="button-upload<?php echo $option['product_option_id']; ?>" data-loading-text="<?php echo $text_loading; ?>" class="btn btn-default btn-block"><i class="fa fa-upload"></i> <?php echo $button_upload; ?></button>]]></search>
			<add position="replace"><![CDATA[<!--BOF Related Options-->
				 <button type="button" id="button-upload<?php echo $option['product_option_id']; ?>" data-loading-text="<?php echo $text_loading; ?>" class="btn btn-default btn-block" <?php echo 'master-option-value="' . $option['master_option_value'] . '"'; ?>><i class="fa fa-upload"></i> <?php echo $button_upload; ?></button>
			  <!--EOF Related Options-->]]></add>
		</operation>
	</file>
</modification>