<?xml version="1.0" encoding="utf-8"?>
<modification>
    <name>Односторонние связанные товары</name>
    <code>related-fix</code>
    <version>1.0</version>
    <author>opencart2x.ru</author>
    <link>https://opencart2x.ru</link>
  
<file path="admin/model/catalog/product.php">
<operation>
<search><![CDATA[$this->db->query("DELETE FROM " . DB_PREFIX . "product_related WHERE product_id = '" . (int)$related_id . "' AND related_id = '" . (int)$product_id . "'");]]></search>
<add position="replace">
<![CDATA[/* $this->db->query("DELETE FROM " . DB_PREFIX . "product_related WHERE product_id = '" . (int)$related_id . "' AND related_id = '" . (int)$product_id . "'"); */]]>
</add>
</operation>
 <operation>
<search><![CDATA[$this->db->query("INSERT INTO " . DB_PREFIX . "product_related SET product_id = '" . (int)$related_id . "', related_id = '" . (int)$product_id . "'");]]></search>
<add position="replace">
<![CDATA[/* $this->db->query("INSERT INTO " . DB_PREFIX . "product_related SET product_id = '" . (int)$related_id . "', related_id = '" . (int)$product_id . "'"); */]]>
</add>
</operation>
</file>
</modification>