<?xml version="1.0" encoding="utf-8"?>
 <modification>
	<name>Быстрый просмотр товара</name>
	<code>product-quick-preview</code>
	<version>1.0</version>
	<author>opencart2x.ru</author>
    <link>https://opencart2x.ru</link>
	
	<file path="catalog/controller/product/{category,manufacturer,special,search}*.php">
		<operation>
			<search><![CDATA[$this->load->model('tool/image');]]></search>
			<add position="after"><![CDATA[
				$this->language->load('product/product');		
			]]></add>
		</operation>
		<operation>
			<search><![CDATA[language->load('product/product');]]></search>
			<add position="before"><![CDATA[
				$data['text_reward'] = $this->language->get('text_reward');
				$data['text_catpoints'] = $this->language->get('text_catpoints');
				$data['text_discount'] = $this->language->get('text_discount');
			]]></add>
		</operation>
		<operation>
			<search><![CDATA[$data['products'][] = array(]]></search>
			<add position="before"><![CDATA[
				$this->document->addStyle('catalog/view/javascript/jquery/owl-carousel/owl.carousel.css');
			$this->document->addScript('catalog/view/javascript/jquery/owl-carousel/owl.carousel.min.js');	
			$stock = $this->language->get('text_stock') . ' ';
				if ($result['quantity'] <= 0) {
					$stock .= $result['stock_status'];
				} elseif ($this->config->get('config_stock_display')) {
					$stock .= $result['quantity'];
				} else {
					$stock .= $this->language->get('text_instock');
				}
                $discount_query = $this->model_catalog_product->getProductDiscounts($result['product_id']);
                $discounts = array();
                foreach ($discount_query as $discount) {
                    $discounts[] = array(
                        'quantity' => $discount['quantity'],
                        'price'    => $this->currency->format($this->tax->calculate($discount['price'], $result['tax_class_id'], $this->config->get('config_tax')), $this->session->data['currency'])
                    );
                }
			
			$data['tab_description'] = $this->language->get('tab_description');
			$data['tab_attribute'] = $this->language->get('tab_attribute');
			]]></add>
		</operation>
		<operation>
			<search><![CDATA[$data['products'][] = array(]]></search>
			<add position="after"><![CDATA[
				'manufacturer'=> $result['manufacturer'],
				'manufacturers' => $this->url->link('product/manufacturer/info', 'manufacturer_id=' . $result['manufacturer_id']),
				'model'        => $result['model'],
				'attribute_groups' => $this->model_catalog_product->getProductAttributes($result['product_id']),
				'reward'        => $result['reward'],
				'stock'       => $stock,
				'points'        => $result['points'],
				'discounts'   => $discounts,
				'catdescription'  => html_entity_decode($result['description'], ENT_QUOTES, 'UTF-8'),
				]]></add>
		</operation>
	</file>
	<file path="catalog/language/russian/product/{category,manufacturer,special,search}*.php">
		<operation>
			<search><![CDATA[// Text]]></search>
			<add position="after"><![CDATA[
 				$_['text_reward']       = 'Бонусные баллы';
    			$_['text_catpoints']       = 'Цена в Бонусных баллах:';
    			$_['text_discount']       = ' или более ';    
			]]></add>
		</operation>
	</file>
	
	<file path="catalog/view/theme/*/template/product/{category,manufacturer,special,search}*.tpl">		
		<operation>
			<search><![CDATA[<div class="product-thumb">]]></search>
			<add position="after"><![CDATA[
				<div id="<?php echo $product['product_id']; ?>" class="modal fade">
				<div class="modal-dialog">
				<div class="modal-content">
				<div class="modal-header"><button class="close" type="button" data-dismiss="modal">×</button>
				<h4 class="modal-title"><?php echo $product['name']; ?></h4>
				</div>
				<div class="modal-body">
				<div class="col-lg-6 col-md-6 col-sm-6 col-xs-12">	
				<div class="images"><a href="<?php echo $product['href']; ?>"><img src="<?php echo $product['thumb']; ?>" alt="<?php echo $product['name']; ?>" /></a></div>		
				</div>
				<div class="col-lg-6 col-md-6 col-sm-6 col-xs-12">
				<ul class="list-unstyled"> 
				<?php if ($product['manufacturer']) { ?>
					<li><?php echo $text_manufacturer; ?> <a href="<?php echo $product['manufacturers'] ?>"><?php echo $product['manufacturer']; ?></a></li>
				<?php } ?>
				<li><?php echo $text_model; ?> <?php echo $product['model']; ?></li>
				<?php if ($product['reward']) { ?>
					<li><?php echo $text_reward; ?> <?php echo $product['reward']; ?></li>
				<?php } ?>
				<li><?php echo $product['stock']; ?></li>
				</ul>
				<?php if ($product['price']) { ?>
					<ul class="list-unstyled">
					<?php if (!$product['special']) { ?>
						<li>
						<h2><?php echo $product['price']; ?></h2>
						</li>
						<?php } else { ?>
						<li><span style="text-decoration: line-through;"><?php echo $product['price']; ?></span></li>
						<li>
						<h2><?php echo $product['special']; ?></h2>
						</li>
					<?php } ?>
					<?php if ($product['tax']) { ?>
						<li><?php echo $text_tax; ?> <?php echo $product['tax']; ?></li>
					<?php } ?>
					<?php if ($product['points']) { ?>
						<li><?php echo $text_catpoints; ?> <?php echo $product['points']; ?></li>
					<?php } ?>
					<?php if ($product['discounts']) { ?>
						<?php foreach ($product['discounts'] as $discount) { ?>
							<li><?php echo $discount['quantity']; ?><?php echo $text_discount; ?><?php echo $discount['price']; ?></li>
						<?php } ?>
					<?php } ?>
					</ul>
				<?php } ?>
				</div>
				<div class="row">
				<div class="col-xs-12">
				<ul class="nav nav-tabs">
				<li class="active"><a href="#tab-description" data-toggle="tab"><?php echo $tab_description; ?></a></li>
				<?php if ($product['attribute_groups']) { ?>
					<li><a href="#tab-specification" data-toggle="tab"><?php echo $tab_attribute; ?></a></li>
				<?php } ?>
				</ul>
				<div class="tab-content">
				<div class="tab-pane active" id="tab-description"><?php echo $product['catdescription']; ?></div>
				<?php if ($product['attribute_groups']) { ?>
					<div class="tab-pane" id="tab-specification">
					<table class="table table-bordered">
					<?php foreach ($product['attribute_groups'] as $attribute_group) { ?>
						<thead>
						<tr>
						<td colspan="2"><strong><?php echo $attribute_group['name']; ?></strong></td>
						</tr>
						</thead>
						<tbody>
						<?php foreach ($attribute_group['attribute'] as $attribute) { ?>
							<tr>
							<td><?php echo $attribute['name']; ?></td>
							<td><?php echo $attribute['text']; ?></td>
							</tr>
						<?php } ?>
						</tbody>
					<?php } ?>
					</table>
					</div>
				<?php } ?>
				</div>
				</div>
				</div>
				</div>
				<div class="modal-footer">
				<a href="<?php echo $product['href']; ?>"><button class="btn btn-default" type="button">Подробнее</button></a>
				<button class="btn btn-default" type="button" data-dismiss="modal">Закрыть</button></div>
				</div>
				</div>
				</div>
			]]></add>
		</operation>
		<operation>
			<search><![CDATA[<div class="image">]]></search>
			<add position="before"><![CDATA[
				<button class="btn-modal" type="button" data-toggle="modal" data-target="#<?php echo $product['product_id']; ?>">Показать</button>
			]]></add>
		</operation>
	  <operation>
	  		<search><![CDATA[<?php echo $footer; ?>]]></search>
			<add position="after"><![CDATA[
				<style>
				.btn-modal {
				display: none;
				border: none;
				background-color: #eee;
				color: #888;
				line-height: 25px;
				font-weight: bold;
				text-align: center;
				cursor: pointer;
				position: absolute;
				top: 20%;
				left: 32%;
				padding: 4px 10px;
				-webkit-border-radius: 3px;
				-moz-border-radius: 3px;
				border-radius: 3px;
				text-transform: uppercase;
				z-index:99
				}
				.product-thumb:hover .btn-modal {
				display: block;
				}
				.product-list .btn-modal {
				top: 31%;
				left: 13%;
				}
				</style>				
			]]></add>
		</operation>
	</file>
</modification>