<modification>
	<name>Information in Menu Inline</name>
  <version>1.0</version>
  <link>https://opencart2x.ru</link>
  <author>opencart2x.ru</author>
  <code>Information-Inline</code>
        
    <file path="catalog/controller/common/header.php">
      <operation info="Add all information pages to the category menu">
        <search><![CDATA[
          $data['language'] = $this->load->controller('common/language');
        ]]></search>
        <add position="before"><![CDATA[
					$this->load->model('catalog/information');
					$data['informations'] = array();
      		foreach ($this->model_catalog_information->getInformations() as $result) {
      			if ($result['bottom']) {
      				$data['informations'][] = array(
      					'title' => $result['title'],
      					'href'  => $this->url->link('information/information', 'information_id=' . $result['information_id'])
      				);
      			}
      		}
				]]></add>
      </operation>
    </file>

		<file path="catalog/view/theme/*/template/common/header.tpl">
      <operation info="Add footer links to the category menu">
        <search><![CDATA[<ul class="nav navbar-nav">]]></search>
        <add position="replace"><![CDATA[ 
					<ul class="nav navbar-nav">
        <?php foreach ($categories as $category) { ?>
        <?php if ($category['children']) { ?>
        <li class="dropdown"><a href="<?php echo $category['href']; ?>" class="dropdown-toggle" data-toggle="dropdown"><?php echo $category['name']; ?></a>
          <div class="dropdown-menu">
            <div class="dropdown-inner">
              <?php foreach (array_chunk($category['children'], ceil(count($category['children']) / $category['column'])) as $children) { ?>
              <ul class="list-unstyled">
                <?php foreach ($children as $child) { ?>
                <li><a href="<?php echo $child['href']; ?>"><?php echo $child['name']; ?></a></li>
                <?php } ?>
              </ul>
              <?php } ?>
            </div>
            <a href="<?php echo $category['href']; ?>" class="see-all"><?php echo $text_all; ?> <?php echo $category['name']; ?></a> </div>
        </li>
        <?php } else { ?>
        <li><a href="<?php echo $category['href']; ?>"><?php echo $category['name']; ?></a></li>
        <?php } ?>
        <?php } ?>
		    <?php foreach ($informations as $information) { ?>
          <li><a href="<?php echo $information['href']; ?>"><?php echo $information['title']; ?></a></li>
        <?php } ?>
      </ul>
	    <ul class="nav navbar-nav" style="display:none;">
		  ]]></add>
      </operation>
    </file> 
</modification>