<modification>
	<name>Information in Menu Dropdown</name>
	<version>1.0</version>
	<link>https://opencart2x.ru</link>
	<author>opencart2x.ru</author>
	<code>Information-Dropdown</code>
	
	<file path="catalog/controller/common/header.php">  
	  <operation>
	      <search><![CDATA[$data['language'] = $this->load->controller('common/language');]]></search>
	      <add position="before"><![CDATA[
		$this->load->model('catalog/information');
		$this->load->language('common/footer');

		$data['informations'] = array();

		foreach ($this->model_catalog_information->getInformations() as $result) {
			if ($result['bottom']) {
				$data['informations'][] = array(
					'title' => $result['title'],
					'href'  => $this->url->link('information/information', 'information_id=' . $result['information_id'])
				);
			}
		}
		  ]]></add>
	  </operation> 
	  <operation>
	      <search><![CDATA[$data['text_all'] = $this->language->get('text_all');]]></search>
	      <add position="after"><![CDATA[
		$data['text_information'] = $this->language->get('text_information');
		$data['text_contact'] = $this->language->get('text_contact');
		  ]]></add>
	  </operation> 
	</file>
	
    <file path="catalog/view/theme/*/template/common/header.tpl">        
      <operation>
        <search index="3" ><![CDATA[</ul>]]></search>
        <add position="before"><![CDATA[
		<?php if ($informations) { ?>
		<li class="dropdown"><a class="dropdown-toggle" data-toggle="dropdown"><?php echo $text_information; ?></a>
          <div class="dropdown-menu">
            <div class="dropdown-inner">
			  <ul class="list-unstyled">
<?php foreach ($informations as $information) { ?>
          <li><a href="<?php echo $information['href']; ?>"><?php echo $information['title']; ?></a></li>
          <?php } ?>
		  <li><a href="<?php echo $contact; ?>"><?php echo $text_contact; ?></a></li>
		  </ul>
		  </div></div>
		  </li>
		  <?php } ?>
        ]]></add>
	  </operation> 
	</file>
	
</modification>