<?xml version="1.0" encoding="utf-8"?>
<modification>
        <name>Manufacturers in Category</name>
        <version>1.0</version>
        <code>Manufacturers-in-Category</code>
        <author>opencart2x.ru</author>
		<link>https://opencart2x.ru</link>

        <file path="catalog/language/*/product/{category,manufacturer}.php">
			<operation error="log">
				<search><![CDATA[$_['text_limit']]]></search>
				<add position="before"><![CDATA[$_['text_filter']       = 'Все производители';]]></add>
			</operation>
		</file>

        <file path="catalog/controller/product/category.php">
			<operation error="log">
				<search><![CDATA[$this->load->model('catalog/product');]]></search>
				<add position="after"><![CDATA[$this->load->model('catalog/manufacturer');
				$this->load->model('setting/setting');]]></add>
			</operation>
			<operation error="log">
				<search index="0"><![CDATA[if (isset($this->request->get['order'])) {]]></search>
				<add position="before"><![CDATA[if (isset($this->request->get['manufacturer'])) {
				$manufacturer = $this->request->get['manufacturer'];
				} else {
				$manufacturer = 0;
				}]]></add>
			</operation>
			<operation error="log">
				<search index="1,3,4,5"><![CDATA[if (isset($this->request->get['order'])) {]]></search>
				<add position="before"><![CDATA[if (isset($this->request->get['manufacturer'])) { $url .= '&manufacturer=' . $this->request->get['manufacturer']; }]]></add>
			</operation>
			<operation error="log">
				<search><![CDATA[if ($category_info) {]]></search>
				<add position="after"><![CDATA[
			$categoryids_with_childs = array();
			$categoryids_with_childs = $this->model_catalog_category->getCategories($category_id);
			array_push($categoryids_with_childs, $category_id);
			$manufacturers = $this->model_catalog_manufacturer->getManufacturersByCategories($categoryids_with_childs);
			$manufacturers_name = array();
			$data['manufacturers'] = array();
			/*
			$data['manufacturers'][] = array(
				'name'  => $this->language->get('text_filter'),
				'value' => '0',
				'href'  => $this->url->link('product/category', 'path=' . $this->request->get['path'] . $url . '&manufacturer=0')
			);
			*/
			if(is_array($manufacturers) && count($manufacturers) > 0){
				foreach ($manufacturers as $man){
					if ($man['name'] == '') {

					} else {
					
					if (isset($this->request->post['config_manufacturer_cat_count'])) {
						$data['config_manufacturer_cat_count'] = $this->request->post['config_manufacturer_cat_count'];
					} else {
						$data['config_manufacturer_cat_count'] = $this->config->get('config_manufacturer_cat_count');
					}
					
					if ($data['config_manufacturer_cat_count']) {
						if ($this->language->get('direction') == 'rtl') {
							$man_name = "(" . $man['products_total'] . ")" . $man['name'];
						} else {
							$man_name = $man['name'] . "(". $man['products_total'] .")";
						}
					} else {
						$man_name = $man['name'];
					}

					if ($this->language->get('direction') == 'rtl') {
						$data['manufacturers'][] = array(
						'name'  => $man_name,
						'value' => $man['manufacturer_id'],
						'href'  => $this->url->link('product/category', 'path=' . $this->request->get['path'] . $url . '&manufacturer=' . $man['manufacturer_id'])
						);
					} else {
						$data['manufacturers'][] = array(
						'name'  => $man_name,
						'value' => $man['manufacturer_id'],
						'href'  => $this->url->link('product/category', 'path=' . $this->request->get['path'] . $url . '&manufacturer=' . $man['manufacturer_id'])
						);	
					}
					$manufacturers_name[$man['manufacturer_id']] = $man_name;
					}
				}
			}
			]]></add>
			</operation>
			<operation error="log">
				<search><![CDATA['order'              => $order,]]></search>
				<add position="before"><![CDATA['manufacturer' => $manufacturer, 'filter_manufacturer_id' => $manufacturer,]]></add>
			</operation>
			<operation error="log">
				<search><![CDATA[$data['sorts'] = array();]]></search>
				<add position="before"><![CDATA[			if (isset($this->request->get['manufacturer'])) {
				$url .= '&manufacturer=' . $this->request->get['manufacturer'];
				}]]></add>
			</operation>
			<operation error="log">
				<search><![CDATA[$data['sort'] = $sort;]]></search>
				<add position="before"><![CDATA[$data['manufacturer'] = $manufacturer;]]></add>
			</operation>
		  	<operation error="log">
			  	<search><![CDATA[$data['heading_title'] = $category_info['name'];]]></search>
			  	<add position="replace"><![CDATA[
				  	$data['heading_title'] = isset($this->request->get['manufacturer']) ? $category_info['name'] . ' ' . $manufacturers_name[$this->request->get['manufacturer']] : $category_info['name'];
			  	]]></add>
		  	</operation>
		  	<operation error="log">
			  	<search><![CDATA[$this->document->setTitle($category_info['name']);]]></search>
			  	<add position="replace"><![CDATA[
				  	$this->document->setTitle(isset($this->request->get['manufacturer']) ? $category_info['name'] . ' ' . $manufacturers_name[$this->request->get['manufacturer']] : $category_info['name']);
			  	]]></add>
		  	</operation>
		</file>
  
  		<file path="catalog/controller/product/manufacturer.php">
			<operation error="log">
				<search><![CDATA[$this->load->model('catalog/manufacturer');]]></search>
				<add position="after"><![CDATA[
				$this->load->model('setting/setting');]]></add>
			</operation>
			<operation error="log">
				<search index="1"><![CDATA[if (isset($this->request->get['order'])) {]]></search>
				<add position="before"><![CDATA[if (isset($this->request->get['manufacturer'])) {
				$manufacturer = $this->request->get['manufacturer'];
				} else {
				$manufacturer = 0;
				}]]></add>
			</operation>
			<operation error="log">
				<search index="2,4,5,6"><![CDATA[if (isset($this->request->get['order'])) {]]></search>
				<add position="before"><![CDATA[if (isset($this->request->get['manufacturer'])) { $url .= '&manufacturer=' . $this->request->get['manufacturer']; }]]></add>
			</operation>
			<operation error="log">
				<search><![CDATA[$results = $this->model_catalog_product->getProducts($filter_data);]]></search>
				<add position="before"><![CDATA[
			$manufacturers = $this->model_catalog_manufacturer->getManufacturers();
			
			$data['manufacturers'] = array();
			/*
			$data['manufacturers'][] = array(
				'name'  => $this->language->get('text_filter'),
				'value' => '0',
				'href'  => $this->url->link('product/manufacturer/info', 'manufacturer_id=0')
			);
			*/
			if(is_array($manufacturers) && count($manufacturers) > 0){
				foreach ($manufacturers as $man){
					if ($man['name'] == '') {

					} else {
					
					if (isset($this->request->post['config_manufacturer_cat_count'])) {
						$data['config_manufacturer_cat_count'] = $this->request->post['config_manufacturer_cat_count'];
					} else {
						$data['config_manufacturer_cat_count'] = $this->config->get('config_manufacturer_cat_count');
					}
					
					if ($data['config_manufacturer_cat_count']) {
						if ($this->language->get('direction') == 'rtl') {
							$man_name = "(" . $man['products_total'] . ")" . $man['name'];
						} else {
							$man_name = $man['name'] . "(". $man['products_total'] .")";
						}
					} else {
						$man_name = $man['name'];
					}

					if ($this->language->get('direction') == 'rtl') {
						$data['manufacturers'][] = array(
						'name'  => $man_name,
						'value' => $man['manufacturer_id'],
						'href'  => $this->url->link('product/manufacturer/info', 'manufacturer_id=' . $man['manufacturer_id'])
						);
					} else {
						$data['manufacturers'][] = array(
						'name'  => $man_name,
						'value' => $man['manufacturer_id'],
						'href'  => $this->url->link('product/manufacturer/info', 'manufacturer_id=' . $man['manufacturer_id'])
						);	
					}
					}
				}
			}
			]]></add>
			</operation>
		</file>
		
		<file path="catalog/model/catalog/manufacturer.php">
			<operation error="log">
				<search><![CDATA[return $manufacturer_data;]]></search>
				<add position="after" offset="2"><![CDATA[
				public function getManufacturersByCategories($category_ids) {
					if (is_array($category_ids) && count($category_ids) > 0) {
					$path = '';
					$parts = explode('_', (string)$this->request->get['path']);
					$category_ids = (int)array_pop($parts);
				
					$query = $this->db->query("SELECT m.manufacturer_id, m.name, COUNT(p.product_id) AS products_total FROM " . DB_PREFIX . "product_to_category pc 
					LEFT JOIN " . DB_PREFIX . "product p ON (p.product_id = pc.product_id) 
					LEFT JOIN " . DB_PREFIX . "manufacturer m ON (m.manufacturer_id = p.manufacturer_id) 
					WHERE pc.category_id IN (".$category_ids.") AND p.status = 1 AND p.quantity > -1 
					GROUP BY m.manufacturer_id ORDER BY m.name ASC");
				
					return $query->rows;
					}
					return false;
				}
				]]></add>
			</operation>
		</file>
		
        <file path="catalog/view/theme/*/template/product/category.tpl">
			<operation error="skip">
				<search><![CDATA[<h1><?php echo $heading_title; ?></h1>]]></search>
				<add position="after"><![CDATA[
				<?php if ($manufacturers) { ?>
					<div class="category_manufacturers">
					<?php foreach ($manufacturers as $manufacturer) { ?>
						<div style="display:inline-block;float:left;padding:3px 12px;border:1px solid #ccc;margin:0 15px 10px 0;">
							<a href="<?php echo $manufacturer['href']; ?>"> <?php echo $manufacturer['name']; ?></a>
						</div>
					<?php } ?>
					</div>
					<div class="clearfix"></div>
				<?php } ?>
				]]></add>
			</operation>
		  <operation error="skip">
				<search><![CDATA[<h2><?php echo $heading_title; ?></h2>]]></search>
				<add position="after"><![CDATA[
				<?php if ($manufacturers) { ?>
					<div class="category_manufacturers">
					<?php foreach ($manufacturers as $manufacturer) { ?>
						<div style="display:inline-block;float:left;padding:3px 12px;border:1px solid #ccc;margin:0 15px 10px 0;">
							<a href="<?php echo $manufacturer['href']; ?>"> <?php echo $manufacturer['name']; ?></a>
						</div>
					<?php } ?>
					</div>
					<div class="clearfix"></div>
				<?php } ?>
				]]></add>
			</operation>
		</file>
		
</modification>