<modification>
	<name>Product Weight &amp; Size </name>
	<code>Product-Weight-Size</code>
	<version>1.0</version>
	<author>opencart2x.ru</author>
	<link>https://opencart2x.ru/</link>

	<file path="catalog/language/{english,en-gb}/product/product.php">
		<operation error="log">
		 <search><![CDATA[
			<?php
		 ]]></search>
		 <add position="after"><![CDATA[
			$_['text_weight']             = 'Weight:';
			$_['text_size']               = 'Size (LxWxH):';
		 ]]></add>
		</operation>
	</file>
	<file path="catalog/language/{russian,ru-ru}/product/product.php">
		<operation error="log">
		 <search><![CDATA[
			<?php
		 ]]></search>
		 <add position="after"><![CDATA[
			$_['text_weight']             = 'Вес:';
			$_['text_size']               = 'Размеры (ДxШxВ):';
		 ]]></add>
		</operation>
	</file>
	<file path="catalog/controller/product/product.php">
		<operation error="log">
		 <search><![CDATA[$data['text_model'] = $this->language->get('text_model');]]></search>
		 <add position="after"><![CDATA[
			$data['text_weight'] = $this->language->get('text_weight');
			$data['text_size'] = $this->language->get('text_size');
		 ]]></add>
		</operation>
		<operation error="log">
		 <search><![CDATA[$data['model'] = $product_info['model'];]]></search>
		 <add position="after"><![CDATA[
			if ($product_info['weight']>0) {
				$data['weight'] = $this->weight->format($product_info['weight'], $product_info['weight_class_id']);
			} else {
				$data['weight'] = '';
			}
			if ($product_info['length']>0) {
				$data['length'] = $this->length->format($product_info['length'], $product_info['length_class_id']);
			} else {
				$data['length'] = '';
			}
			if ($product_info['width']>0) {
				$data['width'] = $this->length->format($product_info['width'], $product_info['length_class_id']);
			} else {
				$data['width'] = '';
			}
			if ($product_info['height']>0) {
				$data['height'] = $this->length->format($product_info['height'], $product_info['length_class_id']);
			} else {
				$data['height'] = '';
			}
		 ]]></add>
		</operation>
	</file>
	<file path="catalog/view/theme/*/template/product/product.tpl">
		<operation error="log">
		 <search><![CDATA[<?php echo $stock; ?></li>]]></search>
		 <add position="replace"><![CDATA[
		 	<?php echo $stock; ?></li>
			<?php if ($weight) { ?>
				<li><?php echo $text_weight; ?> <?php echo $weight; ?></li>
			<?php } ?>
			<?php if ($length || $width || $height) { ?>
				<li><?php echo $text_size; ?> <?php echo $length; ?> x <?php echo $width; ?> x <?php echo $height; ?></li>
			<?php } ?>
		 ]]></add>
		</operation>
		<operation error="log">
		 <search><![CDATA[<?php echo $stock; ?></span></li>]]></search>
		 <add position="replace"><![CDATA[
		 	<?php echo $stock; ?></span></li>
			<?php if ($weight) { ?>
				<li><?php echo $text_weight; ?> <span><?php echo $weight; ?></span></li>
			<?php } ?>
			<?php if ($length || $width || $height) { ?>
				<li><?php echo $text_size; ?> <span><?php echo $length; ?> x <?php echo $width; ?> x <?php echo $height; ?></span></li>
			<?php } ?>
		 ]]></add>
		</operation>
	</file>
	
</modification>