<?xml version="1.0" encoding="utf-8"?>
<modification>
    <code>remove_price_oc2</code>
    <name>Remove Price</name>
    <version>2.0</version>
    <author>opencart2x.ru</author>
    <link>https://opencart2x.ru</link>

    <file path="catalog/view/theme/*/template/product/product.tpl">
        <operation>
            <search trim="true" error="skip"><![CDATA[
                <?php if ($price) { ?>
            ]]></search>
            <add position="replace" trim="true"><![CDATA[
                <?php if ($price=='abc') { ?>
            ]]></add>
        </operation>
    </file>

    <file path="catalog/view/theme/*/template/module/*">
        <operation>
            <search trim="true" error="skip"><![CDATA[
                <?php if ($product['price']) { ?>
            ]]></search>
            <add position="replace" trim="true"><![CDATA[
                <?php if ($product['price']=='abc') { ?>
            ]]></add>
        </operation>
    </file>
      <file path="catalog/view/theme/*/template/product/*">
        <operation>
            <search trim="true" error="skip"><![CDATA[
                <?php if ($product['price']) { ?>
            ]]></search>
            <add position="replace" trim="true"><![CDATA[
                <?php if ($product['price']=='abc') { ?>
            ]]></add>
        </operation>
    </file>
</modification>