<modification>
    <name>Дополнительные телефоны</name>
	<code>additional-phones</code>
    <version>2</version>
    <author>opencart2x.ru</author>
    <link>https://opencart2x.ru</link>
	<file path="admin/controller/setting/setting.php">
        <operation>
			<search><![CDATA[if (isset($this->request->post['config_fax'])) {]]></search>
            <add position="before">
                <![CDATA[
                	/*additional-phones*/
					if (isset($this->request->post['config_telephone2'])) {
						$data['config_telephone2'] = $this->request->post['config_telephone2'];
					} else {
						$data['config_telephone2'] = $this->config->get('config_telephone2');
					}
					
					if (isset($this->request->post['config_telephone3'])) {
						$data['config_telephone3'] = $this->request->post['config_telephone3'];
					} else {
						$data['config_telephone3'] = $this->config->get('config_telephone3');
					}
					
					if (isset($this->request->post['config_telephone4'])) {
						$data['config_telephone4'] = $this->request->post['config_telephone4'];
					} else {
						$data['config_telephone4'] = $this->config->get('config_telephone4');
					}
					/*additional-phones*/
				]]>
            </add>
        </operation>
    </file>
    <file path="admin/view/template/setting/setting.tpl">
        <operation>
			<search><![CDATA[<label class="col-sm-2 control-label" for="input-fax"><?php echo $entry_fax; ?></label>]]></search>
            <add position="before" offset="1">
                <![CDATA[
                	<!--additional-phones-->
					<div class="form-group">
	                  <label class="col-sm-2 control-label" for="input-telephone2"><?php echo $entry_telephone; ?></label>
	                  <div class="col-sm-10">
	                    <input type="text" name="config_telephone2" value="<?php echo $config_telephone2; ?>" placeholder="<?php echo $entry_telephone; ?>" id="input-telephone2" class="form-control" />
	                  </div>
	                </div>
					<div class="form-group">
	                  <label class="col-sm-2 control-label" for="input-telephone3"><?php echo $entry_telephone; ?></label>
	                  <div class="col-sm-10">
	                    <input type="text" name="config_telephone3" value="<?php echo $config_telephone3; ?>" placeholder="<?php echo $entry_telephone; ?>" id="input-telephone3" class="form-control" />
	                  </div>
	                </div>
					<div class="form-group">
	                  <label class="col-sm-2 control-label" for="input-telephone4"><?php echo $entry_telephone; ?></label>
	                  <div class="col-sm-10">
	                    <input type="text" name="config_telephone4" value="<?php echo $config_telephone4; ?>" placeholder="<?php echo $entry_telephone; ?>" id="input-telephone4" class="form-control" />
	                  </div>
	                </div>
					<!--additional-phones-->
				]]>
            </add>
        </operation>
    </file>
    <file path="catalog/controller/common/header.php">
        <operation error="log">
			<search><![CDATA[$data['telephone'] = $this->config->get('config_telephone');]]></search>
            <add position="after">
                <![CDATA[
					/*additional-phones*/
					$data['telephone2'] = $this->config->get('config_telephone2');
					$data['telephone3'] = $this->config->get('config_telephone3');
					$data['telephone4'] = $this->config->get('config_telephone4');
					/*additional-phones*/
				]]>
            </add>
        </operation>
    </file>
    <file path="catalog/view/theme/*/template/common/header.tpl">
        <operation error="log">
			<search><![CDATA[<li><a href="<?php echo $contact; ?>"><i class="fa fa-phone"></i></a> <span class="hidden-xs hidden-sm hidden-md"><?php echo $telephone; ?></span></li>]]></search>
            <add position="replace">
                <![CDATA[
					<!--additional-phones-->
					<li class="dropdown">
					  <a href="#" class="dropdown-toggle" data-toggle="dropdown"><i class="fa fa-phone"></i> <span class="hidden-xs hidden-sm hidden-md"><?php echo $telephone; ?></span> <span class="caret"></span></a>
			          <ul class="dropdown-menu dropdown-menu-right">
			          	<?php if($telephone2) { ?>
			            	<li><a href="tel:<?php echo $telephone2; ?>"><?php echo $telephone2; ?></a></li>
			            <?php } ?>
			            <?php if($telephone3) { ?>
			           		<li><a href="tel:<?php echo $telephone3; ?>"><?php echo $telephone3; ?></a></li>
						<?php } ?>
			           	<?php if($telephone4) { ?>
			           		<li><a href="tel:<?php echo $telephone4; ?>"><?php echo $telephone4; ?></a></li>
			           	<?php } ?>
			          </ul>
			        </li>
					<!--additional-phones-->
				]]>
            </add>
        </operation>
    </file>
    <file path="catalog/controller/information/contact.php">
        <operation error="log">
			<search><![CDATA[$data['telephone'] = $this->config->get('config_telephone');]]></search>
            <add position="after">
                <![CDATA[
					/*additional-phones*/
					$data['telephone2'] = $this->config->get('config_telephone2');
					$data['telephone3'] = $this->config->get('config_telephone3');
					$data['telephone4'] = $this->config->get('config_telephone4');
					/*additional-phones*/
				]]>
            </add>
        </operation>
    </file>
    <file path="catalog/view/theme/*/template/information/contact.tpl">
        <operation error="log">
			<search><![CDATA[<?php echo $telephone; ?><br />]]></search>
            <add position="after">
                <![CDATA[
					<!--additional-phones-->
			        <?php if($telephone2) {
			        	echo $telephone2 . '<br />';
			        }
			        if($telephone3) {
			        	echo $telephone3 . '<br />';
			        }
			        if($telephone4) {
			        	echo $telephone4 . '<br />';
			        }
			        ?>
					<!--additional-phones-->
				]]>
            </add>
        </operation>
    </file>
</modification>
