<?xml version="1.0" encoding="UTF-8"?>
<modification>
        <name>Auction OCMOD</name>
        <version>1.0.0</version>
        <author>webkul</author>
        <link>http://webkul.com</link>
        <code>Auction OCMOD</code>

         <file path="admin/controller/common/menu.php">
                <operation>
                        <search><![CDATA[
              return $this->load->view('common/menu.tpl', $data);
                        ]]></search>
                        <add position="before"><![CDATA[
    $data['cp_bids'] = $this->url->link('catalog/wkauction_bids', 'token=' . $this->session->data['token'],'SSL');
                        $data['wk_get_timezone']  = $this->config->get('wkproduct_auction_timezone_set');
                        ]]></add>
                </operation>
        </file>
       
        <file path="admin/view/template/common/menu.tpl">
                <operation>
                        <search><![CDATA[
                        <li id="dashboard"><a href="<?php echo $home; ?>"><i class="fa fa-dashboard fa-fw"></i> <span><?php echo $text_dashboard; ?></span></a></li>
                        ]]></search>
                        <add position="after"><![CDATA[
              <?php if(isset($wk_get_timezone)){ ?>
                <li id="bids"><a href="<?php echo $cp_bids ?>"><i class="fa fa-image fa-fw"></i><span><?php echo "Auction Bids"; ?></span></a>            
                </li>
              <?php } ?>
                              ]]></add>
                </operation>
        </file>


        <file path="admin/language/english/catalog/product.php">
                <operation>
                        <search><![CDATA[
                       $_['error_warning']                       
                        ]]></search>
                        <add position="before"><![CDATA[                          
                                $_['entry_auction']          = 'Auction';
                                $_['tab_auction']            = 'Auction';
                                $_['entry_min']              = 'Minimum Price';
                                $_['entry_max']              = 'Maximum Price';
                                $_['entry_date']             = 'End Date';
                                $_['entry_sdate']            = 'Start Date';
                                $_['entry_acution_button']   = 'Add Auction';
                                $_['entry_isacution']        = 'Active';
                                $_['entry_quantitylimit']   = 'Product Quantity Limit';
                                $_['entry_voucherlimit']        = 'Voucher Time Limit'; 
                                $_['help_quantitylimit']   = 'Enter Minimum Product Quantity For Auction';
                                $_['help_voucherlimit']        = 'Enter Date After which voucher will Expire';                       

                        ]]></add>
                </operation>
        </file>

 <file path="admin/model/catalog/product.php">
                <operation>
                        <search><![CDATA[
                       public function addProduct($data) {
                        ]]></search>
                        <add position="before"><![CDATA[                        
      public function getProductAuctions($product_id) {            
        $data = $this->db->query("SELECT * FROM " . DB_PREFIX . "wkauction WHERE product_id = '" . (int)$product_id . "' GROUP BY id");        
        
        return $data->rows;
    }
                        ]]></add>
                </operation>

                <operation>
                        <search><![CDATA[
                       $product_id = $this->db->getLastId();
                        ]]></search>
                        <add position="after"><![CDATA[
        if($this->config->get('wkproduct_auction_timezone_set')){      
            if (isset($data['auction_min']) && isset($data['auction_max']) && isset($data['auction_end'])) {
            
                
                    $this->db->query("INSERT INTO " . DB_PREFIX . "wkauction SET product_id = '" . (int)$product_id . "', name = '" .$data['auction_name']. "', min = '" .$data['auction_min'].  "', isauction = '" .$data['isauction'] ."', max = '" .$data['auction_max'] ."', start_date = '" .$data['auction_start'] . "', end_date = '" .$data['auction_end'] . "', quantity_limit = '" . $data['product_quantity_limit'] . "', voucher_time_limit = '" . $data['voucher_expiry'] . "'");
               }         
        }
                        ]]></add>
                </operation>

                <operation>
                        <search><![CDATA[
                       public function editProduct($product_id, $data) {
                        ]]></search>
                        <add position="after"><![CDATA[
      if($this->config->get('wkproduct_auction_timezone_set')){
              if (isset($data['auction_min']) && isset($data['auction_max']) && isset($data['auction_end'])) {
                    $auct=$this->db->query("SELECT * FROM " . DB_PREFIX . "wkauction WHERE product_id = '" . (int)$product_id . "'");
                   
                    $auct=$auct->row;

                    if(count($auct)!=0){
                     $this->db->query("UPDATE " . DB_PREFIX . "wkauction SET product_id = '" . (int)$product_id . "', name = '" .$data['auction_name']. "', min = '" .$data['auction_min'].  "', isauction = '" .$data['isauction'] ."', start_date = '" .$data['auction_start']."', max = '" .$data['auction_max'] . "', end_date = '" .$data['auction_end'] . "', quantity_limit = '" . $data['product_quantity_limit'] . "', voucher_time_limit = '" . $data['voucher_expiry'] . "' WHERE id ='" .(int)$auct['id'] . "'");
                        }
                    else{
                         $this->db->query("INSERT INTO " . DB_PREFIX . "wkauction SET product_id = '" . (int)$product_id . "', name = '" .$data['auction_name']. "', min = '" .$data['auction_min'].  "', isauction = '" .$data['isauction'] ."', max = '" .$data['auction_max'] ."', start_date = '" .$data['auction_start'] . "', end_date = '" .$data['auction_end'] . "', quantity_limit = '" . $data['product_quantity_limit'] . "', voucher_time_limit = '" . $data['voucher_expiry'] . "'");
                    }
                }
        }
                        ]]></add>
                </operation>

        </file>


  <file path="admin/controller/catalog/product.php">
                <operation>
                        <search><![CDATA[
                    $data['option_values'] = array();
                        ]]></search>
                        <add position="before"><![CDATA[
                          
          $data['wkget_timezone'] = $this->config->get('wkproduct_auction_timezone_set');
          if($data['wkget_timezone']){
              $data['tab_auction'] = $this->language->get('tab_auction');
              $data['entry_min'] = $this->language->get('entry_min');
              $data['entry_max'] = $this->language->get('entry_max');
              $data['entry_date'] = $this->language->get('entry_date');
              $data['entry_sdate'] = $this->language->get('entry_sdate');
              $data['entry_auction'] = $this->language->get('entry_auction');
              $data['entry_acution_button'] = $this->language->get('entry_acution_button');
              $data['entry_isacution'] = $this->language->get('entry_isacution');
              $data['entry_quantitylimit'] = $this->language->get('entry_quantitylimit');
              $data['entry_voucherlimit'] = $this->language->get('entry_voucherlimit');
              $data['help_quantitylimit'] = $this->language->get('help_quantitylimit');
              $data['help_voucherlimit'] = $this->language->get('help_voucherlimit');            

              $product_auctions = array();              
              
              $data['isauction'] = 0;
              $data['auction_min']='';
              $data['auction_max']='';
              $data['auction_end']='';
              $data['auction_start']='';
              $data['auction_name']='';
              $data['product_quantity_limit']='';
              $data['voucher_expiry']='';
              
             if (isset($this->request->get['product_id'])) {
                  $product_auctions = $this->model_catalog_product->getProductAuctions($this->request->get['product_id']);

                  foreach ($product_auctions as $product_auction) {
                           $data['isauction']=$product_auction['isauction'];
                           $data['auction_min']=$product_auction['min'];
                           $data['auction_max']= $product_auction['max'];
                           $data['auction_end']=$product_auction['end_date'];
                           $data['auction_name']=$product_auction['name'];
                           $data['auction_start']=$product_auction['start_date'];
                           $data['product_quantity_limit']=$product_auction['quantity_limit'];
                           $data['voucher_expiry']=$product_auction['voucher_time_limit'];
                      }
                 }
              else{       
                  if (isset($this->request->post['isauction'])) {
                      $data['isauction'] = $this->request->post['isauction'];
                  } else {
                      $data['isauction'] = $this->config->get('isauction');
                  }
                  if (isset($this->request->post['auction_name'])) {
                      $data['auction_name'] = $this->request->post['auction_name'];
                  } else {
                      $data['auction_name'] = $this->config->get('auction_name');
                  }
                  if (isset($this->request->post['auction_min'])) {
                      $data['auction_min'] = $this->request->post['auction_min'];
                  } else {
                      $data['auction_min'] = $this->config->get('auction_min');
                  }
                  if (isset($this->request->post['auction_max'])) {
                      $data['auction_max'] = $this->request->post['auction_max'];
                  } else {
                      $data['auction_max'] = $this->config->get('auction_max');
                  }
                  if (isset($this->request->post['auction_end'])) {
                      $data['auction_end'] = $this->request->post['auction_end'];
                  } else {
                      $data['auction_end'] = $this->config->get('auction_end');
                  }
                  if (isset($this->request->post['auction_start'])) {
                      $data['auction_start'] = $this->request->post['auction_start'];
                  } else {
                      $data['auction_start'] = $this->config->get('auction_start');
                  }
                  if (isset($this->request->post['product_quantity_limit'])) {
                      $data['product_quantity_limit'] = $this->request->post['product_quantity_limit'];
                  } else {
                      $data['product_quantity_limit'] = $this->config->get('product_quantity_limit');
                  }
                  if (isset($this->request->post['voucher_expiry'])) {
                      $data['voucher_expiry'] = $this->request->post['voucher_expiry'];
                  } else {
                      $data['voucher_expiry'] = $this->config->get('voucher_expiry');
                  }
              }
          }
                        ]]></add>
                </operation>

        </file>

 <file path="admin/view/template/catalog/product_form.tpl">
                <operation>
                        <search><![CDATA[
                      <li><a href="#tab-design" data-toggle="tab"><?php echo $tab_design; ?></a></li>
                        ]]></search>
                        <add position="replace"><![CDATA[
                           <li><a href="#tab-design" data-toggle="tab"><?php echo $tab_design; ?></a></li>
                            <?php if(isset($wkget_timezone)){ ?>
                           <li><a href="#tab-auction" data-toggle="tab"><?php echo $tab_auction; ?></a></li>
                            <?php } ?>
                      ]]></add>
                </operation>

                <operation>
                        <search><![CDATA[
                       <div class="tab-pane" id="tab-design">
                        ]]></search>
                        <add position="before"><![CDATA[
                    <?php if(isset($wkget_timezone)){ ?>
                            <div class="tab-pane" id="tab-auction">
                              <div class="form-group">
                                <label class="col-sm-2 control-label" ><?php echo $entry_isacution; ?></label>
                                <div class="col-sm-10">
                                  <label class="radio-inline">
                                  <input type="radio" name="isauction" value="1" <?php if($isauction) echo " checked" ?> />Yes</label>
                                  <label class="radio-inline">
                                  <input type="radio" name="isauction" value="0" <?php if(!$isauction) echo " checked"; ?> />No</label>
                                </div>
                              </div>
                              <div class="form-group">
                                <label class="col-sm-2 control-label" for="input-name"><?php echo $entry_auction; ?></label>
                                <div class="col-sm-10">                                 
                                  <input type="text" name="auction_name" value="<?php echo $auction_name;?>" class="form-control" id="input-name" />                                                                              
                                </div>
                              </div>
                              <div class="form-group">
                                <label class="col-sm-2 control-label" for="input-min"><?php echo $entry_min; ?></label>
                                <div class="col-sm-10">                                 
                                  <input type="text" name="auction_min" value="<?php echo $auction_min;?>" class="form-control" id="input-min" />                                                       
                                </div>
                              </div>
                              <div class="form-group">
                                <label class="col-sm-2 control-label" for="input-max"><?php echo $entry_max; ?></label>
                                <div class="col-sm-10">                                 
                                  <input type="text" name="auction_max" value="<?php echo $auction_max;?>" class="form-control" id="input-max" />                                                       
                                </div>
                              </div>    
                              <div class="form-group">
                                <label class="col-sm-2 control-label"><span data-toggle="tooltip" title="" data-original-title="<?php echo $entry_sdate; ?>"><?php echo $entry_sdate; ?></span></label>
                                <div class="col-sm-3">
                                  <div class="input-group datetime">
                                          <input type="text" name="auction_start" value="<?php echo $auction_start;?>" placeholder="Date Available" data-date-format="YYYY-MM-DD HH:mm" id="input-date-available" class="form-control">
                                          <span class="input-group-btn">
                                          <button class="btn btn-default" type="button"><i class="fa fa-calendar"></i></button>
                                          </span>
                                  </div>                                        
                                </div>
                              </div> 
                              <div class="form-group">
                                <label class="col-sm-2 control-label"><span data-toggle="tooltip" title="" data-original-title="<?php echo $entry_date; ?>"><?php echo $entry_date; ?></span></label>
                                <div class="col-sm-3">
                                  <div class="input-group datetime">
                                          <input type="text" name="auction_end" value="<?php echo $auction_end;?>" placeholder="Date Available" data-date-format="YYYY-MM-DD HH:mm" id="input-date-available" class="form-control">
                                          <span class="input-group-btn">
                                          <button class="btn btn-default" type="button"><i class="fa fa-calendar"></i></button>
                                          </span>
                                  </div>                                        
                                </div>
                              </div> 
                              <div class="form-group">
                                <label class="col-sm-2 control-label" for="input-pquantity"><span data-toggle="tooltip" title="" data-original-title="<?php echo $help_quantitylimit; ?>"><?php echo $entry_quantitylimit; ?></span></label>
                                <div class="col-sm-10">                                 
                                  <input type="text" name="product_quantity_limit" value="<?php echo $product_quantity_limit;?>" class="form-control" id="input-pquantity" />                                                       
                                </div>
                              </div>  
                                <div class="form-group">
                                <label class="col-sm-2 control-label"><span data-toggle="tooltip" title="" data-original-title="<?php echo $help_voucherlimit; ?>"><?php echo $entry_voucherlimit; ?></span></label>
                                <div class="col-sm-3">
                                  <div class="input-group datetime">
                                          <input type="text" name="voucher_expiry" value="<?php echo $voucher_expiry;?>" placeholder="Date Available" data-date-format="YYYY-MM-DD HH:mm" id="input-date-available" class="form-control">
                                          <span class="input-group-btn">
                                          <button class="btn btn-default" type="button"><i class="fa fa-calendar"></i></button>
                                          </span>
                                  </div>                                        
                                </div>
                              </div>                                                        
                            </div>                   
                          <?php } ?>
                          <script>
                            $('.datetime').datetimepicker({
                              pickDate: true,
                              pickTime: true
                            });
                          </script>

                        ]]></add>
                </operation>
        </file>
        
         <file path="catalog/controller/common/header.php">
                <operation>
                        <search><![CDATA[
                        $data['checkout'] = $this->url->link('checkout/checkout', '', 'SSL');
                        ]]></search>
                        <add position="before"><![CDATA[
                          $data['wkget_timezone'] = $this->config->get('wkproduct_auction_timezone_set');
                      if($data['wkget_timezone']){
                          $data['menuauction'] = $this->url->link('catalog/wkallauctions', '', 'SSL');
                        }
                        ]]></add>
                </operation>



        </file>

        <file path="catalog/view/theme/*/template/common/header.tpl">
                <operation>
                        <search><![CDATA[
                        <li><a href="<?php echo $checkout; ?>" title="<?php echo $text_checkout; ?>"><i class="fa fa-share"></i> <span class="hidden-xs hidden-sm hidden-md"><?php echo $text_checkout; ?></span></a></li>
                        ]]></search>
                        <add position="replace"><![CDATA[
                          
                         <?php if($wkget_timezone){ ?>
                             <li><a href="<?php echo $menuauction; ?>"><i class="fa fa-image"></i> <span class="hidden-xs hidden-sm hidden-md">Auction</span></a></li>
                        <?php } ?>
                         <li><a href="<?php echo $checkout; ?>" title="<?php echo $text_checkout; ?>"><i class="fa fa-share"></i> <span class="hidden-xs hidden-sm hidden-md"><?php echo $text_checkout; ?></span></a></li>
                              ]]></add>
                </operation>
        </file>
       
        <file path="catalog/controller/product/search.php">
                <operation>
                        <search><![CDATA[
                          $this->load->model('tool/image');
                          ]]></search>
                        <add position="after"><![CDATA[
                          $data['wkget_timezone'] = $this->config->get('wkproduct_auction_timezone_set');
                         if($data['wkget_timezone']){
                              $this->load->model('module/wkproduct_auction'); 
            $this->document->addScript('catalog/view/javascript/wkproduct_auction/jquery.lwtCountdown-1.0.js'); 
            $this->document->addStyle('catalog/view/theme/default/stylesheet/wkauction/main.css');
            date_default_timezone_set($this->config->get('wkproduct_auction_timezone_set'));
            $data['auctionProduct'] = $this->model_module_wkproduct_auction->getProductAuction();
                          }
                              ]]></add>
                </operation>
        </file>
               <file path="catalog/controller/product/product.php">
                <operation>
                        <search><![CDATA[
                        $this->load->model('catalog/category');
                          ]]></search>
                        <add position="before"><![CDATA[
                        $this->load->model('module/wkproduct_auction');
            $chk_auction = $this->model_module_wkproduct_auction->getAuction($this->request->get['product_id']);
            foreach ($chk_auction as $key => $value) {
              if(isset($value['product_id'])){
                          if($this->config->get('wkproduct_auction_cartstatus') && $this->config->get('wkproduct_auction_status')){
                          $data['wk_cart_option'] = true;
                          }
            }
          }
                           ]]></add>
                </operation>
              </file> 
             <file path="catalog/view/theme/*/template/product/product.tpl">
                <operation>
                        <search><![CDATA[
                        $('button[id^=\'button-upload\']').on('click', function() {
                          ]]></search>
                        <add position="before"><![CDATA[                          
                          <?php if(isset($wk_cart_option) && $wk_cart_option){ ?>
                            $("#button-cart").attr('disabled',true);
                            $(".btn-group").children("button").attr('disabled',true);
                          <?php } else{ ?>
                            $("#button-cart").removeAttr('disabled');
                            $(".btn-group").children("button").removeAttr('disabled');
                           <?php } ?>
                           ]]></add>
                </operation>
              </file> 
              <file path="catalog/controller/product/search.php">
                <operation>
                        <search><![CDATA[
                          $data['products'][] = array(
                          ]]></search>
                        <add position="before"><![CDATA[                     
            if($this->config->get('wkproduct_auction_status') && $this->config->get('wkproduct_auction_cartstatus')){
                $data['wk_cart_option'] = true;                  
                }else{
                  $data['wk_cart_option'] = false;
                }
                           ]]></add>
                </operation>
              </file> 
  <file path="catalog/view/theme/*/template/product/search.tpl">
                 <operation>
                        <search><![CDATA[
                        <button type="button" onclick="cart.add('<?php echo $product['product_id']; ?>');"
                          ]]></search>
                        <add position="replace"><![CDATA[   
                             <button type="button" onclick="cart.add('<?php echo $product['product_id']; ?>');"
                       <?php if($auctionProduct) {
        foreach($auctionProduct as $auction) {
        if($auction['product_id'] == $product['product_id']){
           if($wk_cart_option){ echo 'disabled'; } 
                          }
                          } }?>
                           ]]></add>
                </operation> 
                 <operation>
                        <search><![CDATA[
                        <button type="button" data-toggle="tooltip" title="<?php echo $button_wishlist; ?>"
                          ]]></search>
                        <add position="repalce"><![CDATA[   
                            <button type="button" data-toggle="tooltip" title="<?php echo $button_wishlist; ?>"
                       <?php if($auctionProduct) {
        foreach($auctionProduct as $auction) {
        if($auction['product_id'] == $product['product_id']){
           if($wk_cart_option){ echo 'disabled'; } 
                          }
                          } }?>
                           ]]></add>
                </operation> 
                <operation>
                        <search><![CDATA[
                       <button type="button" data-toggle="tooltip" title="<?php echo $button_compare; ?>"
                          ]]></search>
                        <add position="repalce"><![CDATA[   
                            <button type="button" data-toggle="tooltip" title="<?php echo $button_compare; ?>"
                       <?php if($auctionProduct) {
        foreach($auctionProduct as $auction) {
        if($auction['product_id'] == $product['product_id']){
           if($wk_cart_option){ echo 'disabled'; } 
                          }
                          } }?>
                           ]]></add>
                </operation>               
                <operation>
                        <search><![CDATA[
        <p><?php echo $product['description']; ?></p>
                        ]]></search>
                        <add position="replace"><![CDATA[
     <p><?php echo $product['description']; ?>
                         <?php if($wkget_timezone){ ?>
                              <?php if($auctionProduct) {
        
        foreach($auctionProduct as $auction) {
        if($auction['product_id'] == $product['product_id']){
        $sa=explode(" ",$auction['end_date']);
        $dat=explode("-",$sa[0]);
        $tim=explode(":",$sa[1]);
        
        //if($tim[0] >= date("H") && $tim[1] >= date("i")){
        //$tim[0] = $tim[0] - date("H");
        //$tim[1] = ($tim[1] - date("i"));
        //}else if($tim[0] <= date("H") && $tim[1] >= date("i")){
        //$tim[1] = $tim[1] - date("i");
        //$tim[0] = 0;
        //}else if($tim[0] <= date("H") && $tim[1] <= date("i")){
        //$tim[1] = $tim[1] + (60 - date("i"));
        //$tim[1] = 0;
        //}else if($tim[0] >= date("H") && $tim[1] <= date("i")){
        //$tim[0] = ($tim[0] - date("H")) - 1;
        //$tim[1] = $tim[1] + (60 - date("i"));
        //}
      ?>
      <div id="countdown_dashboard<?php echo $auction['product_id']; ?>" style="width: 100%;margin-top: 20px;">
      <div class="dash weeks_dash">
        <div class="digit">0</div>
        <div class="digit">0</div>
      </div>

      <div class="dash days_dash">
        <div class="digit">0</div>
        <div class="digit">0</div>
      </div>

      <div class="dash hours_dash">
        <div class="digit">0</div>
        <div class="digit">0</div>
      </div>

      <div class="dash minutes_dash">
        <div class="digit">0</div>
        <div class="digit">0</div>
      </div>

      <div class="dash seconds_dash">
        <div class="digit">0</div>
        <div class="digit">0</div>
      </div>

      <div style="color:seagreen"><span>&nbsp&nbsp&nbspW&nbsp&nbsp </span><span>&nbsp&nbsp&nbsp&nbspDay </span><span>&nbsp&nbsp&nbspHour </span><span>&nbsp&nbsp&nbspMin </span><span>&nbsp&nbspSec </span></div>

    </div>
    <script>
        id = '<?php echo $auction['product_id']; ?>';
        //D = new Date();
        //y = D.getFullYear();
        //mo = D.getMonth();
        //d = D.getDate();
        //h = D.getHours()
        //m = D.getMinutes();
        //s = D.getSeconds();
        //  d = <?php echo $dat[2]; ?>;
        //if(h+<?php echo $tim[0]; ?> >= 24){
        //  d = d+1;
        //  h = (h+<?php echo $tim[0]; ?> - 24);
        //}else{
        //  h = h+<?php echo $tim[0]; ?>;
        //}
        //if(m+<?php echo $tim[1]; ?> >= 60){
        //  h = h+1;
        //  m = (m+<?php echo $tim[1]; ?> - 60);
        //}else{
        //  m = m+<?php echo $tim[1]; ?>;
        //}
        $('#countdown_dashboard'+id).countDown({
          targetDate: {
            'day':    <?php echo $dat[2]; ?>,
            'month':  <?php echo $dat[1]; ?>,
            'year':   <?php echo $dat[0]; ?>,
            'hour':   <?php echo $tim[0]; ?>,
            'min':    <?php echo $tim[1]; ?>,
            'sec':    0,
          }
        });
    </script>
        <?php }
    }
      } ?>
        <?php } ?></p>
                              ]]></add>
                </operation>
        </file>
  
    <file path="catalog/controller/product/manufacturer.php">
                <operation>
                        <search><![CDATA[
      public function info() {
                        ]]></search>
                        <add position="after"><![CDATA[
                          $data['wkget_timezone'] = $this->config->get('wkproduct_auction_timezone_set');
                         if($data['wkget_timezone']){
                              $this->load->model('module/wkproduct_auction'); 
            $this->document->addScript('catalog/view/javascript/wkproduct_auction/jquery.lwtCountdown-1.0.js'); 
            $this->document->addStyle('catalog/view/theme/default/stylesheet/wkauction/main.css');
            date_default_timezone_set($this->config->get('wkproduct_auction_timezone_set'));
            $data['auctionProduct'] = $this->model_module_wkproduct_auction->getProductAuction();
                          }
                              ]]></add>
                </operation>
                <operation>
                        <search><![CDATA[
                          $data['products'][] = array(
                          ]]></search>
                        <add position="before"><![CDATA[                     
            if($this->config->get('wkproduct_auction_status') && $this->config->get('wkproduct_auction_cartstatus')){
                $data['wk_cart_option'] = true;                  
                }else{
                  $data['wk_cart_option'] = false;
                }
                           ]]></add>
                </operation>
        </file>
  
  <file path="catalog/view/theme/*/template/product/manufacturer_info.tpl">
               <operation>
                        <search><![CDATA[
                        <button type="button" onclick="cart.add('<?php echo $product['product_id']; ?>');"
                          ]]></search>
                        <add position="replace"><![CDATA[   
                            <button type="button" onclick="cart.add('<?php echo $product['product_id']; ?>');"
                       <?php if($auctionProduct) {
        foreach($auctionProduct as $auction) {
        if($auction['product_id'] == $product['product_id']){
           if($wk_cart_option){ echo 'disabled'; } 
                          }
                          } }?>
                           ]]></add>
                </operation> 
                 <operation>
                        <search><![CDATA[
                        <button type="button" data-toggle="tooltip" title="<?php echo $button_wishlist; ?>"
                          ]]></search>
                        <add position="repalce"><![CDATA[  
                        <button type="button" data-toggle="tooltip" title="<?php echo $button_wishlist; ?>" 
                       <?php if($auctionProduct) {
        foreach($auctionProduct as $auction) {
        if($auction['product_id'] == $product['product_id']){
           if($wk_cart_option){ echo 'disabled'; } 
                          }
                          } }?>
                           ]]></add>
                </operation> 
                <operation>
                        <search><![CDATA[
                       <button type="button" data-toggle="tooltip" title="<?php echo $button_compare; ?>"
                          ]]></search>
                        <add position="repalce"><![CDATA[   
                            <button type="button" data-toggle="tooltip" title="<?php echo $button_compare; ?>"
                       <?php if($auctionProduct) {
        foreach($auctionProduct as $auction) {
        if($auction['product_id'] == $product['product_id']){
           if($wk_cart_option){ echo 'disabled'; } 
                          }
                          } }?>
                           ]]></add>
                </operation>   
                <operation>
                        <search><![CDATA[
        <p><?php echo $product['description']; ?></p>
                        ]]></search>
                        <add  position="replace"><![CDATA[
      <p><?php echo $product['description']; ?>
                         <p><?php echo $product['description']; ?>
                         <?php if($wkget_timezone){ ?>
                              <?php if($auctionProduct) {
        
        foreach($auctionProduct as $auction) {
        if($auction['product_id'] == $product['product_id']){
        $sa=explode(" ",$auction['end_date']);
        $dat=explode("-",$sa[0]);
        $tim=explode(":",$sa[1]);
        
        //if($tim[0] >= date("H") && $tim[1] >= date("i")){
        //$tim[0] = $tim[0] - date("H");
        //$tim[1] = ($tim[1] - date("i"));
        //}else if($tim[0] <= date("H") && $tim[1] >= date("i")){
       // $tim[1] = $tim[1] - date("i");
        //$tim[0] = 0;
        //}else if($tim[0] <= date("H") && $tim[1] <= date("i")){
        //$tim[1] = $tim[1] + (60 - date("i"));
        //$tim[1] = 0;
        //}else if($tim[0] >= date("H") && $tim[1] <= date("i")){
        //$tim[0] = ($tim[0] - date("H")) - 1;
        //$tim[1] = $tim[1] + (60 - date("i"));
        }
      ?>
      <div id="countdown_dashboard<?php echo $auction['product_id']; ?>" style="width: 100%;margin-top: 20px;">
      <div class="dash weeks_dash">
        <div class="digit">0</div>
        <div class="digit">0</div>
      </div>

      <div class="dash days_dash">
        <div class="digit">0</div>
        <div class="digit">0</div>
      </div>

      <div class="dash hours_dash">
        <div class="digit">0</div>
        <div class="digit">0</div>
      </div>

      <div class="dash minutes_dash">
        <div class="digit">0</div>
        <div class="digit">0</div>
      </div>

      <div class="dash seconds_dash">
        <div class="digit">0</div>
        <div class="digit">0</div>
      </div>

    </div>
    <script>
        id = '<?php echo $auction['product_id']; ?>';
        //D = new Date();
        //y = D.getFullYear();
        //mo = D.getMonth();
        //d = D.getDate();
        //h = D.getHours()
        //m = D.getMinutes();
        //s = D.getSeconds();
        //  d = <?php echo $dat[2]; ?>;
        //if(h+<?php echo $tim[0]; ?> >= 24){
        //  d = d+1;
        //  h = (h+<?php echo $tim[0]; ?> - 24);
        //}else{
        //  h = h+<?php echo $tim[0]; ?>;
        //}
        //if(m+<?php echo $tim[1]; ?> >= 60){
        //  h = h+1;
        //  m = (m+<?php echo $tim[1]; ?> - 60);
        //}else{
        //  m = m+<?php echo $tim[1]; ?>;
        //}
        $('#countdown_dashboard'+id).countDown({
          targetDate: {
            'day':    <?php echo $dat[2]; ?>,
            'month':  <?php echo $dat[1]; ?>,
            'year':   <?php echo $dat[0]; ?>,
            'hour':   <?php echo $tim[0]; ?>,
            'min':    <?php echo $tim[1]; ?>,
            'sec':    0,
          }
        });
    </script>
        <?php }
    }
      } ?>
        <?php } ?></p>
                              ]]></add>
                </operation>
        </file>
  
  <file path="catalog/controller/product/special.php">
                <operation>
                        <search><![CDATA[
        $this->load->model('tool/image');
                        ]]></search>
                        <add position="after"><![CDATA[
                        $data['wkget_timezone'] = $this->config->get('wkproduct_auction_timezone_set');
                         if($data['wkget_timezone']){
                              $this->load->model('module/wkproduct_auction'); 
            $this->document->addScript('catalog/view/javascript/wkproduct_auction/jquery.lwtCountdown-1.0.js'); 
            $this->document->addStyle('catalog/view/theme/default/stylesheet/wkauction/main.css');
            date_default_timezone_set($this->config->get('wkproduct_auction_timezone_set'));
            $data['auctionProduct'] = $this->model_module_wkproduct_auction->getProductAuction();
                          }
                              ]]></add>
                </operation>
                <operation>
                        <search><![CDATA[
                          $data['products'][] = array(
                          ]]></search>
                        <add position="before"><![CDATA[                     
            if($this->config->get('wkproduct_auction_status') && $this->config->get('wkproduct_auction_cartstatus')){
                $data['wk_cart_option'] = true;                  
                }else{
                  $data['wk_cart_option'] = false;
                }
                           ]]></add>
                </operation>
        </file>
  
  <file path="catalog/view/theme/*/template/product/special.tpl">
               <operation>
                        <search><![CDATA[
                        <button type="button" onclick="cart.add('<?php echo $product['product_id']; ?>');"
                          ]]></search>
                        <add position="replace"><![CDATA[   
                            <button type="button" onclick="cart.add('<?php echo $product['product_id']; ?>');"
                       <?php if($auctionProduct) {
        foreach($auctionProduct as $auction) {
        if($auction['product_id'] == $product['product_id']){
           if($wk_cart_option){ echo 'disabled'; } 
                          }
                          } }?>
                           ]]></add>
                </operation> 
                 <operation>
                        <search><![CDATA[
                        <button type="button" data-toggle="tooltip" title="<?php echo $button_wishlist; ?>"
                          ]]></search>
                        <add position="repalce"><![CDATA[   
                            <button type="button" data-toggle="tooltip" title="<?php echo $button_wishlist; ?>"
                       <?php if($auctionProduct) {
        foreach($auctionProduct as $auction) {
        if($auction['product_id'] == $product['product_id']){
           if($wk_cart_option){ echo 'disabled'; } 
                          }
                          } }?>
                           ]]></add>
                </operation> 
                <operation>
                        <search><![CDATA[
                       <button type="button" data-toggle="tooltip" title="<?php echo $button_compare; ?>"
                          ]]></search>
                        <add position="reaplce"><![CDATA[   
                            <button type="button" data-toggle="tooltip" title="<?php echo $button_compare; ?>"
                       <?php if($auctionProduct) {
        foreach($auctionProduct as $auction) {
        if($auction['product_id'] == $product['product_id']){
           if($wk_cart_option){ echo 'disabled'; } 
                          }
                          } }?>
                           ]]></add>
                </operation>   
                <operation>
                        <search><![CDATA[
       <p><?php echo $product['description']; ?></p>
                        ]]></search>
                        <add position="replace"><![CDATA[
     <p><?php echo $product['description']; ?>
                         <?php if($wkget_timezone){ ?>
                              <?php if($auctionProduct) {
        
        foreach($auctionProduct as $auction) {
        if($auction['product_id'] == $product['product_id']){
        $sa=explode(" ",$auction['end_date']);
        $dat=explode("-",$sa[0]);
        $tim=explode(":",$sa[1]);
        
       // if($tim[0] >= date("H") && $tim[1] >= date("i")){
         // $tim[0] = $tim[0] - date("H");
        //  $tim[1] = ($tim[1] - date("i"));
        //  }else if($tim[0] <= date("H") && $tim[1] >= date("i")){
        ///  $tim[1] = $tim[1] - date("i");
         // $tim[0] = 0;
         // }else if($tim[0] <= date("H") && $tim[1] <= date("i")){
         // $tim[1] = $tim[1] + (60 - date("i"));
         // $tim[1] = 0;
         // }else if($tim[0] >= date("H") && $tim[1] <= date("i")){
         // $tim[0] = ($tim[0] - date("H")) - 1;
         // $tim[1] = $tim[1] + (60 - date("i"));
         // }
      ?>
      <div id="countdown_dashboard<?php echo $auction['product_id']; ?>" style="width: 100%;margin-top: 20px;">
      <div class="dash weeks_dash">
        <div class="digit">0</div>
        <div class="digit">0</div>
      </div>

      <div class="dash days_dash">
        <div class="digit">0</div>
        <div class="digit">0</div>
      </div>

      <div class="dash hours_dash">
        <div class="digit">0</div>
        <div class="digit">0</div>
      </div>

      <div class="dash minutes_dash">
        <div class="digit">0</div>
        <div class="digit">0</div>
      </div>

      <div class="dash seconds_dash">
        <div class="digit">0</div>
        <div class="digit">0</div>
      </div>

      <div style="color:seagreen"><span>&nbsp&nbsp&nbspW&nbsp&nbsp </span><span>&nbsp&nbsp&nbsp&nbspDay </span><span>&nbsp&nbsp&nbspHour </span><span>&nbsp&nbsp&nbspMin </span><span>&nbsp&nbspSec </span></div>

    </div>
    <script>
        id = '<?php echo $auction['product_id']; ?>';
       // D = new Date();
       // y = D.getFullYear();
       // mo = D.getMonth();
       // d = D.getDate();
       // h = D.getHours()
      //  m = D.getMinutes();
       // s = D.getSeconds();
        //  d = <?php echo $dat[2]; ?>;
        //if(h+<?php echo $tim[0]; ?> >= 24){
        //  d = d+1;
        //  h = (h+<?php echo $tim[0]; ?> - 60);
        //}else{
        //  h = h+<?php echo $tim[0]; ?>;
        //}
        //if(m+<?php echo $tim[1]; ?> >= 60){
        //  h = h+1;
        //  m = (m+<?php echo $tim[1]; ?> - 60);
        //}else{
        //  m = m+<?php echo $tim[1]; ?>;
        //}
       $('#countdown_dashboard'+id).countDown({
          targetDate: {
            'day':    <?php echo $dat[2]; ?>,
            'month':  <?php echo $dat[1]; ?>,
            'year':   <?php echo $dat[0]; ?>,
            'hour':   <?php echo $tim[0]; ?>,
            'min':    <?php echo $tim[1]; ?>,
            'sec':    0,
          }
        });
    </script>
        <?php }
    }
      } ?>
      <?php } ?>
              </p>
                              ]]></add>
                </operation>
        </file>
  
  <file path="catalog/controller/product/category.php">
                 <operation>
                        <search><![CDATA[
                          $data['products'][] = array(
                          ]]></search>
                        <add position="before"><![CDATA[                     
            if($this->config->get('wkproduct_auction_status') && $this->config->get('wkproduct_auction_cartstatus')){
                $data['wk_cart_option'] = true;                  
                }else{
                  $data['wk_cart_option'] = false;
                }
                           ]]></add>
                </operation>
                <operation>
                        <search><![CDATA[
        $this->load->model('tool/image');
                        ]]></search>
                        <add position="after"><![CDATA[
                         $data['wkget_timezone'] = $this->config->get('wkproduct_auction_timezone_set');
                         if($data['wkget_timezone']){
                              $this->load->model('module/wkproduct_auction'); 
            $this->document->addScript('catalog/view/javascript/wkproduct_auction/jquery.lwtCountdown-1.0.js'); 
            $this->document->addStyle('catalog/view/theme/default/stylesheet/wkauction/main.css');
            date_default_timezone_set($this->config->get('wkproduct_auction_timezone_set'));
            $data['auctionProduct'] = $this->model_module_wkproduct_auction->getProductAuction();
                          }
                              ]]></add>
                </operation>
        </file>
  
  <file path="catalog/view/theme/*/template/product/category.tpl">
             <operation>
                        <search><![CDATA[
                        <button type="button" onclick="cart.add('<?php echo $product['product_id']; ?>');"
                          ]]></search>
                        <add position="replace"><![CDATA[   
                            <button type="button" onclick="cart.add('<?php echo $product['product_id']; ?>');"
                       <?php if($auctionProduct) {
        foreach($auctionProduct as $auction) {
        if($auction['product_id'] == $product['product_id']){
           if($wk_cart_option){ echo 'disabled'; } 
                          }
                          } }?>
                           ]]></add>
                </operation> 
                 <operation>
                        <search><![CDATA[
                        <button type="button" data-toggle="tooltip" title="<?php echo $button_wishlist; ?>"
                          ]]></search>
                        <add position="replace"><![CDATA[   
                            <button type="button" data-toggle="tooltip" title="<?php echo $button_wishlist; ?>"
                       <?php if($auctionProduct) {
        foreach($auctionProduct as $auction) {
        if($auction['product_id'] == $product['product_id']){
           if($wk_cart_option){ echo 'disabled'; } 
                          }
                          } }?>
                           ]]></add>
                </operation> 
                <operation>
                        <search><![CDATA[
                       <button type="button" data-toggle="tooltip" title="<?php echo $button_compare; ?>"
                          ]]></search>
                        <add position="replace"><![CDATA[   
                            <button type="button" data-toggle="tooltip" title="<?php echo $button_compare; ?>"
                       <?php if($auctionProduct) {
        foreach($auctionProduct as $auction) {
        if($auction['product_id'] == $product['product_id']){
           if($wk_cart_option){ echo 'disabled'; } 
                          }
                          } }?>
                           ]]></add>
                </operation>   
                <operation>
                        <search><![CDATA[
       <p><?php echo $product['description']; ?></p>
                        ]]></search>
                        <add position="replace"><![CDATA[
     <p><?php echo $product['description']; ?>
                         <?php if($wkget_timezone){ ?>
                              <?php if($auctionProduct) {
        
        foreach($auctionProduct as $auction) {
        if($auction['product_id'] == $product['product_id']){
        $sa=explode(" ",$auction['end_date']);
        $dat=explode("-",$sa[0]);
        $tim=explode(":",$sa[1]);
        
        //if($tim[0] >= date("H") && $tim[1] >= date("i")){
        //$tim[0] = $tim[0] - date("H");
        //$tim[1] = ($tim[1] - date("i"));
        //}else if($tim[0] <= date("H") && $tim[1] >= date("i")){
        //$tim[1] = $tim[1] - date("i");
        //$tim[0] = 0;
        //}else if($tim[0] <= date("H") && $tim[1] <= date("i")){
        //$tim[1] = $tim[1] + (60 - date("i"));
        //$tim[1] = 0;
        //}else if($tim[0] >= date("H") && $tim[1] <= date("i")){
        //$tim[0] = ($tim[0] - date("H")) - 1;
        //$tim[1] = $tim[1] + (60 - date("i"));
        //}
      ?>
      <div id="countdown_dashboard<?php echo $auction['product_id']; ?>" style="width: 100%;margin-top: 20px;">
      <div class="dash weeks_dash">
        <div class="digit">0</div>
        <div class="digit">0</div>
      </div>

      <div class="dash days_dash">
        <div class="digit">0</div>
        <div class="digit">0</div>
      </div>

      <div class="dash hours_dash">
        <div class="digit">0</div>
        <div class="digit">0</div>
      </div>

      <div class="dash minutes_dash">
        <div class="digit">0</div>
        <div class="digit">0</div>
      </div>

      <div class="dash seconds_dash">
        <div class="digit">0</div>
        <div class="digit">0</div>
      </div>

      <div style="color:seagreen"><span>&nbsp&nbsp&nbspW&nbsp&nbsp </span><span>&nbsp&nbsp&nbsp&nbspDay </span><span>&nbsp&nbsp&nbspHour </span><span>&nbsp&nbsp&nbspMin </span><span>&nbsp&nbspSec </span></div>
      
    </div>
    <script>
        id = '<?php echo $auction['product_id']; ?>';
        //D = new Date();
        //y = D.getFullYear();
        //mo = D.getMonth();
        //d = D.getDate();
        //h = D.getHours()
        //m = D.getMinutes();
        //s = D.getSeconds();
        //  d = <?php echo $dat[2]; ?>;
        //if(h+<?php echo $tim[0]; ?> >= 24){
        //  d = d+1;
        //  h = (h+<?php echo $tim[0]; ?> - 24);
        //}else{
        //  h = h+<?php echo $tim[0]; ?>;
       // }
        //if(m+<?php echo $tim[1]; ?> >= 60){
        //  h = h+1;
        //  m = (m+<?php echo $tim[1]; ?> - 60);
        //}else{
        //  m = m+<?php echo $tim[1]; ?>;
        //}
        $('#countdown_dashboard'+id).countDown({
          targetDate: {
            'day':    <?php echo $dat[2]; ?>,
            'month':  <?php echo $dat[1]; ?>,
            'year':   <?php echo $dat[0]; ?>,
            'hour':   <?php echo $tim[0]; ?>,
            'min':    <?php echo $tim[1]; ?>,
            'sec':    0,
          }
        });
    </script>
        <?php }
    }
      } ?>
        <?php } ?></p>
                              ]]></add>
                </operation>
        </file>


</modification>