<?xml version="1.0" encoding="utf-8"?>
<modification>
    <code>Single Each Product in Cart</code>
    <name>Single Each Product in Cart</name>
    <version>2.0</version>
    <author>opencart2x.ru</author>
    <author>https://opencart2x.ru</author>
    <file path="system/library/cart.php">
        <operation error="skip">
            <search trim="true" index="0"><![CDATA[
				$this->session->data['cart'][$key] += (int)$qty;
            ]]></search>
            <add position="replace" trim="false" offset="0"><![CDATA[
				$this->session->data['cart'][$key] = (int)$qty;
            ]]></add>
        </operation>
    </file>
    <file path="system/library/cart/cart.php">
        <operation error="skip">
            <search trim="true"><![CDATA[
                (quantity + " . (int)$quantity . ")
            ]]></search>
            <add position="replace"><![CDATA[
                quantity
            ]]></add>
        </operation>
        <operation error="skip">
            <search trim="true"><![CDATA[
                (int)$quantity
            ]]></search>
            <add position="replace"><![CDATA[
                (((int)$quantity === 0) ? (int)$quantity : 1)
            ]]></add>
        </operation>
    </file>
</modification>
