<?xml version="1.0" encoding="utf-8"?>
<modification>
	<name>Fix image popup size full</name>
	<code>Fix-image-popup-size-full</code>
    <version>2.x</version>
    <author>opencart2x.ru</author>
    <link>https://opencart2x.ru</link>
    <file path="catalog/controller/product/product.php">
        <operation error="skip">
            <search>
				<![CDATA[
					$data['popup'] = $this->model_tool_image->resize($product_info['image'], $this->config->get('config_image_popup_width'), $this->config->get('config_image_popup_height'));
				]]>
			</search>
            <add position="replace"><![CDATA[
				$data['popup'] = '/image/'.$product_info['image'];
            ]]></add>
        </operation>
        <operation error="skip">
            <search>
				<![CDATA[
					'popup' => $this->model_tool_image->resize($result['image'], $this->config->get('config_image_popup_width'), $this->config->get('config_image_popup_height')),
				]]>
			</search>
            <add position="replace"><![CDATA[
				'popup' => '/image/'.$result['image'],
            ]]></add>
        </operation>
        <operation error="skip">
            <search>
				<![CDATA[
					$data['popup'] = $this->model_tool_image->resize($product_info['image'], $this->config->get($this->config->get('config_theme') . '_image_popup_width'), $this->config->get($this->config->get('config_theme') . '_image_popup_height'));
				]]>
			</search>
            <add position="replace"><![CDATA[
				$data['popup'] = '/image/'.$product_info['image'];
            ]]></add>
        </operation>
        <operation error="skip">
            <search>
				<![CDATA[
					'popup' => $this->model_tool_image->resize($result['image'], $this->config->get($this->config->get('config_theme') . '_image_popup_width'), $this->config->get($this->config->get('config_theme') . '_image_popup_height')),
				]]>
			</search>
            <add position="replace"><![CDATA[
				'popup' => '/image/'.$result['image'],
            ]]></add>
        </operation>
    </file>		
</modification>
