﻿<?xml version="1.0" encoding="UTF-8"?><modification>	<name>Auto SEO URL</name>	<code>Auto-SEO-URL</code>		<version>2.x</version>	<author>opencart2x.ru</author>	<link>https://opencart2x.ru</link>	<file path="admin/view/template/common/footer.tpl">		<operation>			<search><![CDATA[</footer>]]></search>			<add position="after">			<![CDATA[			<script type="text/javascript"><!--				function seoUrlFill(string,lang='en'){var delimiter='-',keyword=$('#input-keyword'),abc={'ß':'ss','à':'a','á':'a','â':'a','ã':'a','ä':'a','å':'a','æ':'ae','ç':'c','è':'e','é':'e','ê':'e','ë':'e','ì':'i','í':'i','î':'i','ï':'i','ð':'d','ñ':'n','ò':'o','ó':'o','ô':'o','õ':'o','ö':'o','ő':'o','ø':'o','ù':'u','ú':'u','û':'u','ü':'u','ű':'u','ý':'y','þ':'th','ÿ':'y','α':'a','β':'b','γ':'g','δ':'d','ε':'e','ζ':'z','η':'h','θ':'8','ι':'i','κ':'k','λ':'l','μ':'m','ν':'n','ξ':'3','ο':'o','π':'p','ρ':'r','σ':'s','τ':'t','υ':'y','φ':'f','χ':'x','ψ':'ps','ω':'w','ά':'a','έ':'e','ί':'i','ό':'o','ύ':'y','ή':'h','ώ':'w','ς':'s','ϊ':'i','ΰ':'y','ϋ':'y','ΐ':'i','ş':'s','ı':'i','ç':'c','ü':'u','ö':'o','ğ':'g','а':'a','б':'b','в':'v','г':'g','д':'d','е':'e','ё':'yo','ж':'zh','з':'z','и':'i','й':'j','к':'k','л':'l','м':'m','н':'n','о':'o','п':'p','р':'r','с':'s','т':'t','у':'u','ф':'f','х':'h','ц':'c','ч':'ch','ш':'sh','щ':'sh','ъ':'','ы':'y','ь':'','э':'e','ю':'yu','я':'ya','є':'ye','і':'i','ї':'yi','ґ':'g','č':'c','ď':'d','ě':'e','ň':'n','ř':'r','š':'s','ť':'t','ů':'u','ž':'z','ą':'a','ć':'c','ę':'e','ł':'l','ń':'n','ó':'o','ś':'s','ź':'z','ż':'z','ā':'a','č':'c','ē':'e','ģ':'g','ī':'i','ķ':'k','ļ':'l','ņ':'n','š':'s','ū':'u','ž':'z','ө':'o','ң':'n','ү':'u','ә':'a','ғ':'g','қ':'q','ұ':'u','ა':'a','ბ':'b','გ':'g','დ':'d','ე':'e','ვ':'v','ზ':'z','თ':'th','ი':'i','კ':'k','ლ':'l','მ':'m','ნ':'n','ო':'o','პ':'p','ჟ':'zh','რ':'r','ს':'s','ტ':'t','უ':'u','ფ':'ph','ქ':'q','ღ':'gh','ყ':'qh','შ':'sh','ჩ':'ch','ც':'ts','ძ':'dz','წ':'ts','ჭ':'tch','ხ':'kh','ჯ':'j','ჰ':'h'};switch(lang){case'bg':abc['щ']='sht';abc['ъ']='a';break;case'uk':abc['и']='y';break;}				string=string.toLowerCase();for(var k in abc){string=string.replace(RegExp(k,'g'),abc[k]);}				var alnum=(typeof(XRegExp)==='undefined')?RegExp('[^a-z0-9]+','ig'):XRegExp('[^\\p{L}\\p{N}]+','ig');string=string.replace(alnum,delimiter);string=string.replace(RegExp('['+delimiter+']{2,}','g'),delimiter);string=string.replace(RegExp('(^'+delimiter+'|'+delimiter+'$)','g'),'');if(keyword.length){keyword.val(string);}}			//--></script>			]]>			</add>		</operation>	</file>			<file path="admin/view/template/catalog/product_form.tpl">		<operation>			<search><![CDATA[name="product_description[<?php echo $language['language_id']; ?>][name]"]]></search>			<add position="replace">				<![CDATA[name="product_description[<?php echo $language['language_id']; ?>][name]" onkeyup="seoUrlFill(this.value,'<?php echo isset($language['code']) ? substr(strtolower(trim($language['code'])), 0, 2) : 'en';?>');"]]>			</add>		</operation>	</file>		<file path="admin/view/template/catalog/category_form.tpl">		<operation>			<search><![CDATA[name="category_description[<?php echo $language['language_id']; ?>][name]"]]></search>			<add position="replace">				<![CDATA[name="category_description[<?php echo $language['language_id']; ?>][name]" onkeyup="seoUrlFill(this.value,'<?php echo isset($language['code']) ? substr(strtolower(trim($language['code'])), 0, 2) : 'en';?>');"]]>			</add>		</operation>	</file>		<file path="admin/view/template/catalog/manufacturer_form.tpl">		<operation>			<search><![CDATA[name="manufacturer_description[<?php echo $language['language_id']; ?>][name]"]]></search>			<add position="replace">				<![CDATA[name="manufacturer_description[<?php echo $language['language_id']; ?>][name]" onkeyup="seoUrlFill(this.value,'<?php echo isset($language['code']) ? substr(strtolower(trim($language['code'])), 0, 2) : 'en';?>');"]]>			</add>		</operation>	</file>		<file path="admin/view/template/catalog/information_form.tpl">		<operation>			<search><![CDATA[name="information_description[<?php echo $language['language_id']; ?>][title]"]]></search>			<add position="replace">				<![CDATA[name="information_description[<?php echo $language['language_id']; ?>][title]" onkeyup="seoUrlFill(this.value,'<?php echo isset($language['code']) ? substr(strtolower(trim($language['code'])), 0, 2) : 'en';?>');"]]>			</add>		</operation>	</file>	<file path="admin/view/template/blog/blog_form.tpl">		<operation>			<search><![CDATA[name="blog_description[<?php echo $language['language_id']; ?>][title]"]]></search>			<add position="replace">				<![CDATA[name="blog_description[<?php echo $language['language_id']; ?>][title]" onkeyup="seoUrlFill(this.value,'<?php echo isset($language['code']) ? substr(strtolower(trim($language['code'])), 0, 2) : 'en';?>');"]]>			</add>		</operation>	</file>	<file path="admin/view/template/blog/blog_category_form.tpl">		<operation>			<search><![CDATA[name="blog_category_description[<?php echo $language['language_id']; ?>][name]"]]></search>			<add position="replace">				<![CDATA[name="blog_category_description[<?php echo $language['language_id']; ?>][name]" onkeyup="seoUrlFill(this.value,'<?php echo isset($language['code']) ? substr(strtolower(trim($language['code'])), 0, 2) : 'en';?>');"]]>			</add>		</operation>	</file>	<file path="admin/view/template/extension/posts_form.tpl">		<operation>			<search><![CDATA[name="posts[<?php echo $language['language_id']; ?>][title]"]]></search>			<add position="replace">				<![CDATA[name="posts[<?php echo $language['language_id']; ?>][title]" onkeyup="seoUrlFill(this.value,'<?php echo isset($language['code']) ? substr(strtolower(trim($language['code'])), 0, 2) : 'en';?>');"]]>			</add>		</operation>	</file>	<file path="admin/view/template/extension/news_form.tpl">		<operation>			<search><![CDATA[name="news[<?php echo $language['language_id']; ?>][title]"]]></search>			<add position="replace">				<![CDATA[name="news[<?php echo $language['language_id']; ?>][title]" onkeyup="seoUrlFill(this.value,'<?php echo isset($language['code']) ? substr(strtolower(trim($language['code'])), 0, 2) : 'en';?>');"]]>			</add>		</operation>	</file></modification>