<modification>
    <name>Стикеры на товары</name>
    <version>2.3</version>
    <link>https://opencart2x.ru</link>
    <author>opencart2x.ru</author>
    <code>opencartart_promotion_label_pro_ocmod_1000</code>
    <file path="admin/controller/common/column_left.php">
        <operation>
            <search><![CDATA[
            if ($this->user->hasPermission('access', 'catalog/option')) {
            ]]></search>
            <add position="before"><![CDATA[
            $stickers = array();
            
            if ($this->user->hasPermission('access', 'catalog/promotion_label_pro')) {
                $stickers[] = array(
                    'name'     => 'Менеджер стикеров',
                    'href'     => $this->url->link('catalog/promotion_label_pro', 'token=' . $this->session->data['token'], true),
                    'children' => array()   
                );
            }
            
            if ($this->user->hasPermission('access', 'catalog/promotion_label_to_product')) {
                $stickers[] = array(
                    'name'     => 'Товары со стикерами',
                    'href'     => $this->url->link('catalog/promotion_label_to_product', 'token=' . $this->session->data['token'], true),
                    'children' => array()       
                );
            }
            
            if ($stickers) {
                $catalog[] = array(
                    'name'     => 'Стикеры',
                    'href'     => '',
                    'children' => $stickers
                );
            }

            ]]></add>
        </operation>
    </file>  
    <file path="catalog/controller/product/category.php">
        <operation>
            <search><![CDATA[
            public function index() {
            ]]></search>
            <add position="after"><![CDATA[
            $this->document->addStyle('catalog/view/javascript/promotionlabelpro/style.css');
            ]]></add>
        </operation>
        <operation>
            <search>
                <![CDATA[
                $results = $this->model_catalog_product->getProducts($filter_data);
                ]]>
            </search>
            <add position="after">
                <![CDATA[
                $this->load->model('catalog/promotion_label_product');
                ]]>
            </add>
        </operation>
        <operation>
            <search>
                <![CDATA[
                $data['products'][] = array(
                ]]>
            </search>
            <add position="before">
                <![CDATA[
                $labels2 = array();
                $labels2 = $this->model_catalog_promotion_label_product->getProductLabel($result['product_id']);
                ]]>
            </add>
        </operation>
        <operation error="skip">
            <search>
                <![CDATA[
                'rating'      => $result['rating'],
                ]]>
            </search>
            <add position="after">
                <![CDATA[
                'labels2'   => $labels2,
                ]]>
            </add>
        </operation>
        <operation error="skip">
            <search>
                <![CDATA[
                'rating'      => $rating,
                ]]>
            </search>
            <add position="after">
                <![CDATA[
                'labels2'   => $labels2,
                ]]>
            </add>
        </operation>
    </file>

    <file path="catalog/view/theme/*/template/product/category.tpl">
        <operation>
            <search>
                <![CDATA[<div class="image <?php echo $this->journal2->settings->get('show_countdown', 'never') !== 'never' && isset($product['date_end']) && $product['date_end'] ? 'has-countdown' : ''; ?>">]]>
            </search>
            <add position="replace">
                <![CDATA[
                <div class="image <?php echo $this->journal2->settings->get('show_countdown', 'never') !== 'never' && isset($product['date_end']) && $product['date_end'] ? 'has-countdown' : ''; ?>">
                <?php if($product['labels2']) { ?>
                <?php foreach ($product['labels2'] as $label) { ?>
                <div class="<?php echo $label['position']; ?>"><img src="<?php echo HTTPS_SERVER.'image/'.$label['image']; ?>"></div>
                <?php } ?>
                <?php } ?>
                ]]>
            </add>
        </operation>
    </file> 

    <file path="catalog/controller/module/journal2_super_filter.php">
        <operation>
            <search><![CDATA[
            public function products() {
            ]]></search>
            <add position="after"><![CDATA[
            $this->document->addStyle('catalog/view/javascript/promotionlabelpro/style.css');
             $this->load->model('catalog/promotion_label_product');
            ]]></add>
        </operation>
        <operation>
            <search>
                <![CDATA[
                $this->data['products'][] = array(
                ]]>
            </search>
            <add position="before">
                <![CDATA[
                $labels2 = array();
                $labels2 = $this->model_catalog_promotion_label_product->getProductLabel($result['product_id']);
                ]]>
            </add>
        </operation>
        <operation error="skip">
            <search>
                <![CDATA[
                $this->data['products'][] = array(
                ]]>
            </search>
            <add position="after">
                <![CDATA[
                'labels2'   => $labels2,
                ]]>
            </add>
        </operation>
    </file>

    <file path="catalog/view/theme/*/template/journal2/module/super_filter_product.tpl">
        <operation>
            <search>
                <![CDATA[<div class="image <?php echo $this->journal2->settings->get('show_countdown', 'never') !== 'never' && isset($product['date_end']) && $product['date_end'] ? 'has-countdown' : ''; ?>">]]>
            </search>
            <add position="replace">
                <![CDATA[
                <div class="image <?php echo $this->journal2->settings->get('show_countdown', 'never') !== 'never' && isset($product['date_end']) && $product['date_end'] ? 'has-countdown' : ''; ?>">
                <?php if($product['labels2']) { ?>
                <?php foreach ($product['labels2'] as $label) { ?>
                <div class="<?php echo $label['position']; ?>"><img src="<?php echo HTTPS_SERVER.'image/'.$label['image']; ?>"></div>
                <?php } ?>
                <?php } ?>
                ]]>
            </add>
        </operation>
    </file> 

    <file path="catalog/controller/product/manufacturer.php">
        <operation>
            <search>
                <![CDATA[
                public function info() {
                ]]>
            </search>
            <add  position="after">
                <![CDATA[
                $this->document->addStyle('catalog/view/javascript/promotionlabelpro/style.css');
                ]]>
            </add>
        </operation>
        <operation>
            <search>
                <![CDATA[
                $results = $this->model_catalog_product->getProducts($filter_data);
                ]]>
            </search>
            <add position="after">
                <![CDATA[
                $this->load->model('catalog/promotion_label_product');
                ]]>
            </add>
        </operation>
        <operation>
            <search>
                <![CDATA[
                $data['products'][] = array(
                ]]>
            </search>
            <add position="before">
                <![CDATA[
                $labels2 = array();
                $labels2 = $this->model_catalog_promotion_label_product->getProductLabel($result['product_id']);
                ]]>
            </add>
        </operation>
        <operation error="skip">
            <search>
                <![CDATA[
                'rating'      => $result['rating'],
                ]]>
            </search>
            <add  position="after">
                <![CDATA[
                'labels2'   => $labels2,
                ]]>
            </add>
        </operation>
        <operation error="skip">
            <search>
                <![CDATA[
                'rating'      => $rating,
                ]]>
            </search>
            <add position="after">
                <![CDATA[
                'labels2'   => $labels2,
                ]]>
            </add>
        </operation>
    </file>

    <file path="catalog/view/theme/*/template/product/manufacturer_info.tpl">
        <operation>
            <search>
                <![CDATA[<div class="image <?php echo $this->journal2->settings->get('show_countdown', 'never') !== 'never' && isset($product['date_end']) && $product['date_end'] ? 'has-countdown' : ''; ?>">]]>
            </search>
            <add  position="replace">
                <![CDATA[
                <div class="image <?php echo $this->journal2->settings->get('show_countdown', 'never') !== 'never' && isset($product['date_end']) && $product['date_end'] ? 'has-countdown' : ''; ?>">
                <?php if($product['labels2']) { ?>
                <?php foreach ($product['labels2'] as $label) { ?>
                <div class="<?php echo $label['position']; ?>"><img src="<?php echo HTTPS_SERVER.'image/'.$label['image']; ?>"></div>
                <?php } ?>
                <?php } ?>
                ]]>
            </add>
        </operation>
    </file>

    <file path="catalog/controller/product/search.php">
        <operation>
            <search>
                <![CDATA[
                public function index() {
                ]]>
            </search>
            <add position="after">
                <![CDATA[
                $this->document->addStyle('catalog/view/javascript/promotionlabelpro/style.css');
                ]]>
            </add>
        </operation>
        <operation>
            <search>
                <![CDATA[
                $results = $this->model_catalog_product->getProducts($filter_data);
                ]]>
            </search>
            <add position="after">
                <![CDATA[
                $this->load->model('catalog/promotion_label_product');
                ]]>
            </add>
        </operation>
        <operation>
            <search>
                <![CDATA[
                $data['products'][] = array(
                ]]>
            </search>
            <add position="before">
                <![CDATA[
                $labels2 = array();
                $labels2 = $this->model_catalog_promotion_label_product->getProductLabel($result['product_id']);
                ]]>
            </add>
        </operation>
        <operation error="skip">
            <search>
                <![CDATA[
                'rating'      => $result['rating'],
                ]]>
            </search>
            <add position="after">
                <![CDATA[
                'labels2'   => $labels2,
                ]]>
            </add>
        </operation>
        <operation error="skip">
            <search>
                <![CDATA[
                'rating'      => $rating,
                ]]>
            </search>
            <add position="after">
                <![CDATA[
                'labels2'   => $labels2,
                ]]>
            </add>
        </operation>
    </file>

    <file path="catalog/view/theme/*/template/product/search.tpl">
        <operation>
            <search>
                <![CDATA[<div class="image <?php echo $this->journal2->settings->get('show_countdown', 'never') !== 'never' && isset($product['date_end']) && $product['date_end'] ? 'has-countdown' : ''; ?>">]]>
            </search>
            <add position="replace">
                <![CDATA[
                <div class="image <?php echo $this->journal2->settings->get('show_countdown', 'never') !== 'never' && isset($product['date_end']) && $product['date_end'] ? 'has-countdown' : ''; ?>">
                <?php if($product['labels2']) { ?>
                <?php foreach ($product['labels2'] as $label) { ?>
                <div class="<?php echo $label['position']; ?>"><img src="<?php echo HTTPS_SERVER.'image/'.$label['image']; ?>"></div>
                <?php } ?>
                <?php } ?>
                ]]>
            </add>
        </operation>
    </file>
    
    <file path="catalog/controller/product/special.php">
        <operation>
            <search>
                <![CDATA[
                public function index() {
                ]]>
            </search>
            <add position="after">
                <![CDATA[
                $this->document->addStyle('catalog/view/javascript/promotionlabelpro/style.css');
                ]]>
            </add>
        </operation>
        <operation>
            <search>
                <![CDATA[
                $results = $this->model_catalog_product->getProductSpecials($filter_data);
                ]]>
            </search>
            <add position="after">
                <![CDATA[
                $this->load->model('catalog/promotion_label_product');
                ]]>
            </add>
        </operation>
        <operation>
            <search>
                <![CDATA[
                $data['products'][] = array(
                ]]>
            </search>
            <add position="before">
                <![CDATA[
                $labels2 = array();
                $labels2 = $this->model_catalog_promotion_label_product->getProductLabel($result['product_id']);
                ]]>
            </add>
        </operation>
        <operation error="skip">
            <search>
                <![CDATA[
                'rating'      => $result['rating'],
                ]]>
            </search>
            <add position="after">
                <![CDATA[
                'labels2'   => $labels2,
                ]]>
            </add>
        </operation>
        <operation error="skip">
            <search>
                <![CDATA[
                'rating'      => $rating,
                ]]>
            </search>
            <add position="after">
                <![CDATA[
                'labels2'   => $labels2,
                ]]>
            </add>
        </operation>
    </file>

    <file path="catalog/view/theme/*/template/product/special.tpl">
        <operation>
            <search>
                <![CDATA[<div class="image <?php echo $this->journal2->settings->get('show_countdown', 'never') !== 'never' && isset($product['date_end']) && $product['date_end'] ? 'has-countdown' : ''; ?>">]]>
            </search>
            <add position="replace">
                <![CDATA[
                <div class="image <?php echo $this->journal2->settings->get('show_countdown', 'never') !== 'never' && isset($product['date_end']) && $product['date_end'] ? 'has-countdown' : ''; ?>">
                <?php if($product['labels2']) { ?>
                <?php foreach ($product['labels2'] as $label) { ?>
                <div class="<?php echo $label['position']; ?>"><img src="<?php echo HTTPS_SERVER.'image/'.$label['image']; ?>"></div>
                <?php } ?>
                <?php } ?>
                ]]>
            </add>
        </operation>
    </file>

    <file path="catalog/controller/extension/module/{latest,featured,bestseller,special}.php">
        <operation>
            <search>
                <![CDATA[
                public function index($setting) {
                ]]>
            </search>
            <add position="after">
                <![CDATA[
                $this->document->addStyle('catalog/view/javascript/promotionlabelpro/style.css');
                ]]>
            </add>
        </operation>
        <operation>
            <search>
                <![CDATA[
                $this->load->model('tool/image');
                ]]>
            </search>
            <add position="after">
                <![CDATA[
                $this->load->model('catalog/promotion_label_product');
                ]]>
            </add>
        </operation>
        <operation>
            <search>
                <![CDATA[
                'price'       => $price,
                ]]>
            </search>
            <add position="after">
                <![CDATA[
                'labels2'   => $labels2,
                ]]>
            </add>
        </operation>
    </file>

    <file path="catalog/controller/extension/module/{latest,bestseller,special}.php">
        <operation>
            <search>
                <![CDATA[
                $data['products'][] = array(
                ]]>
            </search>
            <add position="before">
                <![CDATA[
                $labels2 = array();
                $labels2 = $this->model_catalog_promotion_label_product->getProductLabel($result['product_id']);
                ]]>
            </add>
        </operation>
    </file>

    <file path="catalog/controller/extension/module/featured.php">
        <operation>
            <search>
                <![CDATA[
                $data['products'][] = array(
                ]]>
            </search>
            <add position="before">
                <![CDATA[
                $labels2 = array();
                $labels2 = $this->model_catalog_promotion_label_product->getProductLabel($product_info['product_id']);
                ]]>
            </add>
        </operation>
    </file>


    <file path="catalog/view/theme/*/template/extension/module/{latest,featured,bestseller,special}.tpl">
        <operation>
            <search>
                <![CDATA[<div class="image">]]>
            </search>
            <add position="replace">
                <![CDATA[
                <div class="image">
                <?php if($product['labels2']) { ?>
                <?php foreach ($product['labels2'] as $label) { ?>
                <div class="<?php echo $label['position']; ?>"><img src="<?php echo HTTPS_SERVER.'image/'.$label['image']; ?>"></div>
                <?php } ?>
                <?php } ?>
                ]]>
            </add>
        </operation>
    </file>
  
    <file path="catalog/controller/module/journal2_carousel.php">
        <operation error="log">
            <search>
                <![CDATA[
                public function index($setting) {
                ]]>
            </search>
            <add position="after">
                <![CDATA[
                $this->document->addStyle('catalog/view/javascript/promotionlabelpro/style.css');
                ]]>
            </add>
        </operation>
        <operation error="log">
            <search>
                <![CDATA[
                $this->load->model('tool/image');
                ]]>
            </search>
            <add position="after">
                <![CDATA[
                $this->load->model('catalog/promotion_label_product');
                ]]>
            </add>
        </operation>
        <operation error="log">
            <search>
                <![CDATA[
                $product_data = array(
                ]]>
            </search>
            <add position="before">
                <![CDATA[
                $labels2 = array();
                $labels2 = $this->model_catalog_promotion_label_product->getProductLabel($product['product_id']);
                ]]>
            </add>
        </operation>
        <operation error="log">
            <search>
                <![CDATA[
                'rating'        => $rating,
                ]]>
            </search>
            <add position="after">
                <![CDATA[
                'labels2'   => $labels2,
                ]]>
            </add>
        </operation>
    </file>
  
    <file path="catalog/view/theme/journal2/template/journal2/module/carousel_product.tpl">
        <operation error="log">
            <search>
                <![CDATA[<div class="image <?php echo $this->journal2->settings->get('show_countdown', 'never') !== 'never' && isset($product['date_end']) && $product['date_end'] ? 'has-countdown' : ''; ?>">]]>
            </search>
            <add position="replace">
                <![CDATA[
                <div class="image test <?php echo $this->journal2->settings->get('show_countdown', 'never') !== 'never' && isset($product['date_end']) && $product['date_end'] ? 'has-countdown' : ''; ?>">
                <?php if($product['labels2']) { ?>
                <?php foreach ($product['labels2'] as $label2) { ?>
                <div class="<?php echo $label2['position']; ?>"><img src="<?php echo HTTPS_SERVER.'image/'.$label2['image']; ?>"></div>
                <?php } ?>
                <?php } ?>
                ]]>
            </add>
        </operation>
    </file>
  
    <file path="catalog/controller/journal2/menu.php">
        <operation error="log">
            <search>
                <![CDATA[
                public function mega($menu_name) {
                ]]>
            </search>
            <add position="after">
                <![CDATA[
                $this->document->addStyle('catalog/view/javascript/promotionlabelpro/style.css');
                ]]>
            </add>
        </operation>
        <operation error="log">
            <search>
                <![CDATA[
                switch (Journal2Utils::getProperty($menu_item, 'type')) {
                ]]>
            </search>
            <add position="before">
                <![CDATA[
                $this->load->model('catalog/promotion_label_product');
                ]]>
            </add>
        </operation>
        <operation error="log">
            <search>
                <![CDATA[
               foreach ($products as $product) {
                ]]>
            </search>
            <add position="after">
                <![CDATA[
                $labels2 = array();
                $labels2 = $this->model_catalog_promotion_label_product->getProductLabel($product['product_id']);
                ]]>
            </add>
        </operation>
        <operation error="log">
            <search>
                <![CDATA[
               $result = $this->model_catalog_product->getProduct($product['product_id']);
                ]]>
            </search>
            <add position="after">
                <![CDATA[
                $labels2 = array();
                $labels2 = $this->model_catalog_promotion_label_product->getProductLabel($result['product_id']);
                ]]>
            </add>
        </operation>
        <operation error="log">
            <search>
                <![CDATA[
                'product_id' => $product['product_id'],
                ]]>
            </search>
            <add position="after">
                <![CDATA[
                'labels2'   => $labels2,
                ]]>
            </add>
        </operation>
        <operation error="log">
            <search>
                <![CDATA[
                'product_id' => $result['product_id'],
                ]]>
            </search>
            <add position="after">
                <![CDATA[
                'labels2'   => $labels2,
                ]]>
            </add>
        </operation>
    </file>
  
    <file path="catalog/view/theme/journal2/template/journal2/menu/main.tpl">
        <operation error="log">
            <search>
                <![CDATA[<div class="image <?php echo $this->journal2->settings->get('show_countdown', 'never') !== 'never' && isset($product['date_end']) && $product['date_end'] ? 'has-countdown' : ''; ?>">]]>
            </search>
            <add position="replace">
                <![CDATA[
                <div class="image <?php echo $this->journal2->settings->get('show_countdown', 'never') !== 'never' && isset($product['date_end']) && $product['date_end'] ? 'has-countdown' : ''; ?>">
                <?php if($submenu_item['labels2']) { ?>
                <?php foreach ($submenu_item['labels2'] as $label2) { ?>
                <div class="<?php echo $label2['position']; ?>"><img src="<?php echo HTTPS_SERVER.'image/'.$label2['image']; ?>"></div>
                <?php } ?>
                <?php } ?>
                ]]>
            </add>
        </operation>
        <operation error="log">
            <search>
                <![CDATA[<div class="image">]]>
            </search>
            <add position="replace">
                <![CDATA[
                <div class="image">
                <?php if($submenu_item['labels2']) { ?>
                <?php foreach ($submenu_item['labels2'] as $label2) { ?>
                <div class="<?php echo $label2['position']; ?>"><img src="<?php echo HTTPS_SERVER.'image/'.$label2['image']; ?>"></div>
                <?php } ?>
                <?php } ?>
                ]]>
            </add>
        </operation>
    </file>
  

</modification>