<?xml version="1.0" encoding="UTF-8"?>
<modification>
    <name>Spinner by Minimum Quantity</name>
	<code>spinner_product_minimum_qty</code>
	<version>2.0</version>
	<link>https://opencart2x.ru</link>
	<author>opencart2x.ru</author>
	
	<file path="catalog/view/theme/*/template/product/product.tpl">
        <operation>
            <search><![CDATA[<?php echo $entry_qty; ?></label>]]></search>
            <add position="after"><![CDATA[<div class="input-group number-spinner">
			      <span class="input-group-btn">
					<button class="btn btn-default" data-dir="dwn"><i class="fa fa-minus"></i></button>
			      </span>
				<input type="text" name="quantity" value="<?php echo $minimum; ?>" id="input-quantity" class="form-control text-center" />
				  <span class="input-group-btn">
					<button class="btn btn-default" data-dir="up"><i class="fa fa-plus"></i></button>
				  </span>
			    </div>]]></add>
        </operation>
		
		<operation>
            <search><![CDATA[<input type="text" name="quantity" value="<?php echo $minimum; ?>" size="2" id="input-quantity" class="form-control" />]]></search>
            <add position="replace"><![CDATA[]]></add>
        </operation>
		
		<operation>
            <search><![CDATA[<?php echo $footer; ?>]]></search>
            <add position="before"><![CDATA[<script type="text/javascript"><!--
var counter = <?php echo $minimum; ?>;
var min = <?php echo $minimum; ?>;
$(document).on('click', '.number-spinner button', function () {    
	var btn = $(this),
		oldValue = btn.closest('.number-spinner').find('input').val().trim(),
		newVal = min;
			
	if (btn.attr('data-dir') == 'up') {
		newVal = parseInt(oldValue) + counter;
	} else {
		if (oldValue > min) {
			newVal = parseInt(oldValue) - counter;
		} else {
			newVal = min;
		}
	}
	btn.closest('.number-spinner').find('input').val(newVal);
});
//--></script>]]></add>
        </operation>
    </file>
	
</modification>