<modification>
	<name>Admin Filter Products By Category</name>
    <code>Admin-Filter-Products-Category</code>
    <version>2.3</version>
    <link>https://opencart2x.ru</link>
    <author>opencart2x.ru</author>

	<file path="admin/controller/catalog/product.php">
        <operation>
            <search index="0,1,2,3,4,6,7,8"><![CDATA[
            if (isset($this->request->get['filter_status'])) {
            ]]></search>
            <add position="before"><![CDATA[
            if(!isset($url)) $url='';
			if (isset($this->request->get['filter_category'])) {
                $url .= '&filter_category=' . $this->request->get['filter_category'];
            }
            ]]></add>
        </operation>
		<operation>
            <search><![CDATA[
            'filter_quantity' => $filter_quantity,
            ]]></search>
            <add position="before"><![CDATA[
			'filter_category' => $filter_category,
            ]]></add>
        </operation>
		<operation>
            <search><![CDATA[
            $product_total = $this->model_catalog_product->getTotalProducts($filter_data);
            ]]></search>
            <add position="after"><![CDATA[
			$this->load->model('catalog/category');
			$data['categories'] = $this->model_catalog_category->getCategories(0);
            ]]></add>
        </operation>
		<operation>
            <search><![CDATA[
			$data['products'][] = array(
            ]]></search>
            <add position="before"><![CDATA[
			$category =  $this->model_catalog_product->getProductCategories($result['product_id']);
            ]]></add>
        </operation>
		<operation>
            <search><![CDATA[
			'price'      => $result['price'],
            ]]></search>
            <add position="before"><![CDATA[
			'category'   => $category,
            ]]></add>
        </operation>
		<operation>
            <search><![CDATA[
			$data['text_confirm'] = $this->language->get('text_confirm');
            ]]></search>
            <add position="before"><![CDATA[
			$data['columncategory'] = $this->language->get('columncategory');
			$data['entrycategory'] = $this->language->get('entrycategory');
            ]]></add>
        </operation>
		<operation>
            <search><![CDATA[
			$filter_quantity = null;
            ]]></search>
            <add position="after" offset="1"><![CDATA[
			if (isset($this->request->get['filter_category'])) {
				$filter_category = $this->request->get['filter_category'];
			} else {
				$filter_category = NULL;
			}
            ]]></add>
        </operation>
		<operation>
            <search><![CDATA[
			$data['filter_model'] = $filter_model;
            ]]></search>
            <add position="before"><![CDATA[
			$data['filter_category'] = $filter_category;
            ]]></add>
        </operation>
		<operation>
            <search><![CDATA[
			$data['sort_order'] = $this->url->link('catalog/product', 'token=' . $this->session->data['token'] . '&sort=p.sort_order' . $url, true);
            ]]></search>
            <add position="before"><![CDATA[
			$data['sort_category'] = $this->url->link('catalog/product', 'token=' . $this->session->data['token'] . '&sort=p2c.category' . $url, true);
            ]]></add>
        </operation>
	</file>
	
	<file path="admin/model/catalog/product.php">
        <operation>
            <search><![CDATA[
            $sql = "SELECT * FROM " . DB_PREFIX . "product p LEFT JOIN " . DB_PREFIX . "product_description pd ON (p.product_id = pd.product_id) WHERE pd.language_id = '" . (int)$this->config->get('config_language_id') . "'";
            ]]></search>
            <add position="replace"><![CDATA[
			$sql = "SELECT * FROM " . DB_PREFIX . "product p LEFT JOIN " . DB_PREFIX . "product_description pd ON (p.product_id = pd.product_id)";
		
				if (!empty($data['filter_category'])) {
				
				$sql .= " LEFT JOIN " . DB_PREFIX . "product_to_category p2c ON (p.product_id = p2c.product_id)";			
			}
			
			$sql .= " WHERE pd.language_id = '" . (int)$this->config->get('config_language_id') . "'"; 
            ]]></add>
        </operation>
		<operation>
            <search><![CDATA[
            'p.price',
            ]]></search>
            <add position="after"><![CDATA[
			'p2c.category_id',
            ]]></add>
        </operation>
		<operation>
            <search><![CDATA[
           $sql .= " GROUP BY p.product_id";
            ]]></search>
            <add position="before"><![CDATA[
			if (!empty($data['filter_category'])) {
				if (!empty($data['filter_sub_category'])) {
					$implode_data = array();
					
					$implode_data[] = "category_id = '" . (int)$data['filter_category'] . "'";
					
					$this->load->model('catalog/category');
					
					$categories = $this->model_catalog_category->getCategories($data['filter_category']);
					
					foreach ($categories as $category) {
						$implode_data[] = "p2c.category_id = '" . (int)$category['category_id'] . "'";
					}
					
					$sql .= " AND (" . implode(' OR ', $implode_data) . ")";			
				} else {
					$sql .= " AND p2c.category_id = '" . (int)$data['filter_category'] . "'";
				}
			}
            ]]></add>
        </operation>
	</file>
	<file path="admin/view/template/catalog/product_list.tpl">
		<operation>
            <search><![CDATA[
            var filter_quantity = $('input[name=\'filter_quantity\']').val();
            ]]></search>
            <add position="before"><![CDATA[
			var filter_category = $('select[name=\'filter_category\']').val();
    		
			if (filter_category != '*') {
				url += '&filter_category=' + encodeURIComponent(filter_category);
			}
            ]]></add>
        </operation>
		<operation>
            <search><![CDATA[
            <td class="text-right"><?php if ($sort == 'p.quantity') { ?>
            ]]></search>
            <add position="before"><![CDATA[
			<td class="text-right"><?php if ($sort == 'p2c.category_id') { ?>
				<a href="<?php echo $sort_category; ?>" class="<?php echo strtolower($order); ?>"><?php echo $columncategory; ?></a>
				<?php } else { ?>
				<a href="<?php echo $sort_category; ?>"><?php echo $columncategory; ?></a>
			<?php } ?></td>
            ]]></add>
        </operation>
		<operation>
            <search><![CDATA[
            <td class="text-right"><?php if ($product['quantity'] <= 0) { ?>
            ]]></search>
            <add position="before"><![CDATA[
			<td class="text-right"><?php foreach ($categories as $category) { ?>
                <?php if (in_array($category['category_id'], $product['category'])) { ?>
                <?php echo $category['name'];?><br>
            <?php } ?> <?php } ?></td>
            ]]></add>
        </operation>
		<operation>
            <search><![CDATA[
             <button type="button" id="button-filter" class="btn btn-primary pull-right"><i class="fa fa-filter"></i> <?php echo $button_filter; ?></button>
            ]]></search>
            <add position="before"><![CDATA[
			<div class="form-group">
                <label class="control-label" for="input-category"><?php echo $entrycategory; ?></label>
                <select name="filter_category"  id="input-category" class="form-control" >
              <option value="*"></option>
              <?php foreach ($categories as $category) { ?>
                <?php if ($category['category_id']==$filter_category) { ?>
                  <option value="<?php echo $category['category_id']; ?>" selected="selected"><?php echo $category['name']; ?></option>
                <?php } else { ?>
                  <option value="<?php echo $category['category_id']; ?>"><?php echo $category['name']; ?></option> 
                <?php } ?>
              <?php } ?>
			  </select>
              </div>
            ]]></add>
        </operation>
	</file>
	<file path="admin/language/en-gb/catalog/product.php">
		<operation>
            <search><![CDATA[
            $_['heading_title']          = 'Products';
            ]]></search>
            <add position="before"><![CDATA[
			$_['entrycategory']          = 'Select Category';
			$_['columncategory']          = 'Category';
            ]]></add>
        </operation>
	</file>
    <file path="admin/language/ru-ru/catalog/product.php">
        <operation>
            <search><![CDATA[
            $_['heading_title']          = 'Товары';
            ]]></search>
            <add position="before"><![CDATA[
            $_['entrycategory']          = 'Выберите категорию';
            $_['columncategory']          = 'Категория';
            ]]></add>
        </operation>
    </file>
	
</modification>