<?xml version="1.0" encoding="utf-8"?>
<modification>
    <name>Manufacturer Description</name>
    <version>2.0</version>
    <author>opencart2x.ru</author>
    <link>https://opencart2x.ru</link>
    <code>manufacturer_description</code>
    <file path="admin/controller/catalog/manufacturer.php">
        <operation>
            <search><![CDATA[
            $data['entry_customer_group'] = $this->language->get('entry_customer_group');
            ]]></search>
            <add position="after"><![CDATA[
            $data['entry_description'] = $this->language->get('entry_description');
            $data['entry_meta_title'] = $this->language->get('entry_meta_title');
            $data['entry_meta_description'] = $this->language->get('entry_meta_description');
            $data['entry_meta_keyword'] = $this->language->get('entry_meta_keyword');
            ]]></add>
        </operation>        
        <operation>
            <search><![CDATA[
            $data['token'] = $this->session->data['token'];
            ]]></search>
            <add position="after"><![CDATA[
            $this->load->model('localisation/language');
            $data['languages'] = $this->model_localisation_language->getLanguages();
            ]]></add>
        </operation>        
        <operation>
            <search><![CDATA[
            if (isset($this->request->post['image'])) {
            ]]></search>
            <add position="before"><![CDATA[
            if (isset($this->request->post['manufacturer_description'])) {
                $data['manufacturer_description'] = $this->request->post['manufacturer_description'];
            } elseif (isset($this->request->get['manufacturer_id'])) {
                $data['manufacturer_description'] = $this->model_catalog_manufacturer->getManufacturerDescriptions($this->request->get['manufacturer_id']);
            } else {
                $data['manufacturer_description'] = array();
            }
            ]]></add>
        </operation>        
        <operation>
            <search><![CDATA[
            $this->error['name'] = $this->language->get('error_name');
            ]]></search>
            <add position="after" offset="1"><![CDATA[
            foreach ($this->request->post['manufacturer_description'] as $language_id => $value) {
                
                if ((utf8_strlen($value['meta_title']) < 3) || (utf8_strlen($value['meta_title']) > 255)) {
                    $this->error['meta_title'][$language_id] = $this->language->get('error_meta_title');
                }

            }
            ]]></add>
        </operation>        
        <operation>
            <search><![CDATA[
            $data['error_name'] = '';
            ]]></search>
            <add position="after" offset="1"><![CDATA[
            if (isset($this->error['meta_title'])) {
                $data['error_meta_title'] = $this->error['meta_title'];
            } else {
                $data['error_meta_title'] = array();
            }
            ]]></add>
        </operation>
    </file>
    <file path="admin/model/catalog/manufacturer.php">
        <operation>
            <search><![CDATA[
            $manufacturer_id = $this->db->getLastId();
            ]]></search>
            <add position="after"><![CDATA[
            foreach ($data['manufacturer_description'] as $language_id => $value) {
                $this->db->query("INSERT INTO " . DB_PREFIX . "manufacturer_description SET manufacturer_id = '" . (int)$manufacturer_id . "', language_id = '" . (int)$language_id . "', description = '" . $this->db->escape($value['description']) . "', meta_title = '" . $this->db->escape($value['meta_title']) . "', meta_description = '" . $this->db->escape($value['meta_description']) . "', meta_keyword = '" . $this->db->escape($value['meta_keyword']) . "'");
            }  
            ]]></add>
        </operation>            
        <operation>
            <search><![CDATA[
            $this->db->query("UPDATE " . DB_PREFIX . "manufacturer SET name = '" . $this->db->escape($data['name']) . "', sort_order = '" . (int)$data['sort_order'] . "' WHERE manufacturer_id = '" . (int)$manufacturer_id . "'");
            ]]></search>
            <add position="after"><![CDATA[
            $this->db->query("DELETE FROM " . DB_PREFIX . "manufacturer_description WHERE manufacturer_id = '" . (int)$manufacturer_id . "'");

            foreach ($data['manufacturer_description'] as $language_id => $value) {
                $this->db->query("INSERT INTO " . DB_PREFIX . "manufacturer_description SET manufacturer_id = '" . (int)$manufacturer_id . "', language_id = '" . (int)$language_id . "', description = '" . $this->db->escape($value['description']) . "', meta_title = '" . $this->db->escape($value['meta_title']) . "', meta_description = '" . $this->db->escape($value['meta_description']) . "', meta_keyword = '" . $this->db->escape($value['meta_keyword']) . "'");
            }  
            ]]></add>
        </operation>
        <operation>
            <search><![CDATA[
            public function deleteManufacturer($manufacturer_id) {
            ]]></search>
            <add position="after"><![CDATA[
            $this->db->query("DELETE FROM " . DB_PREFIX . "manufacturer_description WHERE manufacturer_id = '" . (int)$manufacturer_id . "'");  
            ]]></add>
        </operation>
        <operation>
            <search><![CDATA[
            public function getManufacturers($data = array()) {
            ]]></search>
            <add position="before"><![CDATA[
            public function getManufacturerDescriptions($manufacturer_id) {
                $manufacturer_description_data = array();

                $query = $this->db->query("SELECT * FROM " . DB_PREFIX . "manufacturer_description WHERE manufacturer_id = '" . (int)$manufacturer_id . "'");

                foreach ($query->rows as $result) {
                    $manufacturer_description_data[$result['language_id']] = array(
                        'meta_title'       => $result['meta_title'],
                        'meta_description' => $result['meta_description'],
                        'meta_keyword'     => $result['meta_keyword'],
                        'description'      => $result['description']
                    );
                }

                return $manufacturer_description_data;
            }
            ]]></add>
        </operation>        
    </file>  
    <file path="admin/view/template/catalog/manufacturer_form.tpl">
        <operation>
            <search><![CDATA[
            </form>
            ]]></search>
            <add position="before"><![CDATA[
            <ul class="nav nav-tabs" id="language">
                <?php foreach ($languages as $language) { ?>
                    <li><a href="#language<?php echo $language['language_id']; ?>" data-toggle="tab"><img src="<?php echo version_compare(VERSION, '2.2.0', '>=') ? "language/{$language['code']}/{$language['code']}.png" : "view/image/flags/{$language['image']}"; ?>" title="<?php echo $language['name']; ?>" /> <?php echo $language['name']; ?></a></li>
                <?php } ?> 
            </ul>
            <div class="tab-content">
                <?php foreach ($languages as $language) { ?>
                    <div class="tab-pane" id="language<?php echo $language['language_id']; ?>">
                        <div class="form-group">
                            <label class="col-sm-2 control-label" for="input-description<?php echo $language['language_id']; ?>"><?php echo $entry_description; ?></label>
                            <div class="col-sm-10">
                              <textarea name="manufacturer_description[<?php echo $language['language_id']; ?>][description]" placeholder="<?php echo $entry_description; ?>" id="input-description<?php echo $language['language_id']; ?>" class="form-control summernote"><?php echo isset($manufacturer_description[$language['language_id']]) ? $manufacturer_description[$language['language_id']]['description'] : ''; ?></textarea>
                            </div>  
                        </div>
                        <div class="form-group required">
                        <label class="col-sm-2 control-label" for="input-meta-title<?php echo $language['language_id']; ?>"><?php echo $entry_meta_title; ?></label>
                        <div class="col-sm-10">
                          <input type="text" name="manufacturer_description[<?php echo $language['language_id']; ?>][meta_title]" value="<?php echo isset($manufacturer_description[$language['language_id']]) ? $manufacturer_description[$language['language_id']]['meta_title'] : ''; ?>" placeholder="<?php echo $entry_meta_title; ?>" id="input-meta-title<?php echo $language['language_id']; ?>" class="form-control" />
                          <?php if (isset($error_meta_title[$language['language_id']])) { ?>
                          <div class="text-danger"><?php echo $error_meta_title[$language['language_id']]; ?></div>
                          <?php } ?>
                        </div>
                      </div>
                      <div class="form-group">
                        <label class="col-sm-2 control-label" for="input-meta-description<?php echo $language['language_id']; ?>"><?php echo $entry_meta_description; ?></label>
                        <div class="col-sm-10">
                          <textarea name="manufacturer_description[<?php echo $language['language_id']; ?>][meta_description]" rows="5" placeholder="<?php echo $entry_meta_description; ?>" id="input-meta-description<?php echo $language['language_id']; ?>" class="form-control"><?php echo isset($manufacturer_description[$language['language_id']]) ? $manufacturer_description[$language['language_id']]['meta_description'] : ''; ?></textarea>
                        </div>
                      </div>
                      <div class="form-group">
                        <label class="col-sm-2 control-label" for="input-meta-keyword<?php echo $language['language_id']; ?>"><?php echo $entry_meta_keyword; ?></label>
                        <div class="col-sm-10">
                          <textarea name="manufacturer_description[<?php echo $language['language_id']; ?>][meta_keyword]" rows="5" placeholder="<?php echo $entry_meta_keyword; ?>" id="input-meta-keyword<?php echo $language['language_id']; ?>" class="form-control"><?php echo isset($manufacturer_description[$language['language_id']]) ? $manufacturer_description[$language['language_id']]['meta_keyword'] : ''; ?></textarea>
                        </div>
                      </div>
                                

                    </div>
                <?php } ?>
            </div>
            ]]></add>
        </operation>
                <operation>
            <search><![CDATA[
            <?php echo $footer; ?>
            ]]></search>
            <add position="before"><![CDATA[
			<?php if (version_compare(VERSION, '2.2.0', '>')) { ?>
			<script type="text/javascript" src="view/javascript/summernote/summernote.js"></script>
			<link href="view/javascript/summernote/summernote.css" rel="stylesheet" />
			<script type="text/javascript" src="view/javascript/summernote/opencart.js"></script> 
			<?php } else { ?>
            <script type="text/javascript"><!--
            <?php foreach ($languages as $language) { ?>
            $('#input-description<?php echo $language['language_id']; ?>').summernote({
                height: 300
            });
            <?php } ?>
            //--></script>
			<?php } ?>
            <script type="text/javascript"><!--
                $('#language a:first').tab('show');
            //--></script>
            ]]></add>
        </operation>      
    </file> 
    
    <file path="admin/language/{english,en-gb}/catalog/manufacturer.php">
        <operation>
            <search><![CDATA[
            $_['entry_type']
            ]]></search>
            <add position="before"><![CDATA[
            $_['entry_description']      = 'Description';
            $_['entry_meta_title']       = 'Meta Tag Title';
            $_['entry_meta_keyword']     = 'Meta Tag Keywords';
            $_['entry_meta_description'] = 'Meta Tag Description';
            $_['error_meta_title']       = 'Meta Title must be greater than 3 and less than 255 characters!';
            ]]></add>
        </operation>
    </file>
    <file path="admin/language/{russian,ru-ru}/catalog/manufacturer.php">
        <operation>
            <search><![CDATA[
            $_['entry_type']
            ]]></search>
            <add position="before"><![CDATA[
            $_['entry_description']      = 'Описание';
            $_['entry_meta_title']       = 'Meta Title';
            $_['entry_meta_keyword']     = 'Meta Keywords';
            $_['entry_meta_description'] = 'Meta Description';
            $_['error_meta_title']       = 'Meta Title должен содержать от 3 до 255 символов!';
            ]]></add>
        </operation>
    </file>      
    <file path="catalog/controller/product/manufacturer.php">
        <operation>
            <search><![CDATA[
            $this->document->setTitle($manufacturer_info['name']);
            ]]></search>
            <add position="replace"><![CDATA[
            $this->document->setTitle($manufacturer_info['meta_title']);
            $this->document->setDescription($manufacturer_info['meta_description']);
            $this->document->setKeywords($manufacturer_info['meta_keyword']);
            ]]></add>
        </operation>
        <operation>
            <search><![CDATA[
            $data['heading_title'] = $manufacturer_info['name'];
            ]]></search>
            <add position="after"><![CDATA[
            $data['image'] = $manufacturer_info['image'];
            $data['description'] = html_entity_decode($manufacturer_info['description'], ENT_QUOTES, 'UTF-8');
            ]]></add>
        </operation>
    </file>
    <file path="catalog/model/catalog/manufacturer.php">
        <operation>
            <search><![CDATA[
            $query = $this->db->query("SELECT * FROM " . DB_PREFIX . "manufacturer m LEFT JOIN " . DB_PREFIX . "manufacturer_to_store m2s ON (m.manufacturer_id = m2s.manufacturer_id) WHERE m.manufacturer_id = '" . (int)$manufacturer_id . "' AND m2s.store_id = '" . (int)$this->config->get('config_store_id') . "'");
            ]]></search>
            <add position="replace"><![CDATA[
            $query = $this->db->query("SELECT * FROM " . DB_PREFIX . "manufacturer m LEFT JOIN " . DB_PREFIX . "manufacturer_to_store m2s ON (m.manufacturer_id = m2s.manufacturer_id) LEFT JOIN " . DB_PREFIX . "manufacturer_description md ON (md.manufacturer_id='" . (int)$manufacturer_id . "') AND (md.language_id='" . (int)$this->config->get('config_language_id') . "')  WHERE m.manufacturer_id = '" . (int)$manufacturer_id . "' AND m2s.store_id = '" . (int)$this->config->get('config_store_id') . "'");
            ]]></add>
        </operation>
    </file>
    <file path="catalog/view/theme/*/template/product/manufacturer_info.tpl">
    	 <operation error="skip">
            <search><![CDATA[
            <h1><?php echo $heading_title; ?></h1>
            ]]></search>
            <add position="after"><![CDATA[
            <?php if ($image || $description) { ?>
		      <div class="row">
		        <?php if ($image) { ?>
		        <div class="col-sm-2"><img src="/image/<?php echo $image; ?>" alt="<?php echo $heading_title; ?>" title="<?php echo $heading_title; ?>" class="img-thumbnail" /></div>
		        <?php } ?>
		        <?php if ($description) { ?>
		        <div class="col-sm-10"><?php echo $description; ?></div>
		        <?php } ?>
		      </div>
		      <hr>
		    <?php } ?>
            ]]></add>
        </operation>
        <operation error="skip">
            <search><![CDATA[
            <h2><?php echo $heading_title; ?></h2>
            ]]></search>
            <add position="replace"><![CDATA[
            <h1><?php echo $heading_title; ?></h1>
            <?php if ($image || $description) { ?>
		      <div class="row">
		        <?php if ($image) { ?>
		        <div class="col-sm-2"><img src="/image/<?php echo $image; ?>" alt="<?php echo $heading_title; ?>" title="<?php echo $heading_title; ?>" class="img-thumbnail" /></div>
		        <?php } ?>
		        <?php if ($description) { ?>
		        <div class="col-sm-10"><?php echo $description; ?></div>
		        <?php } ?>
		      </div>
		      <hr>
		    <?php } ?>
            ]]></add>
        </operation>
    </file>
</modification>