<?xml version="1.0" encoding="utf-8"?>
<modification>
    <name>Что нового?</name>
    <code>Newsticker</code>
    <version>2.0</version>
    <author>opencart2x.ru</author>
    <link>https://opencart2x.ru</link>
    <file path="admin/controller/common/menu.php">
        <operation>
            <search><![CDATA[$data['text_information'] = $this->language->get('text_information');]]></search>
            <add position="after"><![CDATA[
            $data['text_newsticker'] = $this->language->get('text_newsticker');
            ]]></add>
        </operation>
        <operation>
            <search><![CDATA[$data['information'] = $this->url->link('catalog/information', 'token=' . $this->session->data['token'], 'SSL');]]></search>
            <add position="after"><![CDATA[
            $data['newsticker'] = $this->url->link('design/newsticker', 'token=' . $this->session->data['token'], 'SSL');
            ]]></add>
        </operation>
        
    </file>
    <file path="admin/language/english/common/menu.php">
        <operation>
            <search><![CDATA[$_['text_information']]]></search>
            <add position="before"><![CDATA[
            $_['text_newsticker']='News Feed';
            ]]></add>
        </operation>
    </file>
    <file path="admin/language/russian/common/menu.php">
        <operation>
            <search><![CDATA[$_['text_information']]]></search>
            <add position="before"><![CDATA[
            $_['text_newsticker']='Лента новостей';
            ]]></add>
        </operation>
    </file>
    <file path="admin/view/template/common/menu.tpl">
        <operation>
            <search><![CDATA[<li><a href="<?php echo $information; ?>"><?php echo $text_information; ?></a></li>]]></search>
            <add position="after"><![CDATA[
            <li><a href="<?php echo $newsticker; ?>"><?php echo $text_newsticker; ?></a></li>
            ]]></add>
        </operation>
    </file>
</modification>