<modification>

	<name>Custom Image Titles - Revolution Theme Patch</name>
	<code>Custom-Image-Titles-revolution</code>
	<version>2.7.4</version>
	<author>opencart2x.ru</author>
	<link>https://opencart2x.ru</link>

	<file path="catalog/view/theme/revolution/template/product/category.tpl">
		<operation info="Add custom title message to the category image" error="log">
			<search><![CDATA[title="<?php echo $heading_title; ?>"]]></search>
			<add position="replace"><![CDATA[title="<?php echo (!empty($cit_status) && $image_title != '') ? $image_title : $heading_title; ?>"]]></add>
		</operation>
		<operation info="Add custom alt message to the category image" error="log">
			<search><![CDATA[alt="<?php echo $heading_title; ?>"]]></search>
			<add position="replace"><![CDATA[alt="<?php echo (!empty($cit_status) && $image_alt != '') ? $image_alt : $heading_title; ?>"]]></add>
		</operation>
	</file>

	<file path="catalog/view/theme/revolution/template/product/product.tpl">
		<operation info="Add custom title message to the main product image link" error="log">
			<search index="0"><![CDATA[title="<?php echo $heading_title; ?>"]]></search>
			<add position="replace"><![CDATA[title="<?php echo (!empty($cit_status) && $image_title != '') ? $image_title : $heading_title; ?>"]]></add>
		</operation>
	  	<operation info="Add custom title message to the main product image" error="log">
			<search index="0"><![CDATA[title="<?php echo $heading_title; ?>"]]></search>
			<add position="replace"><![CDATA[title="<?php echo (!empty($cit_status) && $image_title != '') ? $image_title : $heading_title; ?>"]]></add>
		</operation>
		<operation info="Add custom alt message to the main product image" error="log">
			<search index="0"><![CDATA[alt="<?php echo $heading_title; ?>"]]></search>
			<add position="replace"><![CDATA[alt="<?php echo (!empty($cit_status) && $image_alt != '') ? $image_alt : $heading_title; ?>"]]></add>
		</operation>
	  
		<operation info="Add main product image caption" error="log">
			<search index="0"><![CDATA[$image_alt : $heading_title; ?>" itemprop="image" />]]></search>
			<add position="replace"><![CDATA[$image_alt : $heading_title; ?>" itemprop="image" /><?php if (!empty($cit_status) && $cit_display_caption) { ?><div class="text-center"><strong><?php echo ($image_title != '') ? $image_title : $heading_title; ?></strong></div><?php } ?>]]></add>
		</operation>
	  
	  	<operation info="Add custom title message to the main product image link" error="log">
			<search index="0"><![CDATA[title="<?php echo $heading_title; ?>"]]></search>
			<add position="replace"><![CDATA[title="<?php echo (!empty($cit_status) && $image_title != '') ? $image_title : $heading_title; ?>"]]></add>
		</operation>

		<operation info="Add custom alt message to the main product image" error="log">
			<search index="0"><![CDATA[alt="<?php echo $heading_title; ?>"]]></search>
			<add position="replace"><![CDATA[alt="<?php echo (!empty($cit_status) && $image_alt != '') ? $image_alt : $heading_title; ?>"]]></add>
		</operation>
	  
	  	<operation info="Add main product image caption" error="log">
			<search index="1"><![CDATA[$image_alt : $heading_title; ?>" itemprop="image" />]]></search>
			<add position="replace"><![CDATA[$image_alt : $heading_title; ?>" itemprop="image" /><?php if (!empty($cit_status) && $cit_display_caption) { ?><div class="text-center"><strong><?php echo ($image_title != '') ? $image_title : $heading_title; ?></strong></div><?php } ?>]]></add>
		</operation>
	  

		<operation info="Add custom alt message to the main product image" error="log">
			<search index="0"><![CDATA[alt="<?php echo $heading_title; ?>"]]></search>
			<add position="replace"><![CDATA[alt="<?php echo (!empty($cit_status) && $image_alt != '') ? $image_alt : $heading_title; ?>"]]></add>
		</operation>
	  
		<operation info="Add custom title message to the additional product images" error="log">
			<search><![CDATA[title="<?php echo $heading_title; ?>"]]></search>
			<add position="replace"><![CDATA[title="<?php echo (!empty($cit_status) && $image['title_text'] != '') ? $image['title_text'] : $heading_title; ?>"]]></add>
		</operation>
		<operation info="Add custom alt message to the additional product images" error="log">
			<search><![CDATA[alt="<?php echo $heading_title; ?>"]]></search>
			<add position="replace"><![CDATA[alt="<?php echo (!empty($cit_status) && $image['alt_text'] != '') ? $image['alt_text'] : $heading_title; ?>"]]></add>
		</operation>
		<operation info="Add custom title message to the related products images" error="log">
			<search><![CDATA[title="<?php echo $product['name']; ?>"]]></search>
			<add position="replace"><![CDATA[title="<?php echo (!empty($cit_status) && $product['image_title'] != '') ? $product['image_title'] : $product['name']; ?>"]]></add>
		</operation>
		<operation info="Add custom alt message to the related products images" error="log">
			<search><![CDATA[alt="<?php echo $product['name']; ?>"]]></search>
			<add position="replace"><![CDATA[alt="<?php echo (!empty($cit_status) && $product['image_alt'] != '') ? $product['image_alt'] : $product['name']; ?>"]]></add>
		</operation>
	</file>

	<file path="catalog/view/theme/revolution/template/product/{category.tpl,manufacturer_info.tpl,search.tpl,special.tpl}">
		<operation info="Add custom title message to the product images" error="log">
			<search><![CDATA[title="<?php echo $product['name']; ?>"]]></search>
			<add position="replace"><![CDATA[title="<?php echo (!empty($cit_status) && $product['image_title'] != '') ? $product['image_title'] : $product['name']; ?>"]]></add>
		</operation>
		<operation info="Add custom alt message to the product images" error="log">
			<search><![CDATA[alt="<?php echo $product['name']; ?>"]]></search>
			<add position="replace"><![CDATA[alt="<?php echo (!empty($cit_status) && $product['image_alt'] != '') ? $product['image_alt'] : $product['name']; ?>"]]></add>
		</operation>
	</file>
  
  <file path="catalog/view/theme/revolution/template/module/{bestseller.tpl,featured.tpl,latest.tpl,special.tpl}">
		<operation info="Add custom title message to the product images" error="log">
			<search index="0"><![CDATA[title="<?php echo $product['name']; ?>"]]></search>
			<add position="replace"><![CDATA[title="<?php echo (!empty($cit_status) && $product['image_title'] != '') ? $product['image_title'] : $product['name']; ?>"]]></add>
		</operation>
	  	<operation info="Add custom title message to the product images" error="log">
			<search index="1"><![CDATA[title="<?php echo $product['name']; ?>"]]></search>
			<add position="replace"><![CDATA[title="<?php echo (!empty($cit_status) && $product['image_title'] != '') ? $product['image_title'] : $product['name']; ?>"]]></add>
		</operation>
		<operation info="Add custom alt message to the product images" error="log">
			<search index="0"><![CDATA[alt="<?php echo $product['name']; ?>"]]></search>
			<add position="replace"><![CDATA[alt="<?php echo (!empty($cit_status) && $product['image_alt'] != '') ? $product['image_alt'] : $product['name']; ?>"]]></add>
		</operation>
	  	<operation info="Add custom alt message to the product images" error="log">
			<search index="1"><![CDATA[alt="<?php echo $product['name']; ?>"]]></search>
			<add position="replace"><![CDATA[alt="<?php echo (!empty($cit_status) && $product['image_alt'] != '') ? $product['image_alt'] : $product['name']; ?>"]]></add>
		</operation>
	</file>

	<file path="catalog/controller/revolution/{revpbest.php,revplast.php}">
		<operation>
			<search><![CDATA[
			public function index() {
			]]></search>
			<add position="after"><![CDATA[
			$data['cit_status'] = $this->config->get('cit_status');
			]]></add>
		</operation>
		<operation>
			<search><![CDATA[
			$data['products'][] = array(
			]]></search>
			<add position="after"><![CDATA[
					'image_alt'   => isset($result['alt_text']) && $data['cit_status'] ? $result['alt_text'] : '',
					'image_title' => isset($result['title_text']) && $data['cit_status'] ? $result['title_text'] : '',
			]]></add>
		</operation>
	</file>

  	<file path="catalog/view/theme/revolution/template/revolution/revp.tpl">
		<operation info="Add custom title message to the product images" error="log">
			<search index="0"><![CDATA[title="<?php echo $product['name']; ?>"]]></search>
			<add position="replace"><![CDATA[title="<?php echo (!empty($cit_status) && $product['image_title'] != '') ? $product['image_title'] : $product['name']; ?>"]]></add>
		</operation>
	  	<operation info="Add custom title message to the product images" error="log">
			<search index="1"><![CDATA[title="<?php echo $product['name']; ?>"]]></search>
			<add position="replace"><![CDATA[title="<?php echo (!empty($cit_status) && $product['image_title'] != '') ? $product['image_title'] : $product['name']; ?>"]]></add>
		</operation>
		<operation info="Add custom alt message to the product images" error="log">
			<search index="0"><![CDATA[alt="<?php echo $product['name']; ?>"]]></search>
			<add position="replace"><![CDATA[alt="<?php echo (!empty($cit_status) && $product['image_alt'] != '') ? $product['image_alt'] : $product['name']; ?>"]]></add>
		</operation>
	  	<operation info="Add custom alt message to the product images" error="log">
			<search index="1"><![CDATA[alt="<?php echo $product['name']; ?>"]]></search>
			<add position="replace"><![CDATA[alt="<?php echo (!empty($cit_status) && $product['image_alt'] != '') ? $product['image_alt'] : $product['name']; ?>"]]></add>
		</operation>
	</file>

  	<file path="catalog/controller/revolution/revslider.php">
		<operation>
			<search><![CDATA[
			$data['products'] = array();
			]]></search>
			<add position="after"><![CDATA[
			$data['cit_status'] = $this->config->get('cit_status');
			]]></add>
		</operation>
		<operation>
			<search><![CDATA[
			foreach ($products as $product) {
			]]></search>
			<add position="before"><![CDATA[
			$data['cit_status'] = $this->config->get('cit_status');
			]]></add>
		</operation>
		<operation>
			<search><![CDATA[
			$result[] = array(
			]]></search>
			<add position="after"><![CDATA[
					'image_alt'   => isset($product['alt_text']) && $data['cit_status'] ? $product['alt_text'] : '',
					'image_title' => isset($product['title_text']) && $data['cit_status'] ? $product['title_text'] : '',
			]]></add>
		</operation>
	</file>
  
  	<file path="catalog/view/theme/revolution/template/revolution/revslider.tpl">
		<operation info="Add custom title message to the product images" error="log">
			<search index="0"><![CDATA[title="<?php echo $product['name']; ?>"]]></search>
			<add position="replace"><![CDATA[title="<?php echo (!empty($cit_status) && $product['image_title'] != '') ? $product['image_title'] : $product['name']; ?>"]]></add>
		</operation>
	  	<operation info="Add custom title message to the product images" error="log">
			<search index="1"><![CDATA[title="<?php echo $product['name']; ?>"]]></search>
			<add position="replace"><![CDATA[title="<?php echo (!empty($cit_status) && $product['image_title'] != '') ? $product['image_title'] : $product['name']; ?>"]]></add>
		</operation>
		<operation info="Add custom alt message to the product images" error="log">
			<search index="0"><![CDATA[alt="<?php echo $product['name']; ?>"]]></search>
			<add position="replace"><![CDATA[alt="<?php echo (!empty($cit_status) && $product['image_alt'] != '') ? $product['image_alt'] : $product['name']; ?>"]]></add>
		</operation>
	  	<operation info="Add custom alt message to the product images" error="log">
			<search index="1"><![CDATA[alt="<?php echo $product['name']; ?>"]]></search>
			<add position="replace"><![CDATA[alt="<?php echo (!empty($cit_status) && $product['image_alt'] != '') ? $product['image_alt'] : $product['name']; ?>"]]></add>
		</operation>
	</file>
  
  <file path="catalog/controller/revolution/revpmod.php">
		<operation>
			<search><![CDATA[
			public function ptabs() {
			]]></search>
			<add position="after"><![CDATA[
			$data['cit_status'] = $this->config->get('cit_status');
			]]></add>
		</operation>
		<operation>
			<search><![CDATA[
			$data['products_best'][] = array(
			]]></search>
			<add position="after"><![CDATA[
					'image_alt'   => isset($result['alt_text']) && $data['cit_status'] ? $result['alt_text'] : '',
					'image_title' => isset($result['title_text']) && $data['cit_status'] ? $result['title_text'] : '',
			]]></add>
		</operation>
		<operation>
			<search><![CDATA[
			$data['products_last'][] = array(
			]]></search>
			<add position="after"><![CDATA[
					'image_alt'   => isset($result['alt_text']) && $data['cit_status'] ? $result['alt_text'] : '',
					'image_title' => isset($result['title_text']) && $data['cit_status'] ? $result['title_text'] : '',
			]]></add>
		</operation>
		<operation>
			<search><![CDATA[
			$data['products_spec'][] = array(
			]]></search>
			<add position="after"><![CDATA[
					'image_alt'   => isset($result['alt_text']) && $data['cit_status'] ? $result['alt_text'] : '',
					'image_title' => isset($result['title_text']) && $data['cit_status'] ? $result['title_text'] : '',
			]]></add>
		</operation>
		<operation>
			<search><![CDATA[
			$data['autoscroll'] = $setting['autoscroll'];
			]]></search>
			<add position="after"><![CDATA[
			$data['cit_status'] = $this->config->get('cit_status');
			]]></add>
		</operation>
		<operation>
			<search><![CDATA[
			$data['products'][] = array(
			]]></search>
			<add position="after"><![CDATA[
					'image_alt'   => isset($result['alt_text']) && $data['cit_status'] ? $result['alt_text'] : '',
					'image_title' => isset($result['title_text']) && $data['cit_status'] ? $result['title_text'] : '',
			]]></add>
		</operation>
	</file>

  	<file path="catalog/view/theme/revolution/template/revolution/{revp_modt.tpl,revp_mod.tpl}">
		<operation info="Add custom title message to the product images" error="log">
			<search index="0"><![CDATA[title="<?php echo $product['name']; ?>"]]></search>
			<add position="replace"><![CDATA[title="<?php echo (!empty($cit_status) && $product['image_title'] != '') ? $product['image_title'] : $product['name']; ?>"]]></add>
		</operation>
	  	<operation info="Add custom title message to the product images" error="log">
			<search index="1"><![CDATA[title="<?php echo $product['name']; ?>"]]></search>
			<add position="replace"><![CDATA[title="<?php echo (!empty($cit_status) && $product['image_title'] != '') ? $product['image_title'] : $product['name']; ?>"]]></add>
		</operation>
		<operation info="Add custom alt message to the product images" error="log">
			<search index="0"><![CDATA[alt="<?php echo $product['name']; ?>"]]></search>
			<add position="replace"><![CDATA[alt="<?php echo (!empty($cit_status) && $product['image_alt'] != '') ? $product['image_alt'] : $product['name']; ?>"]]></add>
		</operation>
	  	<operation info="Add custom alt message to the product images" error="log">
			<search index="1"><![CDATA[alt="<?php echo $product['name']; ?>"]]></search>
			<add position="replace"><![CDATA[alt="<?php echo (!empty($cit_status) && $product['image_alt'] != '') ? $product['image_alt'] : $product['name']; ?>"]]></add>
		</operation>
	</file>


</modification>
