<?xml version="1.0" encoding="UTF-8"?>
<modification>
  <name>MultiUpload Images Opencart 2</name>
  <code>multi_upload_images_oc2x</code>
  <version>2.1</version>
  <author>opencart2x.ru</author>
  <link>https://opencart2x.ru</link>
  <file path="admin/view/template/catalog/product_form.tpl">
    <operation>
      <search>
        <![CDATA[
            <div class="tab-pane" id="tab-image">
        ]]>
      </search>
      <add position="replace" offset="29">
        <![CDATA[
			<div class="tab-pane" id="tab-image">
			  <div id="fileupload">
				<!-- The fileupload-buttonbar contains buttons to add/delete files and start/cancel the upload -->
				<div class="row fileupload-buttonbar">
					<div class="col-lg-7">
						<!-- The fileinput-button span is used to style the file input field as button -->
						<span class="btn btn-success fileinput-button">
							<i class="fa fa-plus"></i>
							<span>Добавить изображения...</span>
							<input type="file" name="files[]" multiple>
						</span>
						<button type="button" class="btn btn-primary start">
							<i class="fa fa-upload"></i>
							<span>Загрузить</span>
						</button>
						<button type="reset" class="btn btn-warning cancel">
							<i class="fa fa-circle"></i>
							<span>Отменить</span>
						</button>
						<button type="button" class="btn btn-danger delete">
							<i class="fa fa-times"></i>
							<span>Удалить</span>
						</button>
						<input type="checkbox" class="toggle">
						<!-- The global file processing state -->
						<span class="fileupload-process"></span>
					</div>
					<!-- The global progress state -->
					<div class="col-lg-5 fileupload-progress fade">
						<!-- The global progress bar -->
						<div class="progress progress-striped active" role="progressbar" aria-valuemin="0" aria-valuemax="100">
							<div class="progress-bar progress-bar-success" style="width:0%;"></div>
						</div>
						<!-- The extended global progress state -->
						<div class="progress-extended">&nbsp;</div>
					</div>
				</div>
				<!-- The table listing the files available for upload/download -->
				<div class="table-responsive">
					<table role="presentation" id="images" class="table table-striped table-bordered table-hover">
						<thead>
							<tr>
							  <td class="text-left" width="20"></td>
							  <td class="text-left"><?php echo $entry_image; ?></td>
							  <td class="text-right"><?php echo $entry_sort_order; ?></td>
							  <td></td>
							</tr>
						</thead>
						<tbody class="files">
                    <?php $image_row = 0; ?>
                    <?php foreach ($product_images as $product_image) { ?>
                    <tr id="image-row<?php echo $image_row; ?>" class="template-download">
                      <td class="text-left"><input type="radio" name="image" value="<?php echo $product_image['image']; ?>" id="radio-image<?php echo $image_row; ?>" <?php if ($product_image['image'] == $image) { ?>checked="checked"<?php } ?> /></td>
					  <td class="text-left"><a href="" id="thumb-image<?php echo $image_row; ?>" data-toggle="image" class="img-thumbnail"><img src="<?php echo $product_image['thumb']; ?>" alt="" title="" data-placeholder="<?php echo $placeholder; ?>" /></a><input type="hidden" name="product_image[<?php echo $image_row; ?>][image]" value="<?php echo $product_image['image']; ?>" id="input-image<?php echo $image_row; ?>" /></td>
                      <td class="text-right"><input type="text" name="product_image[<?php echo $image_row; ?>][sort_order]" value="<?php echo $product_image['sort_order']; ?>" placeholder="<?php echo $entry_sort_order; ?>" class="form-control" /></td>
                      <td class="text-left">
						<button class="btn btn-danger delete" data-type="DELETE" data-url="/image/?file=<?php echo $product_image['image']; ?>">
							<i class="fa fa-times"></i>
							<span>Удалить</span>
						</button>
						<input type="checkbox" name="delete" value="1" class="toggle">
					  </td>
                    </tr>
                    <?php $image_row++; ?>
                    <?php } ?>
						</tbody>
						<tfoot>
							<tr>
							  <td colspan="3"></td>
							  <td class="text-left"><button type="button" onclick="addImage();" data-toggle="tooltip" title="<?php echo $button_image_add; ?>" class="btn btn-primary"><i class="fa fa-plus-circle"></i></button></td>
							</tr>
						</tfoot>
					</table>
				</div>
			  </div>
			</div>
        ]]>
      </add>
    </operation>
    <operation>
      <search>
        <![CDATA[
	html  = '<tr id="image-row' + image_row + '">';
        ]]>
      </search>
      <add position="after">
        <![CDATA[
	html += '  <td class="text-left"><input type="radio" name="image" value="" id="radio-input-image' + image_row + '" /></td>';
        ]]>
      </add>
    </operation>
    <operation>
      <search>
        <![CDATA[
<?php echo $footer; ?>
        ]]>
      </search>
      <add position="before">
        <![CDATA[
<!-- The blueimp Gallery widget -->
<div id="blueimp-gallery" class="blueimp-gallery blueimp-gallery-controls" data-filter=":even">
	<div class="slides"></div>
	<h3 class="title"></h3>
	<a class="prev">‹</a>
	<a class="next">›</a>
	<a class="close">×</a>
	<a class="play-pause"></a>
	<ol class="indicator"></ol>
</div>
<!-- The template to display files available for upload -->
<script id="template-upload" type="text/x-tmpl">
{% for (var i=0, file; file=o.files[i]; i++) { %}
	<tr class="template-upload fade">
		<td class="text-left" colspan="2">
			<span class="preview"></span>
			<p class="name">{%=file.name%}</p>
			<strong class="error text-danger"></strong>
		</td>
		<td class="text-right">
			<p class="size">Загрузка...</p>
			<div class="progress progress-striped active" role="progressbar" aria-valuemin="0" aria-valuemax="100" aria-valuenow="0"><div class="progress-bar progress-bar-success" style="width:0%;"></div></div>
		</td>
		<td class="text-left">
			{% if (!i && !o.options.autoUpload) { %}
				<button class="btn btn-primary start" disabled>
					<i class="fa fa-upload"></i>
					<span>Загрузить</span>
				</button>
			{% } %}
			{% if (!i) { %}
				<button class="btn btn-warning cancel">
					<i class="fa fa-circle"></i>
					<span>Отменить</span>
				</button>
			{% } %}
		</td>
	</tr>
{% } %}
</script>
<!-- The template to display files available for download -->
<script id="template-download" type="text/x-tmpl">
var image_row = <?php echo $image_row; ?>;

{% for (var i=0, file; file=o.files[i]; i++) { %}
	<tr id="image-row{%=image_row%}" class="template-download">
	  <td class="text-left"><input type="radio" name="image" value="{%=file.imgUrl%}" id="radio-image{%=image_row%}" /></td>
	  <td class="text-left"><a href="" id="thumb-image{%=image_row%}" data-toggle="image" class="img-thumbnail"><img src="{%=file.url%}" alt="" title="" data-placeholder="<?php echo $placeholder; ?>" width="100" /><input type="hidden" name="product_image[{%=image_row%}][image]" value="{%=file.imgUrl%}" id="input-image{%=image_row%}" /></td>
	  <td class="text-right"><input type="text" name="product_image[{%=image_row%}][sort_order]" value="" placeholder="<?php echo $entry_sort_order; ?>" class="form-control" /></td>
	  <td class="text-left">
		{% if (file.deleteUrl) { %}
			<button class="btn btn-danger delete" data-type="{%=file.deleteType%}" data-url="{%=file.deleteUrl%}"{% if (file.deleteWithCredentials) { %} data-xhr-fields='{"withCredentials":true}'{% } %}>
				<i class="fa fa times"></i>
				<span>Удалить</span>
			</button>
			<input type="checkbox" name="delete" value="1" class="toggle">
		{% } else { %}
			<button class="btn btn-warning cancel">
				<i class="fa fa-circle"></i>
				<span>Отменить</span>
			</button>
		{% } %}
	  </td>
	</tr>
	{% image_row++; %}
{% } %}
</script>

<!-- The jQuery UI widget factory, can be omitted if jQuery UI is already included -->
<script src="view/javascript/jquery-file-upload/js/vendor/jquery.ui.widget.js"></script>
<!-- The Templates plugin is included to render the upload/download listings -->
<script src="//blueimp.github.io/JavaScript-Templates/js/tmpl.min.js"></script>
<!-- The Load Image plugin is included for the preview images and image resizing functionality -->
<script src="//blueimp.github.io/JavaScript-Load-Image/js/load-image.all.min.js"></script>
<!-- The Canvas to Blob plugin is included for image resizing functionality -->
<script src="//blueimp.github.io/JavaScript-Canvas-to-Blob/js/canvas-to-blob.min.js"></script>

<!-- blueimp Gallery script -->
<script src="//blueimp.github.io/Gallery/js/jquery.blueimp-gallery.min.js"></script>
<!-- The Iframe Transport is required for browsers without support for XHR file uploads -->
<script src="view/javascript/jquery-file-upload/js/jquery.iframe-transport.js"></script>
<!-- The basic File Upload plugin -->
<script src="view/javascript/jquery-file-upload/js/jquery.fileupload.js"></script>
<!-- The File Upload processing plugin -->
<script src="view/javascript/jquery-file-upload/js/jquery.fileupload-process.js"></script>
<!-- The File Upload image preview & resize plugin -->
<script src="view/javascript/jquery-file-upload/js/jquery.fileupload-image.js"></script>
<!-- The File Upload audio preview plugin -->
<script src="view/javascript/jquery-file-upload/js/jquery.fileupload-audio.js"></script>
<!-- The File Upload video preview plugin -->
<script src="view/javascript/jquery-file-upload/js/jquery.fileupload-video.js"></script>
<!-- The File Upload validation plugin -->
<script src="view/javascript/jquery-file-upload/js/jquery.fileupload-validate.js"></script>
<!-- The File Upload user interface plugin -->
<script src="view/javascript/jquery-file-upload/js/jquery.fileupload-ui.js"></script>
<!-- The main application script -->
<script src="view/javascript/jquery-file-upload/js/main.js"></script>
<!-- The XDomainRequest Transport is included for cross-domain file deletion for IE 8 and IE 9 -->
<!--[if (gte IE 8)&(lt IE 10)]>
<script src="view/javascript/jquery-file-upload/js/cors/jquery.xdr-transport.js"></script>
<![endif]-->
        ]]>
      </add>
    </operation>
  </file>
  <file path="admin/view/template/common/filemanager.tpl">
    <operation>
      <search>
        <![CDATA[
	$('#<?php echo $target; ?>').attr('value', $(this).parent().find('input').attr('value'));
        ]]>
      </search>
      <add position="before">
        <![CDATA[
	$('#radio-<?php echo $target; ?>').attr('value', $(this).parent().find('input').attr('value'));
        ]]>
      </add>
    </operation>
  </file>
  <file path="admin/view/template/common/header.tpl">
    <operation>
      <search>
        <![CDATA[
<?php foreach ($links as $link) { ?>
        ]]>
      </search>
      <add position="before">
        <![CDATA[
<!-- blueimp Gallery styles -->
<link rel="stylesheet" href="//blueimp.github.io/Gallery/css/blueimp-gallery.min.css">
<!-- CSS to style the file input field as button and adjust the Bootstrap progress bars -->
<link rel="stylesheet" href="view/javascript/jquery-file-upload/css/jquery.fileupload.css">
<link rel="stylesheet" href="view/javascript/jquery-file-upload/css/jquery.fileupload-ui.css">
<!-- CSS adjustments for browsers with JavaScript disabled -->
<noscript><link rel="stylesheet" href="view/javascript/jquery-file-upload/css/jquery.fileupload-noscript.css"></noscript>
<noscript><link rel="stylesheet" href="view/javascript/jquery-file-upload/css/jquery.fileupload-ui-noscript.css"></noscript>
        ]]>
      </add>
    </operation>
  </file>
  <file path="catalog/view/theme/*/template/product/product.tpl">
    <operation>
      <search>
        <![CDATA[
            <li class="image-additional"><a class="thumbnail" href="<?php echo $image['popup']; ?>" title="<?php echo $heading_title; ?>"> <img src="<?php echo $image['thumb']; ?>" title="<?php echo $heading_title; ?>" alt="<?php echo $heading_title; ?>" /></a></li>
        ]]>
      </search>
      <add position="replace">
        <![CDATA[
            <?php if ($popup != $image['popup']): ?><li class="image-additional"><a class="thumbnail" href="<?php echo $image['popup']; ?>" title="<?php echo $heading_title; ?>"> <img src="<?php echo $image['thumb']; ?>" title="<?php echo $heading_title; ?>" alt="<?php echo $heading_title; ?>" /></a></li><?php endif; ?>
        ]]>
      </add>
    </operation>
  </file>
</modification>