<modification>
	<name>Category Checkboxes in Product Form</name>
	<code>Category-Checkboxes</code>
	<version>2.0</version>
	<author>opencart2x.ru</author>
	<link>https://opencart2x.ru</link>
	<file path="admin/view/template/catalog/product_form.tpl">
		<operation>
			<search><![CDATA[
				<input type="text" name="category" value="" placeholder="<?php echo $entry_category; ?>" id="input-category" class="form-control" />
			]]></search>
			<add position="before" offset="1"><![CDATA[
				<?php /* <input type="text" name="category" value="" placeholder="<?php echo $entry_category; ?>" id="input-category" class="form-control" />
			]]></add>
		</operation>
		<operation>
			<search><![CDATA[
				<label class="col-sm-2 control-label" for="input-filter"><span data-toggle="tooltip" title="<?php echo $help_filter; ?>"><?php echo $entry_filter; ?></span></label>
			]]></search>
			<add position="before" offset="2"><![CDATA[
			*/ ?>
				<div class="col-sm-10">
                  <div class="well well-sm" style="height: 150px; overflow: auto;">
                  <?php $class = 'odd'; ?>
                  <?php foreach ($categories as $category) { ?>
                  <?php $class = ($class == 'even' ? 'odd' : 'even'); ?>
                  <div class="<?php echo $class; ?>">
                    <?php if (in_array($category['category_id'], $product_category)) { ?>
                    <label>
                    <input type="checkbox" name="product_category[]" value="<?php echo $category['category_id']; ?>" checked="checked" />
                    <?php echo $category['name']; ?>
                	</label>
                    <?php } else { ?>
                    <label>
                    <input type="checkbox" name="product_category[]" value="<?php echo $category['category_id']; ?>" />
                    <?php echo $category['name']; ?>
                    </label>
                    <?php } ?>
                  </div>
                  <?php } ?>
                </div>
               </div>
			]]></add>
		</operation>
	</file>
	<file path="admin/controller/catalog/product.php">
		<operation>
			<search><![CDATA[
				if (isset($this->request->post['manufacturer'])) {
			]]></search>
			<add position="before"><![CDATA[
				$this->load->model('catalog/category');
				
				$data['categories'] = $this->model_catalog_category->getCategories(0);
				
				if (isset($this->request->post['product_category'])) {
					$data['product_category'] = $this->request->post['product_category'];
				} elseif (isset($product_info)) {
					$data['product_category'] = $this->model_catalog_product->getProductCategories($this->request->get['product_id']);
				} else {
					$data['product_category'] = array();
				}
			]]></add>
		</operation>
	</file>
</modification>