<?xml version="1.0" encoding="utf-8"?>
<modification>
	<name>NewsPostsSystem</name>
	<code>NewsPostsSystem</code>
	<version>2.0</version>
	<author>Samdev</author>
	<link>https://opencart2x.ru</link>
	<file path="admin/view/template/common/menu.tpl">
		<operation>
			<search><![CDATA[
				 <li><a href="<?php echo $information; ?>"><?php echo $text_information; ?></a></li>
			]]></search>
			<add position="after"><![CDATA[
				<li><a href="<?php echo $posts; ?>">Блог Статьи</a></li>
			]]></add>
		</operation>
		<operation>
			<search><![CDATA[
				 <li><a href="<?php echo $information; ?>"><?php echo $text_information; ?></a></li>
			]]></search>
			<add position="after"><![CDATA[
				<li><a href="<?php echo $news; ?>">Блог Новости</a></li>
			]]></add>
		</operation>
	</file>
	<file path="admin/controller/common/menu.php">
		<operation>
			<search><![CDATA[
				$data['feed'] = $this->url->link('extension/feed', 'token=' . $this->session->data['token'], 'SSL');	
			]]></search>
			<add position="after"><![CDATA[
				$data['posts'] = $this->url->link('extension/posts', 'token=' . $this->session->data['token'], 'SSL');	
			]]></add>
		</operation>
		<operation>
			<search><![CDATA[
				$data['feed'] = $this->url->link('extension/feed', 'token=' . $this->session->data['token'], 'SSL');	
			]]></search>
			<add position="after"><![CDATA[
				$data['news'] = $this->url->link('extension/news', 'token=' . $this->session->data['token'], 'SSL');	
			]]></add>
		</operation>
	</file>
	<file path="catalog/controller/common/seo_url.php">
		<operation>
			<search><![CDATA[
				if ($url[0] == 'information_id') {
			]]></search>
			<add position="before"><![CDATA[
				if ($url[0] == 'posts_id') {
					$this->request->get['posts_id'] = $url[1];
				}	
			]]></add>
		</operation>
		<operation>
			<search><![CDATA[
				} elseif (isset($this->request->get['information_id'])) {
			]]></search>
			<add position="before"><![CDATA[
				} elseif (isset($this->request->get['posts_id'])) {
					$this->request->get['route'] = 'information/posts/posts';
			]]></add>
		</operation>
		<operation>
			<search><![CDATA[
				if (($data['route'] == 'product/product' && $key == 'product_id') || (($data['route'] == 'product/manufacturer/info' || $data['route'] == 'product/product') && $key == 'manufacturer_id') || ($data['route'] == 'information/information' && $key == 'information_id')) {
			]]></search>
			<add position="replace"><![CDATA[
				if (($data['route'] == 'information/posts/posts' && $key == 'posts_id') || ($data['route'] == 'product/product' && $key == 'product_id') || (($data['route'] == 'product/manufacturer/info' || $data['route'] == 'product/product') && $key == 'manufacturer_id') || ($data['route'] == 'information/information' && $key == 'information_id')) {
			]]></add>
		</operation>
		<operation>
			<search><![CDATA[
				if ($url[0] == 'information_id') {
			]]></search>
			<add position="before"><![CDATA[
				if ($url[0] == 'news_id') {
					$this->request->get['news_id'] = $url[1];
				}	
			]]></add>
		</operation>
		<operation>
			<search><![CDATA[
				} elseif (isset($this->request->get['information_id'])) {
			]]></search>
			<add position="before"><![CDATA[
				} elseif (isset($this->request->get['news_id'])) {
					$this->request->get['route'] = 'information/news/news';
			]]></add>
		</operation>
		<operation>
			<search><![CDATA[
				if (($data['route'] == 'product/product' && $key == 'product_id') || (($data['route'] == 'product/manufacturer/info' || $data['route'] == 'product/product') && $key == 'manufacturer_id') || ($data['route'] == 'information/information' && $key == 'information_id')) {
			]]></search>
			<add position="replace"><![CDATA[
				if (($data['route'] == 'information/news/news' && $key == 'news_id') || ($data['route'] == 'product/product' && $key == 'product_id') || (($data['route'] == 'product/manufacturer/info' || $data['route'] == 'product/product') && $key == 'manufacturer_id') || ($data['route'] == 'information/information' && $key == 'information_id')) {
			]]></add>
		</operation>
		<operation>
			<search><![CDATA[
				if ($query->row['query'] && $url[0] != 'information_id' && $url[0] != 'manufacturer_id' && $url[0] != 'category_id' && $url[0] != 'product_id') {
			]]></search>
			<add position="replace"><![CDATA[
				if ($query->row['query'] && $url[0] != 'information_id' && $url[0] != 'manufacturer_id' && $url[0] != 'category_id' && $url[0] != 'product_id' && $url[0] != 'news_id') {
			]]></add>
		</operation>
	</file>
</modification>