<?xml version="1.0" encoding="utf-8"?>
<modification>
  <name>Расширенные наценки для опций</name>
  <code>options-markups</code>
  <version>2.0</version>
  <author>opencart2x.ru</author>
  <link>https://opencart2x.ru/</link>
  
  <file path="catalog/controller/product/product.php">
    <operation>
      <search><![CDATA[$price = $this->currency->format($this->tax->calculate($option_value['price'], $product_info['tax_class_id'], $this->config->get('config_tax') ? 'P' : false)]]></search>
      <add position="replace"><![CDATA[
        if ($option_value['price_prefix']=="u") {
            $price = '+' . (float)$option_value['price'].'%';
        }
        elseif ($option_value['price_prefix']=="d") {
            $price = '-' . (float)$option_value['price'].'%';
        }
        elseif ($option_value['price_prefix']=="*") {
            $price = '*' . (float)$option_value['price'];
        }
        elseif ($option_value['price_prefix']=="/") {
            $price = '/' . (float)$option_value['price'];
        }
        else{
            $price = $option_value['price_prefix'].$this->currency->format($this->tax->calculate($option_value['price'], $product_info['tax_class_id'], $this->config->get('config_tax') ? 'P' : false), $this->session->data['currency']);
        }
        // $price = $this->currency->format($this->tax->calculate($option_value['price'], $product_info['tax_class_id'], $this->config->get('config_tax') ? 'P' : false)]]></add>
    </operation>
  </file>
  <file path="catalog/view/theme/*/template/product/product.tpl">
    <operation>
      <search><![CDATA[<?php echo $option_value['price_prefix']; ?>]]></search>
      <add position="replace"><![CDATA[]]></add>
    </operation>
  </file>  
  <file path="system/library/cart/cart.php">
    <operation>
      <search><![CDATA[$option_price = 0;]]></search>
      <add position="replace"><![CDATA[$option_price = array();]]></add>
    </operation>
      <operation>
        <search><![CDATA[if ($option_value_query->row['price_prefix'] == '+') {]]></search>
        <add position="replace" offset="4"><![CDATA[
          if ($option_value_query->row['price_prefix'] == '=') {
              $sort_key=count($option_price) + 1;
          } else {
              $sort_key=count($option_price)+10;
          }
          
          $option_price[$sort_key] = array(
              $option_value_query->row['price_prefix']=>$option_value_query->row['price'],
          );
        ]]></add>
      </operation>
      <operation>
        <search><![CDATA[if (!$product_query->row['quantity']]]></search>
        <add position="before"><![CDATA[
          $newprice = $price;
 		  $defprice = $price;
          
          ksort($option_price);

          foreach($option_price as $operations){
              foreach($operations as $operation=>$value){
                  if ($operation == '=') {

                      if ($price!=0 ){
                          $newprice = $value;
                          $price=0;
                      }
                      else{
                          $newprice += $value;
                      }
                      
                  }
                  elseif ($operation == '+') {
                      $newprice += $value;
                  }
                  elseif ($operation == '-') {
                      $newprice -= $value;
                  }
                  elseif ($operation == '*') {
                      $newprice = $newprice * $value;
                  }
                  elseif ($operation == '/') {
                      $newprice = $newprice / $value;
                  }
                  elseif ($operation == 'u') {
                      $newprice = $newprice + (( $defprice * $value ) / 100);
                      }
                  elseif ($operation == 'd') {
                      $newprice = $newprice - (( $defprice * $value ) / 100);
                  }
              }
          }
        ]]> 
      </add>
    </operation>
    <operation>
      <search><![CDATA[$price + $option_price]]></search>
      <add replace="replace"><![CDATA[$newprice]]></add>
    </operation>
  </file>
  <file path="system/library/cart.php">
    <operation>
      <search><![CDATA[$option_price = 0;]]></search>
      <add position="replace"><![CDATA[$option_price = array();]]></add>
    </operation>
      <operation>
        <search><![CDATA[if ($option_value_query->row['price_prefix'] == '+') {]]></search>
        <add position="replace" offset="4"><![CDATA[
          if ($option_value_query->row['price_prefix'] == '=') {
              $sort_key=count($option_price) + 1;
          } else {
              $sort_key=count($option_price)+10;
          }
          
          $option_price[$sort_key] = array(
              $option_value_query->row['price_prefix']=>$option_value_query->row['price'],
          );
        ]]></add>
      </operation>
      <operation>
        <search><![CDATA[if (!$product_query->row['quantity']]]></search>
        <add position="before"><![CDATA[
          $newprice = $price;
		      $defprice = $price;
          
          ksort($option_price);

          foreach($option_price as $operations){
              foreach($operations as $operation=>$value){
                  if ($operation == '=') {
             
                      if ($price!=0 ){
                          $newprice = $value;
                          $price=0;
                      }
                      else{
                          $newprice += $value;
                      }
                      
                  }
                  elseif ($operation == '+') {
                      $newprice += $value;
                  }
                  elseif ($operation == '-') {
                      $newprice -= $value;
                  }
                  elseif ($operation == '*') {
                      $newprice = $newprice * $value;
                  }
                  elseif ($operation == '/') {
                      $newprice = $newprice / $value;
                  }
                  elseif ($operation == 'u') {
                      $newprice = $newprice + (( $defprice * $value ) / 100);
                      }
                  elseif ($operation == 'd') {
                      $newprice = $newprice - (( $defprice * $value ) / 100);
                  }
              }
          }
        ]]> 
      </add>
    </operation>
    <operation>
      <search><![CDATA[$price + $option_price]]></search>
      <add replace="replace"><![CDATA[$newprice]]></add>
    </operation>
  </file>
  
  <file path="admin/view/template/editors/product/product_form.tpl">
    <operation>
      <search><![CDATA[<?php if ($product_option_value['price_prefix'] == '+') { ?>]]></search>
      <add position="before"><![CDATA[
        <?php if ($product_option_value['price_prefix'] == '=') { ?>
            <option value="=" selected="selected">=</option>
        <?php } else { ?>
            <option value="=">=</option>
        <?php } ?>
        <?php if ($product_option_value['price_prefix'] == '*') { ?>
            <option value="*" selected="selected">*</option>
        <?php } else { ?>
            <option value="*">*</option>
        <?php } ?>
        <?php if ($product_option_value['price_prefix'] == '/') { ?>
                                    <option value="/" selected="selected">/</option>
        <?php } else { ?>
            <option value="/">/</option>
        <?php } ?>
        <?php if ($product_option_value['price_prefix'] == 'u') { ?>
            <option value="u" selected="selected">+%</option>
        <?php } else { ?>
            <option value="u">+%</option>
        <?php } ?>
        <?php if ($product_option_value['price_prefix'] == 'd') { ?>
            <option value="d" selected="selected">-%</option>
        <?php } else { ?>
            <option value="d">-%</option>
        <?php } ?>
      ]]></add>
    </operation>
    <operation>
      <search><![CDATA[<select name="product_option[' + option_row + '][product_option_value][' + option_value_row + '][price_prefix]"]]></search>
      <add position="after" offset="2"><![CDATA[
        html += '      <option value="=">=</option>';
        html += '      <option value="*">*</option>';
        html += '      <option value="/">/</option>';
        html += '      <option value="u">+%</option>';
        html += '      <option value="d">-%</option>';
      ]]></add>
    </operation>
  </file>
  <file path="admin/view/template/catalog/product_form.tpl">
    <operation>
      <search><![CDATA[<?php if ($product_option_value['price_prefix'] == '+') { ?>]]></search>
      <add position="before"><![CDATA[
        <?php if ($product_option_value['price_prefix'] == '=') { ?>
            <option value="=" selected="selected">=</option>
        <?php } else { ?>
            <option value="=">=</option>
        <?php } ?>
        <?php if ($product_option_value['price_prefix'] == '*') { ?>
            <option value="*" selected="selected">*</option>
        <?php } else { ?>
            <option value="*">*</option>
        <?php } ?>
        <?php if ($product_option_value['price_prefix'] == '/') { ?>
                                    <option value="/" selected="selected">/</option>
        <?php } else { ?>
            <option value="/">/</option>
        <?php } ?>
        <?php if ($product_option_value['price_prefix'] == 'u') { ?>
            <option value="u" selected="selected">+%</option>
        <?php } else { ?>
            <option value="u">+%</option>
        <?php } ?>
        <?php if ($product_option_value['price_prefix'] == 'd') { ?>
            <option value="d" selected="selected">-%</option>
        <?php } else { ?>
            <option value="d">-%</option>
        <?php } ?>
      ]]></add>
    </operation>
    <operation>
      <search><![CDATA[<select name="product_option[' + option_row + '][product_option_value][' + option_value_row + '][price_prefix]"]]></search>
      <add position="after" offset="2"><![CDATA[
        html += '      <option value="=">=</option>';
        html += '      <option value="*">*</option>';
        html += '      <option value="/">/</option>';
        html += '      <option value="u">+%</option>';
        html += '      <option value="d">-%</option>';
      ]]></add>
    </operation>
  </file>
  
</modification>