<modification>
    <name>Remove product compare</name>
    <version>v1.8 - Compare ONLY</version>
    <author>SporeDev</author>
    <code>remove-compare</code>	
	<!-- Remove "Compare this Product" from Bestsellers, Featured, Latest, Specials -->
	<file path="catalog/view/theme/*/template/module/{bestseller,featured,latest,special}*.tpl">
    <operation>
        <search><![CDATA[<button type="button" data-toggle="tooltip" title="<?php echo $button_compare; ?>" onclick="compare.add('<?php echo $product['product_id']; ?>');"><i class="fa fa-exchange"></i></button>]]></search>
        <add position="replace"><![CDATA[]]></add>
    </operation>
	</file>
	<!-- Remove "Compare this Product" from Category Page. -->
	<file path="catalog/view/theme/*/template/product/category.tpl">
    <operation>
        <search><![CDATA[<button type="button" data-toggle="tooltip" title="<?php echo $button_compare; ?>" onclick="compare.add('<?php echo $product['product_id']; ?>');"><i class="fa fa-exchange"></i></button>]]></search>
        <add position="replace"><![CDATA[]]></add>
    </operation>
	<operation>
	<search><![CDATA[<p><a href="<?php echo $compare; ?>" id="compare-total"><?php echo $text_compare; ?></a></p>]]></search>
	<add position="replace"><![CDATA[]]></add>
	</operation>
	</file>
	<!-- Remove "Compare this Product" from Product Page (also covers the "Related Products" section since it's located in the same .tpl). -->
	<file path="catalog/view/theme/*/template/product/product.tpl">
    <operation>
        <search><![CDATA[<button type="button" data-toggle="tooltip" class="btn btn-default" title="<?php echo $button_compare; ?>" onclick="compare.add('<?php echo $product_id; ?>');"><i class="fa fa-exchange"></i></button>]]></search>
        <add position="replace"><![CDATA[]]></add>
    </operation>
	<operation>
		<search><![CDATA[<button type="button" data-toggle="tooltip" title="<?php echo $button_compare; ?>" onclick="compare.add('<?php echo $product['product_id']; ?>');"><i class="fa fa-exchange"></i></button>]]></search>
		<add position="replace"><![CDATA[]]></add>
	</operation>
	</file>
	<!-- Remove "Compare this product" from Search Page. -->
	<file path="catalog/view/theme/*/template/product/search.tpl">
    <operation>
        <search><![CDATA[<button type="button" data-toggle="tooltip" title="<?php echo $button_compare; ?>" onclick="compare.add('<?php echo $product['product_id']; ?>');"><i class="fa fa-exchange"></i></button>]]></search>
        <add position="replace"><![CDATA[]]></add>
    </operation>
	</file>
	<!-- Set "Add to cart" width to 80% for categories. -->
	<file path="catalog/view/theme/*/template/product/category.tpl">
    <operation>
        <search><![CDATA[<button type="button" onclick="cart.add('<?php echo $product['product_id']; ?>', '<?php echo $product['minimum']; ?>');"><i class="fa fa-shopping-cart"></i> <span class="hidden-xs hidden-sm hidden-md"><?php echo $button_cart; ?></span></button>]]></search>
        <add position="replace"><![CDATA[<button type="button" style="width:80% !important;" onclick="cart.add('<?php echo $product['product_id']; ?>', '<?php echo $product['minimum']; ?>');"><i class="fa fa-shopping-cart"></i> <span class="hidden-xs hidden-sm hidden-md"><?php echo $button_cart; ?></span></button>]]></add>
    </operation>
	</file>
	<!-- Remove "Compare" button from search results. -->
	<file path="catalog/viewtheme/*/template/product/search.tpl">
    <operation>
        <search><![CDATA[<button type="button" data-toggle="tooltip" title="<?php echo $button_compare; ?>" onclick="compare.add('<?php echo $product['product_id']; ?>');"><i class="fa fa-exchange"></i></button>]]></search>
        <add position="replace"><![CDATA[]]></add>
    </operation>
    <operation>
        <search><![CDATA[	<p><a href="<?php echo $compare; ?>" id="compare-total"><?php echo $text_compare; ?></a></p>]]></search>
        <add position="replace"><![CDATA[]]></add>
    </operation>	
	</file>	
	<!-- Set "Add to cart" width to 80% for search results. -->
	<file path="catalog/viewtheme/*/template/product/search.tpl">
    <operation>
        <search><![CDATA[<button type="button" onclick="cart.add('<?php echo $product['product_id']; ?>', '<?php echo $product['minimum']; ?>');"><i class="fa fa-shopping-cart"></i> <span class="hidden-xs hidden-sm hidden-md"><?php echo $button_cart; ?></span></button>]]></search>
        <add position="replace"><![CDATA[<button type="button" style="width:80% !important;" onclick="cart.add('<?php echo $product['product_id']; ?>', '<?php echo $product['minimum']; ?>');"><i class="fa fa-shopping-cart"></i> <span class="hidden-xs hidden-sm hidden-md"><?php echo $button_cart; ?></span></button>]]></add>
    </operation>
	</file>
	<!-- Set "Add to cart" width to 80% for Bestsellers, Featured, Latest, Specials -->
	<file path="catalog/viewtheme/*/template/module/{bestseller,featured,latest,special}*.tpl">
    <operation>
        <search><![CDATA[<button type="button" onclick="cart.add('<?php echo $product['product_id']; ?>');"><i class="fa fa-shopping-cart"></i> <span class="hidden-xs hidden-sm hidden-md"><?php echo $button_cart; ?></span></button>]]></search>
        <add position="replace"><![CDATA[<button type="button" style="width:80% !important;" onclick="cart.add('<?php echo $product['product_id']; ?>');"><i class="fa fa-shopping-cart"></i> <span class="hidden-xs hidden-sm hidden-md"><?php echo $button_cart; ?></span></button>]]></add>
    </operation>
	</file>
	<!-- Set "Add to cart" width to 80% for Related Products -->
	<file path="catalog/viewtheme/*/template/product/product.tpl">
    <operation>
        <search><![CDATA[<button type="button" onclick="cart.add('<?php echo $product['product_id']; ?>', '<?php echo $product['minimum']; ?>');"><span class="hidden-xs hidden-sm hidden-md"><?php echo $button_cart; ?></span> <i class="fa fa-shopping-cart"></i></button>]]></search>
        <add position="replace"><![CDATA[<button type="button" style="width:80% !important;" onclick="cart.add('<?php echo $product['product_id']; ?>', '<?php echo $product['minimum']; ?>');"><span class="hidden-xs hidden-sm hidden-md"><?php echo $button_cart; ?></span> <i class="fa fa-shopping-cart"></i></button>]]></add>
    </operation>
	</file>
	<!-- Remove "Compare" button from the "Special Products" page. -->
	<file path="catalog/view/theme/*/template/product/special.tpl">
    <operation>
        <search><![CDATA[<button type="button" data-toggle="tooltip" title="<?php echo $button_compare; ?>" onclick="compare.add('<?php echo $product['product_id']; ?>');"><i class="fa fa-exchange"></i></button>]]></search>
        <add position="replace"><![CDATA[]]></add>
    </operation>
	</file>
	<!-- Remove "Product Compare" link from the "Special Products" page. -->
	<file path="catalog/view/theme/*/template/product/special.tpl">
    <operation>
        <search><![CDATA[<p><a href="<?php echo $compare; ?>" id="compare-total"><?php echo $text_compare; ?></a></p>]]></search>
        <add position="replace"><![CDATA[]]></add>
    </operation>
	</file>
	<!-- Remove "Product Compare" link from the "Brands" page. -->
	<file path="catalog/view/theme/*/template/product/manufacturer_info.tpl">
    <operation>
        <search><![CDATA[<p><a href="<?php echo $compare; ?>" id="compare-total"> <?php echo $text_compare; ?></a></p>]]></search>
        <add position="replace"><![CDATA[]]></add>
    </operation>
	</file>	
	<!-- Remove "Compare" button from the "Brands" page.. -->
	<file path="catalog/view/theme/*/template/product/manufacturer_info.tpl">
    <operation>
        <search><![CDATA[<button type="button" data-toggle="tooltip" title="<?php echo $button_compare; ?>" onclick="compare.add('<?php echo $product['product_id']; ?>');"><i class="fa fa-exchange"></i></button>]]></search>
        <add position="replace"><![CDATA[]]></add>
    </operation>
	</file>	
	<!-- Set "Add to cart" width to 80% for "Brands" page -->
	<file path="catalog/view/theme/*/template/product/manufacturer_info.tpl">
    <operation>
        <search><![CDATA[<button type="button" onclick="cart.add('<?php echo $product['product_id']; ?>', '<?php echo $product['minimum']; ?>');"><i class="fa fa-shopping-cart"></i> <span class="hidden-xs hidden-sm hidden-md"><?php echo $button_cart; ?></span></button>]]></search>
        <add position="replace"><![CDATA[<button type="button" style="width:80%;" onclick="cart.add('<?php echo $product['product_id']; ?>', '<?php echo $product['minimum']; ?>');"><i class="fa fa-shopping-cart"></i> <span class="hidden-xs hidden-sm hidden-md"><?php echo $button_cart; ?></span></button>]]></add>
    </operation>
	</file>	
	<!-- Set "Add to cart" width to 80% for the "Special Products" page -->
	<file path="catalog/view/theme/*/template/product/special.tpl">
    <operation>
        <search><![CDATA[<button type="button" onclick="cart.add('<?php echo $product['product_id']; ?>', '<?php echo $product['minimum']; ?>');"><i class="fa fa-shopping-cart"></i> <span class="hidden-xs hidden-sm hidden-md"><?php echo $button_cart; ?></span></button>]]></search>
        <add position="replace"><![CDATA[<button type="button" style="width:80% !important;" onclick="cart.add('<?php echo $product['product_id']; ?>', '<?php echo $product['minimum']; ?>');"><i class="fa fa-shopping-cart"></i> <span class="hidden-xs hidden-sm hidden-md"><?php echo $button_cart; ?></span></button>]]></add>
    </operation>
	</file>	
</modification>