<?xml version="1.0" encoding="utf-8"?>
<modification>
  <name>Дополнительные страницы с товарами</name>
  <code>additional-products-pages</code>
  <version>2.0</version>
  <author>opencart2x.ru</author>
  <link>https://opencart2x.ru</link>
  
  <file path="catalog/view/theme/*/template/product/special.tpl">
    <operation error="log">
      <search><![CDATA[<?php echo $content_bottom; ?>]]></search>
      <add position="replace"><![CDATA[
        <?php if (isset($description)) { ?>
          <hr>
          <div class="addpage-description">
            <?php echo $description; ?>
          </div>
        <?php } ?>
        <?php echo $content_bottom; ?>
      ]]></add>
    </operation>
  </file>

  <file path="catalog/controller/common/footer.php">
    <operation>
      <search><![CDATA[$data['text_special'] = $this->language->get('text_special');]]></search>
      <add position="after"><![CDATA[
      $data['text_bestseller'] = $this->language->get('text_bestseller');
      $data['text_latest'] = $this->language->get('text_latest');
      $data['text_mostviewed'] = $this->language->get('text_mostviewed');
      $data['text_all_products'] = $this->language->get('text_all_products');
      ]]></add>
    </operation>
    <operation>
      <search><![CDATA[$data['special'] = $this->url->link('product/special');]]></search>
      <add position="after"><![CDATA[
      $data['bestseller'] = $this->url->link('product/bestseller');
      $data['latest'] = $this->url->link('product/latest');
      $data['mostviewed'] = $this->url->link('product/mostviewed');
      $data['all_products'] = $this->url->link('product/all-products');
      ]]></add>
    </operation>
  </file>

  <file path="catalog/view/theme/*/template/common/footer.tpl">
    <operation>
      <search><![CDATA[<li><a href="<?php echo $special; ?>">]]></search>
      <add position="before"><![CDATA[
      <li><a href="<?php echo $bestseller; ?>"><?php echo $text_bestseller; ?></a></li>
      <li><a href="<?php echo $latest; ?>"><?php echo $text_latest; ?></a></li>
      <li><a href="<?php echo $mostviewed; ?>"><?php echo $text_mostviewed; ?></a></li>
      <li><a href="<?php echo $all_products; ?>"><?php echo $text_all_products; ?></a></li>
      ]]></add>
    </operation>
  </file>

  <file path="catalog/language/english/common/footer.php|catalog/language/en-gb/common/footer.php">
    <operation>
      <search><![CDATA[$_['text_account']]]></search>
      <add position="before"><![CDATA[
      /* Additional pages (bestseller, latest, mostviewed) */
      $_['text_bestseller']   = 'Bestsellers';
      $_['text_latest']       = 'Latest products';
      $_['text_mostviewed']   = 'Most viewed products';
      $_['text_all_products'] = 'All products';
      /* Additional pages (bestseller, latest, mostviewed) */
      ]]></add>
    </operation>
  </file>

  <file path="catalog/language/russian/common/footer.php|catalog/language/ru-ru/common/footer.php">
    <operation>
      <search><![CDATA[$_['text_account']]]></search>
      <add position="before"><![CDATA[
      /* Additional pages (bestseller, latest, mostviewed) */
      $_['text_bestseller']   = 'Хиты Продаж';
      $_['text_latest']       = 'Новинки';
      $_['text_mostviewed']   = 'Популярные товары';
      $_['text_all_products'] = 'Все товары';
      /* Additional pages (bestseller, latest, mostviewed) */
      ]]></add>
    </operation>
  </file>
</modification>
