<?xml version="1.0" encoding="utf-8"?>
<modification>
	<code>9063759533</code>
    <name>Buy One Click</name>
    <version>2.0</version>
    <author>Domus159@gmail.com</author>
    <link>http://www.xdomus.ru</link>
    <file path="catalog/view/theme/*/template/common/header.tpl">
        <operation>
            <search>
				<![CDATA[
					</head>
				]]>
			</search>
            <add position="before"><![CDATA[
				<script src="catalog/view/javascript/jquery/fancybox/jquery.fancybox.pack.js" type="text/javascript"></script>
				<link href="catalog/view/javascript/jquery/fancybox/jquery.fancybox.css" rel="stylesheet" media="screen" />
				<script src="catalog/view/javascript/buyoneclick.js" type="text/javascript"></script>
				<link href="catalog/view/theme/default/stylesheet/buyoneclick.css" rel="stylesheet">
            ]]></add>
        </operation>
    </file>
    <file path="catalog/view/theme/*/template/common/footer.tpl">
        <operation>
            <search>
				<![CDATA[
					</footer>
				]]>
			</search>
            <add position="after"><![CDATA[
				<?php if ($buyoneclick_status) { ?>
					<div id="order" class="request-popup">
						<header class="fancy_heading">
							<h3></h3>
						</header>
						<form id="order-form" class="request-form" action="send-order.php">
							<fieldset>
								<div style="display:none">
									<input id="order_admin_email" type="text" name="admin_email" value="<?php echo $buyoneclick_admin_email; ?>">
								</div>				
								<div style="display:none">
									<input id="order_product" type="text" name="product">
								</div>
								<?php if ($buyoneclick_field1_status) { ?>
									<div class="fancy_form_row">
										<input id="order_popup_name" type="text" name="name" placeholder="<?php echo $buyoneclick_field1_title; ?>" <?php if ($buyoneclick_field1_required) { echo 'class="required"';} ?> >
									</div>
								<?php } ?>
								<?php if ($buyoneclick_field2_status) { ?>
									<div class="fancy_form_row">
										<input id="order_popup_phone" type="tel" name="phone" placeholder="<?php echo $buyoneclick_field2_title; ?>" <?php if ($buyoneclick_field2_required) { echo 'class="required"';} ?> >
									</div>
								<?php } ?>		
								<?php if ($buyoneclick_field3_status) { ?>
									<div class="fancy_form_row">
										<input id="order_popup_email" type="email" name="email" placeholder="<?php echo $buyoneclick_field3_title; ?>" <?php if ($buyoneclick_field3_required) { echo 'class="required"';} ?> >
									</div>
								<?php } ?>	
								<?php if ($buyoneclick_field4_status) { ?>
									<div class="fancy_form_row">
										<textarea id="order_popup_message" name="message" rows="3" placeholder="<?php echo $buyoneclick_field4_title; ?>" <?php if ($buyoneclick_field4_required) { echo 'class="required"';} ?> ></textarea>
									</div>
								<?php } ?>
								<div class="fancy_form_row fancy_form_submit">
									<input type="submit" value="<?php echo $buyoneclick_button_order; ?>" data-wait-text="Sending">
								</div>
							</fieldset>
						</form>
					</div>
					<div class="popup-holder">
						<div class="success-popup">
							<div class="fancy_form_row">
								<p><?php echo $buyoneclick_success; ?></p>
							</div>
						</div>
					</div>
					<script>
						$(document).ready(function() {
							$("#button-cart").after('<br /><a href="#order" <?php if ($buyoneclick_yandex_status) {echo addslashes('onclick="yaCounter' . $buyoneclick_ya_counter . '.reachGoal(\'' . $buyoneclick_ya_identificator . '\'); return true;"');} ?> class="popup-btn order btn btn-primary btn-lg btn-block"><?php echo $buyoneclick_name; ?></a>');
							$(".popup-btn.order").click(function(){
								$("#order").find("h3").text($("h1").text());
								$("#order").find('input[name="product"]').val("<a href='" + window.location.href + "'>" + $("h1").html() + "</a>");
								console.log($("h1").html());
							});			
						});
					</script>
				<?php } ?>	
            ]]></add>
        </operation>
    </file>	
    <file path="catalog/controller/common/footer.php">
        <operation>
            <search>
				<![CDATA[
					if (file_exists(DIR_TEMPLATE . $this->config->get('config_template') . '/template/common/footer.tpl')) {
				]]>
			</search>
            <add position="before"><![CDATA[
				// BuyOneClick
				$this->load->model('setting/setting');
				$data['buyoneclick_name'] = $this->config->get('buyoneclick_name');
				$data['buyoneclick_status'] = $this->config->get('buyoneclick_status');
				$data['buyoneclick_field1_status'] = $this->config->get('buyoneclick_field1_status');
				$data['buyoneclick_field1_required'] = $this->config->get('buyoneclick_field1_required');
				$data['buyoneclick_field2_status'] = $this->config->get('buyoneclick_field2_status');
				$data['buyoneclick_field2_required'] = $this->config->get('buyoneclick_field2_required');
				$data['buyoneclick_field3_status'] = $this->config->get('buyoneclick_field3_status');
				$data['buyoneclick_field3_required'] = $this->config->get('buyoneclick_field3_required');
				$data['buyoneclick_field4_status'] = $this->config->get('buyoneclick_field4_status');
				$data['buyoneclick_field4_required'] = $this->config->get('buyoneclick_field4_required');
				$data['buyoneclick_ya_identificator'] = $this->config->get('buyoneclick_ya_identificator');
				$data['buyoneclick_ya_counter'] = $this->config->get('buyoneclick_ya_counter');				
				$data['buyoneclick_yandex_status'] = $this->config->get('buyoneclick_yandex_status');				
				$data['buyoneclick_admin_email'] = $this->config->get('config_email');
				
				$this->load->language('module/buyoneclick');
				$data['buyoneclick_button'] = $this->language->get('buyoneclick_button');
				$data['buyoneclick_field1_title'] = $this->language->get('buyoneclick_field1_title');
				$data['buyoneclick_field2_title'] = $this->language->get('buyoneclick_field2_title');
				$data['buyoneclick_field3_title'] = $this->language->get('buyoneclick_field3_title');
				$data['buyoneclick_field4_title'] = $this->language->get('buyoneclick_field4_title');
				$data['buyoneclick_button_order'] = $this->language->get('buyoneclick_button_order');
				$data['buyoneclick_required_text'] = $this->language->get('buyoneclick_required_text');
				$data['buyoneclick_success'] = $this->language->get('buyoneclick_success');
				$data['buyoneclick_error_required'] = $this->language->get('buyoneclick_error_required');
				$data['buyoneclick_error_sending'] = $this->language->get('buyoneclick_error_sending');
				// BuyOneClickEnd
            ]]></add>
        </operation>
    </file>			
</modification>
