<?xml version="1.0" encoding="UTF-8"?>
<modification>
    <name>Кол-во купленного товара</name>
    <code>purchased-quantity</code>
    <version>1.0</version>
    <author>opencart2x.ru</author>
    <link>https://opencart2x.ru</link>
	<file path="catalog/model/catalog/product.php">
        <operation>
        <search><![CDATA[public function updateViewed($product_id) {]]></search>
		<add position="before"><![CDATA[
	public function getProductPurchased($product_id) {
		$query = $this->db->query("SELECT SUM(op.quantity) AS quantity FROM " . DB_PREFIX . "order_product op LEFT JOIN " . DB_PREFIX . "order o ON o.order_id=op.order_id WHERE op.product_id = '" . (int)$product_id . "' AND o.order_status_id='5'");
	
		if ($query->num_rows) {
			return array(
				'quantity'  => $query->row['quantity']
			);

		} else {
			return false;
		}
	}
		]]></add>
		</operation>
	</file>
	
	<file path="catalog/controller/product/product.php">
        <operation>
        <search><![CDATA[$data['description'] = html_entity_decode($product_info['description'], ENT_QUOTES, 'UTF-8');]]></search>
		<add position="after"><![CDATA[
			$check_prodano = $this->model_catalog_product->getProductPurchased($this->request->get['product_id']);
			if ($check_prodano['quantity'] != false) {
				$data['prodano'] = $check_prodano['quantity'];
			} else {
				$data['prodano'] = '0';
			}
			$data['text_prodano'] = sprintf($this->language->get('text_prodano'), $data['prodano']);
		]]></add>
		</operation>
	</file>
	
	<file path="catalog/language/{russian,ru-ru}/product/product.php">
        <operation>
        <search><![CDATA[$_['text_model']]]></search>
		<add position="before"><![CDATA[$_['text_prodano']        = 'Уже купили: <span>%s</span> шт';]]></add>
		</operation>
	</file>
	
	<file path="catalog/language/{english,en-gb}/product/product.php">
        <operation>
        <search><![CDATA[$_['text_model']]]></search>
		<add position="before"><![CDATA[$_['text_prodano']        = 'Already bought: <span>%s</span> in';]]></add>
		</operation>
	</file>
	
	<file path="catalog/view/theme/*/template/product/product.tpl">
        <operation>
        <search index="0"><![CDATA[<li><?php echo $text_stock; ?> <?php echo $stock; ?></li>]]></search>
		<add position="after"><![CDATA[
			<li class="prodano"><?php echo $text_prodano; ?></li>
		]]></add>
		</operation>
	</file>
</modification>