<?xml version="1.0" encoding="UTF-8"?>
<modification>
	<name>Model for Options</name>
   	<code>model-for-options</code>
   	<version>2.0</version>
   	<author>opencart2x.ru</author>
   	<link>https://opencart2x.ru</link>

	<file path="admin/view/template/catalog/product_form.tpl">
		<operation>
			<search index="0"><![CDATA[<td class="text-left"><?php echo $entry_option_value; ?></td>]]></search>
			<add position="after"><![CDATA[<td class="text-left"><?php echo $entry_model; ?></td>]]></add>
		</operation>
		<operation>
			<search><![CDATA[<input type="hidden" name="product_option[<?php echo $option_row; ?>][product_option_value][<?php echo $option_value_row; ?>][product_option_value_id]" value="<?php echo $product_option_value['product_option_value_id']; ?>" /></td>]]></search>
			<add position="after"><![CDATA[<td class="text-left"><input type="text" name="product_option[<?php echo $option_row; ?>][product_option_value][<?php echo $option_value_row; ?>][model]" value="<?php echo $product_option_value['model']; ?>" placeholder="<?php echo $entry_model; ?>" class="form-control" /></td>]]></add>
		</operation>
		<operation>
			<search><![CDATA[html += '        <td class="text-left"><?php echo $entry_option_value; ?></td>';]]></search>
			<add position="after"><![CDATA[html += '	 <td class="text-left"><?php echo $entry_model; ?></td>';]]></add>
		</operation>
		<operation>
			<search><![CDATA[html += '  </select><input type="hidden" name="product_option[' + option_row + '][product_option_value][' + option_value_row + '][product_option_value_id]" value="" /></td>';]]></search>
			<add position="after"><![CDATA[html += '  <td class="text-left"><input type="text" name="product_option[' + option_row + '][product_option_value][' + option_value_row + '][model]" value="" placeholder="<?php echo $entry_model; ?>" class="form-control" /></td>';]]></add>
		</operation>
	</file>
	<file path="admin/controller/catalog/product.php">
		<operation>
			<search index="0"><![CDATA['option_value_id'         => $product_option_value['option_value_id'],]]></search>
			<add position="after"><![CDATA['model'               	  => $product_option_value['model'],]]></add>
		</operation>
	</file>
	<file path="admin/model/catalog/product.php">
		<operation>
			<search><![CDATA['option_value_id'         => $product_option_value['option_value_id'],]]></search>
			<add position="after"><![CDATA['model'			  => $product_option_value['model'],]]></add>
		</operation>
		<operation>
			<search><![CDATA[$query = $this->db->query("SELECT pov.option_value_id, ovd.name, pov.quantity, pov.subtract, pov.price, pov.price_prefix, pov.points, pov.points_prefix, pov.weight, pov.weight_prefix FROM " . DB_PREFIX . "product_option_value pov LEFT JOIN " . DB_PREFIX . "option_value ov ON (pov.option_value_id = ov.option_value_id) LEFT JOIN " . DB_PREFIX . "option_value_description ovd ON (ov.option_value_id = ovd.option_value_id) WHERE pov.product_id = '" . (int)$product_id . "' AND pov.product_option_value_id = '" . (int)$product_option_value_id . "' AND ovd.language_id = '" . (int)$this->config->get('config_language_id') . "'");]]></search>
			<add position="replace"><![CDATA[$query = $this->db->query("SELECT pov.option_value_id, ovd.name, pov.quantity, pov.subtract, pov.price, pov.price_prefix, pov.points, pov.points_prefix, pov.weight, pov.weight_prefix, pov.model FROM " . DB_PREFIX . "product_option_value pov LEFT JOIN " . DB_PREFIX . "option_value ov ON (pov.option_value_id = ov.option_value_id) LEFT JOIN " . DB_PREFIX . "option_value_description ovd ON (ov.option_value_id = ovd.option_value_id) WHERE pov.product_id = '" . (int)$product_id . "' AND pov.product_option_value_id = '" . (int)$product_option_value_id . "' AND ovd.language_id = '" . (int)$this->config->get('config_language_id') . "'");]]></add>
		</operation>
		<operation>
			<search><![CDATA[$this->db->query("INSERT INTO " . DB_PREFIX . "product_option_value SET product_option_id = '" . (int)$product_option_id . "', product_id = '" . (int)$product_id . "', option_id = '" . (int)$product_option['option_id'] . "', option_value_id = '" . (int)$product_option_value['option_value_id'] . "', quantity = '" . (int)$product_option_value['quantity'] . "', subtract = '" . (int)$product_option_value['subtract'] . "', price = '" . (float)$product_option_value['price'] . "', price_prefix = '" . $this->db->escape($product_option_value['price_prefix']) . "', points = '" . (int)$product_option_value['points'] . "', points_prefix = '" . $this->db->escape($product_option_value['points_prefix']) . "', weight = '" . (float)$product_option_value['weight'] . "', weight_prefix = '" . $this->db->escape($product_option_value['weight_prefix']) . "'");]]></search>
			<add position="replace"><![CDATA[$this->db->query("INSERT INTO " . DB_PREFIX . "product_option_value SET product_option_id = '" . (int)$product_option_id . "', product_id = '" . (int)$product_id . "', option_id = '" . (int)$product_option['option_id'] . "', option_value_id = '" . (int)$product_option_value['option_value_id'] . "', quantity = '" . (int)$product_option_value['quantity'] . "', subtract = '" . (int)$product_option_value['subtract'] . "', price = '" . (float)$product_option_value['price'] . "', price_prefix = '" . $this->db->escape($product_option_value['price_prefix']) . "', points = '" . (int)$product_option_value['points'] . "', points_prefix = '" . $this->db->escape($product_option_value['points_prefix']) . "', weight = '" . (float)$product_option_value['weight'] . "', weight_prefix = '" . $this->db->escape($product_option_value['weight_prefix']) . "', model = '" . $this->db->escape($product_option_value['model']) . "'");]]></add>
		</operation>
		<operation>
			<search><![CDATA[$this->db->query("INSERT INTO " . DB_PREFIX . "product_option_value SET product_option_value_id = '" . (int)$product_option_value['product_option_value_id'] . "', product_option_id = '" . (int)$product_option_id . "', product_id = '" . (int)$product_id . "', option_id = '" . (int)$product_option['option_id'] . "', option_value_id = '" . (int)$product_option_value['option_value_id'] . "', quantity = '" . (int)$product_option_value['quantity'] . "', subtract = '" . (int)$product_option_value['subtract'] . "', price = '" . (float)$product_option_value['price'] . "', price_prefix = '" . $this->db->escape($product_option_value['price_prefix']) . "', points = '" . (int)$product_option_value['points'] . "', points_prefix = '" . $this->db->escape($product_option_value['points_prefix']) . "', weight = '" . (float)$product_option_value['weight'] . "', weight_prefix = '" . $this->db->escape($product_option_value['weight_prefix']) . "'");]]></search>
			<add position="replace"><![CDATA[$this->db->query("INSERT INTO " . DB_PREFIX . "product_option_value SET product_option_value_id = '" . (int)$product_option_value['product_option_value_id'] . "', product_option_id = '" . (int)$product_option_id . "', product_id = '" . (int)$product_id . "', option_id = '" . (int)$product_option['option_id'] . "', option_value_id = '" . (int)$product_option_value['option_value_id'] . "', quantity = '" . (int)$product_option_value['quantity'] . "', subtract = '" . (int)$product_option_value['subtract'] . "', price = '" . (float)$product_option_value['price'] . "', price_prefix = '" . $this->db->escape($product_option_value['price_prefix']) . "', points = '" . (int)$product_option_value['points'] . "', points_prefix = '" . $this->db->escape($product_option_value['points_prefix']) . "', weight = '" . (float)$product_option_value['weight'] . "', weight_prefix = '" . $this->db->escape($product_option_value['weight_prefix']) . "', model = '" . $this->db->escape($product_option_value['model']) . "'");]]></add>
		</operation>
	</file>
	<file path="system/library/cart.php|system/library/cart/cart.php">
		<operation>
			<search><![CDATA[$option_weight = 0;]]></search>
			<add position="after"><![CDATA[$option_model = '';]]></add>
		</operation>
		<operation>
			<search><![CDATA[$option_value_query = $this->db->query("SELECT pov.option_value_id, ovd.name, pov.quantity, pov.subtract, pov.price, pov.price_prefix, pov.points, pov.points_prefix, pov.weight, pov.weight_prefix FROM " . DB_PREFIX . "product_option_value pov LEFT JOIN " . DB_PREFIX . "option_value ov ON (pov.option_value_id = ov.option_value_id) LEFT JOIN " . DB_PREFIX . "option_value_description ovd ON (ov.option_value_id = ovd.option_value_id) WHERE pov.product_option_value_id = '" . (int)$value . "' AND pov.product_option_id = '" . (int)$product_option_id . "' AND ovd.language_id = '" . (int)$this->config->get('config_language_id') . "'");]]></search>
			<add position="replace"><![CDATA[$option_value_query = $this->db->query("SELECT pov.option_value_id, ovd.name, pov.quantity, pov.subtract, pov.price, pov.price_prefix, pov.points, pov.points_prefix, pov.weight, pov.weight_prefix, pov.model FROM " . DB_PREFIX . "product_option_value pov LEFT JOIN " . DB_PREFIX . "option_value ov ON (pov.option_value_id = ov.option_value_id) LEFT JOIN " . DB_PREFIX . "option_value_description ovd ON (ov.option_value_id = ovd.option_value_id) WHERE pov.product_option_value_id = '" . (int)$value . "' AND pov.product_option_id = '" . (int)$product_option_id . "' AND ovd.language_id = '" . (int)$this->config->get('config_language_id') . "'");
$option_model = $option_value_query->row['model'];]]></add>
		</operation>
		<operation>
			<search><![CDATA['model'           => $product_query->row['model'],]]></search>
			<add position="replace"><![CDATA['model'           => ($option_model ? $option_model : $product_query->row['model']),]]></add>
		</operation>
	</file>
</modification>