<modification>

	<code>Product-Downloads-PRO-theme</code>
	<name>Product Downloads PRO Defalt Theme</name>
	<version>5.2.1</version>
	<author>opencart2x.ru</author>
	<link>https://opencart2x.ru</link>

	<file path="catalog/view/theme/default/template/common/header.tpl">
		<operation error="log" info="Add Downloads page link to page header">
			<search><![CDATA[
			<?php echo $wishlist; ?>
			]]></search>
			<add position="after"><![CDATA[
		<?php if ($pd_downloads_page) { ?><li><a href="<?php echo $pd_downloads; ?>" title="<?php echo $text_downloads; ?>"><i class="fa fa-download"></i> <span class="hidden-xs hidden-sm hidden-md"><?php echo $text_downloads; ?></span></a><?php } ?>
			]]></add>
		</operation>
	</file>

	<file path="catalog/view/theme/default/template/common/footer.tpl">
		<operation error="log" info="Add Downloads page link to page footer">
			<search><![CDATA[
			<?php echo $manufacturer; ?>
			]]></search>
			<add position="before"><![CDATA[
		  <?php if ($pd_downloads_page) { ?><li><a href="<?php echo $pd_downloads; ?>"><?php echo $text_downloads; ?></a></li><?php } ?>
			]]></add>
		</operation>
	</file>

	<file path="catalog/view/theme/default/template/extension/module/{bestseller.tpl,featured.tpl,latest.tpl,special.tpl}">
		<operation error="log">
			<!--
				This hides/replaces the price tag for free products (if you have the appropriate setting set).

				Note that custom templates may use a different markup.
			-->
			<search><![CDATA[
			<?php if ($product['price']) { ?>
			]]></search>
			<add position="replace"><![CDATA[
		<?php if ($product['price_action'] == 2 && $product['replace_price_with']) { ?>
		<div class="price"><?php echo $product['replace_price_with']; ?></div>
		<?php } else if ($product['price'] && !($product['price_action'] & 3)) { ?>
			]]></add>
		</operation>
		<operation error="log">
			<!--
				This hides/replaces the "Add to Cart" button for free products (if you have the appropriate setting set).

				Note that custom templates may use a different markup.
			-->
			<search><![CDATA[
			<button type="button" onclick="cart.add('<?php echo $product['product_id']; ?>');"><i class="fa fa-shopping-cart"></i> <span class="hidden-xs hidden-sm hidden-md"><?php echo $button_cart; ?></span></button>
			]]></search>
			<add position="replace"><![CDATA[
		<?php if ($product['atc_action'] == 3 && $product['replace_atc_with']) { ?>
		<button type="button" onclick="location='<?php echo $product['replace_atc_with']['link']; ?>'"><?php echo $product['replace_atc_with']['button']; ?></button>
		<?php } else if (!($product['atc_action'] & 3)) { ?>
		<button type="button" onclick="cart.add('<?php echo $product['product_id']; ?>');"><i class="fa fa-shopping-cart"></i> <span class="hidden-xs hidden-sm hidden-md"><?php echo $button_cart; ?></span></button>
		<?php } else { ?>
		<button type="button"></button>
		<?php } ?>
			]]></add>
		</operation>
	</file>

	<file path="catalog/view/theme/default/template/product/compare.tpl">
		<operation error="log">
			<!--
				This hides or replaces the price tag for free products (if you have the appropriate setting set).

				Note that custom templates may use a different markup.
			-->
			<search><![CDATA[
			<?php if ($product['price']) { ?>
			]]></search>
			<add position="replace"><![CDATA[
		<?php if ($product['price_action'] == 2 && $product['replace_price_with']) { ?>
		<?php echo $product['replace_price_with']; ?>
		<?php } else if ($product['price'] && !($product['price_action'] & 3)) { ?>
			]]></add>
		</operation>
		<operation error="log">
			<!--
				This hides or replaces the "Add to Cart" for free products (if you have the appropriate setting set).

				Note that custom templates may use a different markup.
			-->
			<search><![CDATA[
			<input type="button" value="<?php echo $button_cart; ?>" class="btn btn-primary btn-block" onclick="cart.add('<?php echo $product['product_id']; ?>', '<?php echo $product['minimum']; ?>');" />
			]]></search>
			<add position="replace"><![CDATA[
		<?php if ($product['atc_action'] == 3 && $product['replace_atc_with']) { ?>
		<a href="<?php echo $product['replace_atc_with']['link']; ?>" class="btn btn-primary btn-block"><?php echo $product['replace_atc_with']['button']; ?></a>
		<?php } else if (!($product['atc_action'] & 3)) { ?>
		<input type="button" value="<?php echo $button_cart; ?>" class="btn btn-primary btn-block" onclick="cart.add('<?php echo $product['product_id']; ?>', '<?php echo $product['minimum']; ?>');" />
		<?php } ?>
			]]></add>
		</operation>
	</file>

	<file path="catalog/view/theme/default/template/product/{category.tpl,manufacturer_info.tpl,search.tpl,special.tpl}">
		<operation error="log">
			<!--
				This replaces or hides the price tag for free products (if you have the appropriate setting set).

				Note that custom templates may use a different markup.
			-->
			<search><![CDATA[
			<?php if ($product['price']) { ?>
			]]></search>
			<add position="replace"><![CDATA[
		<?php if ($product['price_action'] == 2 && $product['replace_price_with']) { ?>
		<div class="price"><?php echo $product['replace_price_with']; ?></div>
		<?php } else if ($product['price'] && !($product['price_action'] & 3)) { ?>
			]]></add>
		</operation>
		<operation error="log">
			<!--
				This replaces or hides the "Add to Cart" button for free products (if you have the appropriate setting set).

				Note that custom templates may use a different markup.
			-->
			<search><![CDATA[
			<button type="button" onclick="cart.add('<?php echo $product['product_id']; ?>', '<?php echo $product['minimum']; ?>');"><i class="fa fa-shopping-cart"></i> <span class="hidden-xs hidden-sm hidden-md"><?php echo $button_cart; ?></span></button>
			]]></search>
			<add position="replace"><![CDATA[
		<?php if ($product['atc_action'] == 3 && $product['replace_atc_with']) { ?>
		<button type="button" onclick="location='<?php echo $product['replace_atc_with']['link']; ?>'"><?php echo $product['replace_atc_with']['button']; ?></button>
		<?php } else if (!($product['atc_action'] & 3)) { ?>
		<button type="button" onclick="cart.add('<?php echo $product['product_id']; ?>', '<?php echo $product['minimum']; ?>');"><i class="fa fa-shopping-cart"></i> <span class="hidden-xs hidden-sm hidden-md"><?php echo $button_cart; ?></span></button>
		<?php } else { ?>
		<button type="button"></button>
		<?php } ?>
			]]></add>
		</operation>
	</file>

	<file path="catalog/view/theme/default/template/product/product.tpl">
		<operation error="log">
			<!--
				This replaces/hides the price tag for free products (if you have the appropriate setting set).

				Note that custom templates may use a different markup.
			-->
			<search><![CDATA[
			<?php if ($price) { ?>
			]]></search>
			<add position="replace"><![CDATA[
		<?php if ($price_action == 2 && $replace_price_with) { ?>
		<div class="price"><?php echo $replace_price_with; ?></div>
		<?php } else if ($price && !($price_action & 3)) { ?>
			]]></add>
		</operation>
		<operation error="log">
			<!--
				This replaces or hides the "Add to Cart" button and related inputs for free products (if you have the appropriate setting set).

				Note that custom templates may use a different markup.
			-->
			<search><![CDATA[
			<div id="product">
			]]></search>
			<add position="replace"><![CDATA[
		<?php if ($atc_action == 3 && $replace_atc_with) { ?>
		<div class="product">
			<div class="form-group">
				<?php if ($replace_atc_with['link'] == "view_downloads") { ?>
				<button type="button" id="view_downloads" class="btn btn-primary btn-block" /><?php echo $replace_atc_with['button']; ?></button>
				<?php } else { ?>
				<a href="<?php echo $replace_atc_with['link']; ?>" class="btn btn-primary btn-block"><?php echo $replace_atc_with['button']; ?></a>
				<?php } ?>
			</div>
		</div>
		<div style="display:none;">
		<?php } else if (!($atc_action & 3)) { ?>
		<div id="product">
		<?php } else { ?>
		<div style="display:none;">
		<?php } ?>
			]]></add>
		</operation>
		<operation>
			<!--
				This puts the download tab into its position (the default location is after the Related Products tab). If you wish to change the tab location, then this is the place to do it.

				Note that custom templates can use different markup for the tabs. List items are one of the most common alternatives used.

				IMPORTANT! Do not change the link/anchor for the downloads tab, it must stay "tab-download". It does not matter if your custom template is using a different naming scheme.
			-->
			<search><![CDATA[
			<a href="#tab-review" data-toggle="tab"><?php echo $tab_review; ?></a>
			]]></search>
			<add position="before" offset="0"><![CDATA[
	<?php if ($product_downloads) { ?>
	<li><a href="#tab-download" data-toggle="tab"><?php echo $tab_download; ?></a></li>
	<?php } ?>
			]]></add>
		</operation>
		<operation>
			<!--
				Partial match.
				This puts the download tab contents into place. The location is not that important, just make sure it is on the same level with the other tabs' content elements.

				IMPORTANT! Do not change the div ID attribute, it must be "tab-download", otherwise the extension WILL NOT WORK. It does not matter if your custom template is using a different naming scheme.
			-->
			<search><![CDATA[
			<div class="tab-content">
			]]></search>
			<add position="after"><![CDATA[
	<?php if ($product_downloads) { ?>
	<div class="tab-pane" id="tab-download"><?php echo $product_downloads; ?></div>
	<?php } ?>
			]]></add>
		</operation>
		<operation error="log">
			<!--
				This hides/replaces the price tag for free related products (if you have the appropriate setting set).

				Note that custom templates may use a different markup.
			-->
			<search><![CDATA[
			<?php if ($product['price']) { ?>
			]]></search>
			<add position="replace"><![CDATA[
		<?php if ($product['price_action'] == 2 && $product['replace_price_with']) { ?>
		<div class="price"><?php echo $product['replace_price_with']; ?></div>
		<?php } else if ($product['price'] && !($product['price_action'] & 3)) { ?>
			]]></add>
		</operation>
		<operation error="log">
			<!--
				This hides/replaces the "Add to Cart" button for free related products (if you have the appropriate setting set).

				Note that custom templates may use a different markup.
			-->
			<search><![CDATA[
			<button type="button" onclick="cart.add('<?php echo $product['product_id']; ?>', '<?php echo $product['minimum']; ?>');"><span class="hidden-xs hidden-sm hidden-md"><?php echo $button_cart; ?></span> <i class="fa fa-shopping-cart"></i></button>
			]]></search>
			<add position="replace"><![CDATA[
		<?php if ($product['atc_action'] == 3 && $product['replace_atc_with']) { ?>
		<button type="button" onclick="location='<?php echo $product['replace_atc_with']['link']; ?>'"><?php echo $product['replace_atc_with']['button']; ?></button>
		<?php } else if (!($product['atc_action'] & 3)) { ?>
		<button type="button" onclick="cart.add('<?php echo $product['product_id']; ?>', '<?php echo $product['minimum']; ?>');"><span class="hidden-xs hidden-sm hidden-md"><?php echo $button_cart; ?></span> <i class="fa fa-shopping-cart"></i></button>
		<?php } else { ?>
		<button type="button"></button>
		<?php } ?>
			]]></add>
		</operation>
		<operation error="log">
			<!--
				Apply the main "Add to Cart" button action to all current and future elements
			-->
			<search><![CDATA[$('#button-cart').on('click']]></search>
			<add position="replace"><![CDATA[$('body').on('click', '#button-cart']]></add>
		</operation>
		<operation error="log">
			<!--
				Apply the main "Add to Cart" button action to all elements with CSS class .button-cart
			-->
			<search><![CDATA[#button-cart]]></search>
			<add position="replace"><![CDATA[#button-cart,.button-cart]]></add>
		</operation>
	</file>

</modification>
