<?xml version="1.0" encoding="utf-8"?>
<modification>
    <name>Единицы измерения (frontend)</name>
    <code>units-of-measurement-frontend</code>
    <version>2</version>
    <author>opencart2x.ru</author>
    <link>https://opencart2x.ru</link>
   <!-- frontend -->
    <file path="catalog/model/catalog/product.php">
        <operation>
            <search regex="true" limit="1"><![CDATA[~AS manufacturer~]]></search>
            <add><![CDATA[AS manufacturer, u.symbol_rus AS unit]]></add>
        </operation>
        <operation>
            <search regex="true" limit="1"><![CDATA[~WHERE p.product_id~]]></search>
            <add><![CDATA[LEFT JOIN " . DB_PREFIX . "unit u ON (p.unit_id = u.unit_id) WHERE p.product_id]]></add>
        </operation>
        <operation>
            <search trim="true" index="0"><![CDATA['weight'           => $query->row['weight'],]]></search>
            <add position="before" trim="false" offset="0"><![CDATA[                'unit_id'          => $query->row['unit_id'],
                'unit'             => $query->row['symbol_rus'],]]></add>
        </operation>
    </file>
    <file path="catalog/controller/product/product.php">
        <operation>
            <search trim="true" index="0"><![CDATA[$data['points'] = $product_info['points'];]]></search>
            <add position="after" trim="false" offset="0"><![CDATA[         $data['unit'] = $product_info['unit'];]]></add>
        </operation>
    </file>
    <file path="catalog/view/theme/*/template/product/product.tpl">
        <operation error="log">
            <search trim="true"><![CDATA[$price;]]></search>
            <add position="replace" trim="false" offset="0"><![CDATA[$price . ($unit ? '/'.$unit :'');]]></add>
        </operation>
        <operation error="log">
            <search trim="true"><![CDATA[$special;]]></search>
            <add position="replace" trim="false" offset="0"><![CDATA[$special . ($unit ? '/'.$unit :'');]]></add>
        </operation>
        <operation error="skip">
            <search trim="true"><![CDATA[$('#main-product-price').html(json['price']);]]></search>
            <add position="replace" trim="false" offset="0"><![CDATA[$('#main-product-price').html(json['price']+'<?php echo ($unit ? '/'.$unit :''); ?>');]]></add>
        </operation>
        <operation error="skip">
            <search trim="true"><![CDATA[$('#main-product-special').html(json['special']);]]></search>
            <add position="replace" trim="false" offset="0"><![CDATA[$('#main-product-special').html(json['special']+'<?php echo ($unit ? '/'.$unit :''); ?>');]]></add>
        </operation>
    </file>
    <file path="catalog/controller/product/{special,category,search,manufacturer}*.php|catalog/controller/{module,extension/module}/{bestseller,latest,special}*.php">
        <operation error="log">
            <search trim="true"><![CDATA[$data['products'][] = array(]]></search>
            <add position="after" trim="false" offset="0"><![CDATA[             'unit'        => $result['unit'],]]></add>
        </operation>
    </file>
    <file path="catalog/controller/{module,extension/module}/{featured}*.php">
        <operation error="log">
            <search trim="true"><![CDATA[$data['products'][] = array(]]></search>
            <add position="after" trim="false" offset="0"><![CDATA[             'unit'        => $product_info['unit'],]]></add>
        </operation>
    </file>
    <file path="catalog/view/theme/*/template/product/{special,category,search,manufacturer_info}*.tpl|catalog/view/theme/*/template/{module,extension/module}/{bestseller,latest,special,featured,oct_product_tab}*.tpl">
        <operation error="log">
            <search trim="true"><![CDATA[<?php echo $product['price']; ?>]]></search>
            <add position="replace" trim="false" offset="0"><![CDATA[<?php echo $product['price'] . ($product['unit'] ? '/' . $product['unit'] :''); ?>]]></add>
        </operation>
        <operation error="log">
            <search trim="true"><![CDATA[<?php echo $product['special']; ?>]]></search>
            <add position="replace" trim="false" offset="0"><![CDATA[<?php echo $product['special'] . ($product['unit'] ? '/' . $product['unit'] :''); ?>]]></add>
        </operation>
    </file>
  
    <file path="catalog/controller/{module,extension/module}/{oct_product_tab,oct_product_viewed}.php">
        <operation error="log">
            <search><![CDATA['name' => $result['name'],]]></search>
            <add position="after"><![CDATA[             'unit'        => $result['unit'],]]></add>
        </operation>
        <operation error="log">
            <search><![CDATA['name' => $product_info['name'],]]></search>
            <add position="after"><![CDATA[             'unit'        => $product_info['unit'],]]></add>
        </operation>
    </file>
    <file path="catalog/view/theme/*/template/{module,extension/module}/{oct_product_tab,oct_product_viewed}.tpl">
        <operation error="log">
            <search><![CDATA[<?php echo $product['price']; ?>]]></search>
            <add position="replace"><![CDATA[<?php echo $product['price'] . ($product['unit'] ? '/' . $product['unit'] :''); ?>]]></add>
        </operation>
        <operation error="log">
            <search trim="true"><![CDATA[<?php echo $product['special']; ?>]]></search>
            <add position="replace"><![CDATA[<?php echo $product['special'] . ($product['unit'] ? '/' . $product['unit'] :''); ?>]]></add>
        </operation>
    </file>
  
    <file path="catalog/controller/{module,extension/module}/oct_popup_view.php">
        <operation error="log">
            <search><![CDATA[$data['product_name'] = $product_info['name'];]]></search>
            <add position="after"><![CDATA[$data['unit'] = $product_info['unit'];]]></add>
        </operation>
    </file>
    <file path="catalog/view/theme/*/template/{module,extension/module}/oct_popup_view.tpl">
        <operation error="log">
            <search><![CDATA[<?php echo $price; ?>]]></search>
            <add position="replace"><![CDATA[<?php echo $price . ($unit ? '/' . $unit :''); ?>]]></add>
        </operation>
        <operation error="log">
            <search trim="true"><![CDATA[<?php echo $special; ?>]]></search>
            <add position="replace"><![CDATA[<?php echo $special . ($unit ? '/' . $unit :''); ?>]]></add>
        </operation>
        <operation error="log">
            <search trim="true"><![CDATA[$('#popup-main-price').html(json['price']);]]></search>
            <add position="replace"><![CDATA[$('#popup-main-price').html(json['price']+'<?php echo ($unit ? "/" . $unit : ""); ?>');]]></add>
        </operation>
        <operation error="log">
            <search trim="true"><![CDATA[$('#popup-special-price').html(json['special']);]]></search>
            <add position="replace"><![CDATA[$('#popup-special-price').html(json['special']+'<?php echo ($unit ? "/" . $unit : ""); ?>');]]></add>
        </operation>
    </file>
    <!-- cart -->
        <file path="system/library/{cart/cart,cart}.php">
        <operation>
            <search regex="true" limit="1"><![CDATA[~WHERE p2s.store_id~]]></search>
            <add><![CDATA[LEFT JOIN " . DB_PREFIX . "unit u ON (p.unit_id = u.unit_id) WHERE p2s.store_id]]></add>
        </operation>
        <operation>
            <search trim="true" index="0"><![CDATA[$product_data[] = array(]]></search>
            <add position="after" trim="false" offset="0"><![CDATA[                 'unit'            => $product_query->row['symbol_rus'],]]></add>
        </operation>
    </file>
    <file path="catalog/controller/checkout/cart.php">
        <operation error="log">
            <search trim="true" index="0"><![CDATA[$data['column_price'] = $this->language->get('column_price');]]></search>
            <add position="before" trim="false" offset="0"><![CDATA[            $data['column_unit'] = 'Ед. изм.';]]></add>
        </operation>
        <operation error="log">
            <search trim="true" index="0"><![CDATA[$data['products'][] = array(]]></search>
            <add position="after" trim="false" offset="0"><![CDATA[                 'unit'   => $product['unit'],]]></add>
        </operation>    
    </file>
    <file path="catalog/view/theme/*/template/checkout/cart.tpl">
        <operation error="log">
            <search trim="true" index="0"><![CDATA[<td class="text-right"><?php echo $column_price; ?></td>]]></search>
            <add position="before" trim="false" offset="0"><![CDATA[                <td class="text-left"><?php echo $column_unit; ?></td>]]></add>
        </operation>
        <operation error="log">
            <search trim="true" index="0"><![CDATA[<td class="text-right"><?php echo $product['price']; ?></td>]]></search>
            <add position="before" trim="false" offset="0"><![CDATA[                <td class="text-right"><?php echo $product['unit']; ?></td>]]></add>
        </operation>
    </file>
</modification>