<modification>
    <name>Hide Zero Price</name>
    <code>hide-zero-price</code>
	<version>2.3</version>
	<link>https://opencart2x.ru</link>
	<author>opencart2x.ru</author>
	<file path="catalog/view/theme/*/template/product/category.tpl">
		<operation>
			<search><![CDATA[?php if ($product['price'])]]></search>
			<add position="replace"><![CDATA[?php if ($product['price']&&$product['price']>0)]]></add>
		</operation>
	</file>
	<file path="catalog/view/theme/*/template/product/product.tpl">
		<operation>
			<search><![CDATA[?php if ($price)]]></search>
			<add position="replace"><![CDATA[?php if ($price&&$price>0)]]></add>
		</operation>
		<operation>
			<search><![CDATA[?php if ($product['price'])]]></search>
			<add position="replace"><![CDATA[?php if ($product['price']&&$product['price']>0)]]></add>
		</operation>
	</file>	
	<file path="catalog/view/theme/*/template/module/featured.tpl">
		<operation>
			<search><![CDATA[?php if ($price)]]></search>
			<add position="replace"><![CDATA[?php if ($price&&$price>0)]]></add>
		</operation>
		<operation>
			<search><![CDATA[?php if ($product['price'])]]></search>
			<add position="replace"><![CDATA[?php if ($product['price']&&$product['price']>0)]]></add>
		</operation>
	</file>		
	<file path="catalog/view/theme/*/template/product/search.tpl">
		<operation>
			<search><![CDATA[?php if ($product['price'])]]></search>
			<add position="replace"><![CDATA[?php if ($product['price']&&$product['price']>0)]]></add>
		</operation>
	</file>
	<file path="catalog/view/theme/*/template/product/special.tpl">
		<operation>
			<search><![CDATA[?php if ($product['price'])]]></search>
			<add position="replace"><![CDATA[?php if ($product['price']&&$product['price']>0)]]></add>
		</operation>
	</file>
	<file path="catalog/view/theme/*/template/module/latest.tpl">
		<operation>
			<search><![CDATA[?php if ($product['price'])]]></search>
			<add position="replace"><![CDATA[?php if ($product['price']&&$product['price']>0)]]></add>
		</operation>
	</file>
	<file path="catalog/view/theme/*/template/product/manufacturer_info.tpl">
		<operation>
			<search><![CDATA[?php if ($product['price'])]]></search>
			<add position="replace"><![CDATA[?php if ($product['price']&&$product['price']>0)]]></add>
		</operation>
	</file>	
</modification>