﻿<?xml version="1.0" encoding="UTF-8"?>
<modification>
    <name>Политика конфиденциальности</name>
    <code>privacy_policy</code>
    <version>1.0</version>
    <author>opencart2x.ru</author>
    <link>https://opencart2x.ru</link>
	<file path="catalog/view/theme/*/template/common/footer.tpl">
		<operation>
			<search><![CDATA[</body>]]></search>
			<add position="before"><![CDATA[
				<div id="policy">
					<div class="policy__container"></div>
					<style>
						#policy{
							position:fixed;
							z-index:9999;
							bottom:0;
							left:50%;
							width:calc(100% - 30px);
							max-width:950px;
							margin-bottom:-100px;
							opacity:0;
							visibility:hidden;
							display:none;
							-webkit-transform:translateX(-50%);
							-moz-transform:translateX(-50%);
							-ms-transform:translateX(-50%);
							-o-transform:translateX(-50%);
							transform:translateX(-50%);
							-webkit-transition:.3s;
							-moz-transition:.3s;
							-ms-transition:.3s;
							-o-transition:.3s;
							transition:.3s
						}
						#policy.active{
							display:block
						}
						#policy.activated{
							margin-bottom:0;
							opacity:1;
							visibility:visible
						}
						#policy *{
							color:#fff;
							line-height:18px;
							font-weight:400;
							font-size:14px;
							margin:0
						}
						.policy__container{
							background-color:#2C2C2C;
							padding:12px 50px 17px;
							color:#fff;
							position:relative;
							box-shadow: 0 0 5px 3px #D92838;
							border-radius: 3px
}
						}
						.policy__container::before,.policy__container::after{
							content:'';
							display:table;
							clear:both
						}
						.policy__text{
							width:calc(100% - 200px)
						}
						#policy .policy__confirm{
							display:inline-block;
							color:#fff;
							text-transform: uppercase;
							background-color:#D92838;
							padding:10px 30px;
							cursor:pointer;
							position:absolute;
							right:0;
							top:50%;
							margin-right:50px;
							margin-top:-19px;
							text-decoration:none;
							-webkit-transition:.3s;
							-moz-transition:.3s;
							-ms-transition:.3s;
							-o-transition:.3s;
							transition:.3s
						}
						#policy .policy__confirm:hover{
							color:#000;
							background-color:#fff
						}
						@media screen and (max-width:767px){
							#policy{width:100%}
							.policy__container{padding:10px 15px}
							.policy__text{width:100%}
							#policy .policy__confirm{
								position:relative;
								display:table;
								margin:0;
								margin-top:20px;
								margin-left:auto;
								margin-right:auto
							}
						}
					</style>
					<script>
						document.addEventListener('DOMContentLoaded',function(){
							var policy=document.getElementById('policy');
							var policy2cookie=document.cookie.match(new RegExp('(?:^|; )'+
								'policy_confirm'.replace(/([\.$?*|{}\(\)\[\]\\\/\+^])/g,'\\$1')+
								'=([^;]*)'));
							if(!policy2cookie||policy2cookie[1]!='Y'){
								var policy_container=document.querySelector('div.policy__container');
								if(policy_container){
									if(!navigator.cookieEnabled){
										policy_container.innerHTML='<div class="policy__text"><p>У Вас отключены куки, пожалуйста включите их для комфортной работы с этим сайтом</p></div>'
									} else {
										policy_container.innerHTML='<div class="policy__text"><p>Этот сайт использует файлы cookie с целью повышения удобства для пользователя, а именно — дополнения функциями социальных сетей, статистического анализа и выбора сторонних сервисов. Более подробную информацию см. на странице <a style="text-decoration: underline;" href="//'+location.host+'/index.php?route=information/information&information_id=3" target="_blank">Политика конфиденциальности</a>.</p></div><a href="javascript:void(0)" class="policy__confirm">Принимаю</a>'
									} setTimeout(function(){
										policy.appendChild(policy_container);
										policy.classList.add('active');
										setTimeout(function(){
											policy.classList.add('activated')
										},300);
										var policy_confirm=document.querySelector('.policy__confirm');
										if(policy_confirm){
											policy_confirm.addEventListener('click',function(){
												policy.classList.remove('activated');
												setTimeout(function(){
													policy.remove()
												},300);
												document.cookie='policy_confirm=Y; path=/'
											})
										}
									},100)
								}
							} else {
								policy.remove()
							}
						})
					</script>
				</div>
			]]></add>
		</operation>
	</file>
</modification>
