<modification>
    <name>Order Referrer</name>
    <code>Order-Referrer-OC2</code>
    <version>2.2</version>
    <author>opencart2x.ru</author>
    <link>https://opencart2x.ru</link>

    <file path="admin/controller/sale/order.php">
        <operation>
            <search><![CDATA[
$data['ip'] = $order_info['ip'];
            ]]></search>
            <add position="after"><![CDATA[
$this->load->model('module/referrer');
if( isset($order_info['first_referrer'])) {
    $data['first_referrer'] =  $this->model_module_referrer->decode( $order_info['first_referrer'] );
} else {
    $data['first_referrer'] = "";
}
if( isset($order_info['last_referrer'])) {
    $data['last_referrer'] =  $this->model_module_referrer->decode( $order_info['last_referrer'] );
} else {
    $data['last_referrer'] = "";
}
            ]]></add>
        </operation>
        <operation>
            <search><![CDATA[
$data['text_ip'] = $this->language->get('text_ip');
            ]]></search>
            <add position="after"><![CDATA[
$data['text_first_referrer'] = $this->language->get('text_first_referrer');
$data['text_last_referrer'] = $this->language->get('text_last_referrer');
            ]]></add>
        </operation>
    </file>

    <file path="admin/model/sale/order.php">
        <operation>
            <search><![CDATA[
$order_query->row['ip'],
            ]]></search>
            <add position="after"><![CDATA[
                                'first_referrer'           => $order_query->row['first_referrer'],
                                'last_referrer'            => $order_query->row['last_referrer'],
            ]]></add>
        </operation>
    </file>

    <file path="admin/view/template/sale/order_info.tpl">
        <operation>
            <search><![CDATA[
            <?php if ($order_status) { ?>
            ]]></search>
            <add position="before"><![CDATA[
	<tr>
	  <td><?php echo $text_first_referrer; ?></td>
	  <td><?php echo $first_referrer; ?></td>
	</tr>
	<tr>
	  <td><?php echo $text_last_referrer; ?></td>
	  <td><?php echo $last_referrer; ?></td>
	</tr>
	]]></add>
        </operation>
    </file>

    <file path="admin/language/{english,en-gb}/sale/order.php">
        <operation>
            <search><![CDATA[
$_['text_ip']
            ]]></search>
            <add position="after"><![CDATA[
$_['text_first_referrer']                         = 'First visit referrer:';
$_['text_last_referrer']                         = 'Order referrer:';
            ]]></add>
        </operation>
    </file>

    <file path="admin/language/{russian,ru-ru}/sale/order.php">
        <operation>
            <search><![CDATA[
$_['text_ip']
            ]]></search>
            <add position="after"><![CDATA[
$_['text_first_referrer']                         = 'Источник первого захода:';
$_['text_last_referrer']                         = 'Источник заказа:';
            ]]></add>
        </operation>
    </file>

    <file path="catalog/controller/common/footer.php">
        <operation>
            <search><![CDATA[
$this->load->language('common/footer');
            ]]></search>
            <add position="after"><![CDATA[
		$this->load->model('module/referrer');
		$this->model_module_referrer->checkReferrer();
            ]]></add>
        </operation>
    </file>

    <file path="catalog/controller/{checkout,d_quickcheckout}/confirm.php">
        <operation>
            <search><![CDATA[
if (isset($this->request->server['HTTP_USER_AGENT'])) {
            ]]></search>
            <add position="before"><![CDATA[
		if (!isset($this->request->cookie['first_referrer'])) {
			$data['first_referrer'] = 'Not set';
		} else {
			$data['first_referrer'] = $this->request->cookie['first_referrer'];
		}
		if (!isset($this->request->cookie['last_referrer'])) {
			$data['last_referrer'] = 'Not set';
		} else {
			$data['last_referrer'] = $this->request->cookie['last_referrer'];
		}
            ]]></add>
        </operation>
    </file>

    <file path="catalog/controller/checkout/simplecheckout.php">
        <operation>
            <search><![CDATA[
if (isset($this->request->server['HTTP_USER_AGENT'])) {
            ]]></search>
            <add position="before"><![CDATA[
		if (!isset($this->request->cookie['first_referrer'])) {
			$data['first_referrer'] = 'Direct';
		} else {
			$data['first_referrer'] = $this->request->cookie['first_referrer'];
		}
		if (!isset($this->request->cookie['last_referrer'])) {
			$data['last_referrer'] = 'Direct';
		} else {
			$data['last_referrer'] = $this->request->cookie['last_referrer'];
		}
            ]]></add>
        </operation>
    </file>

    <file path="catalog/model/{checkout,d_quickcheckout}/order.php">
        <operation>
            <search><![CDATA[
ip = '" . $this->db->escape($data['ip']) . "',
            ]]></search>
            <add position="replace"><![CDATA[
ip = '" . $this->db->escape($data['ip']) . "', first_referrer = '" . $this->db->escape(isset($data['first_referrer']) ? $data['first_referrer'] : "n\a") . "', last_referrer = '" . $this->db->escape(isset($data['last_referrer']) ? $data['last_referrer'] : "n\a") . "',
            ]]></add>
        </operation>
    </file>

</modification>