<?xml version="1.0" encoding="UTF-8"?>
<modification>
	<name>Better Autocomplete</name>
	<version>2.0</version>
	<link>https://opencart2x.ru</link>
	<author>opencart2x.ru</author>
	<code>betterautocomplete</code>
	<file path="admin/controller/common/header.php">
		<operation>
			<search><![CDATA[$data['styles'] = $this->document->getStyles();]]></search>
			<add position="before"><![CDATA[
		$this->document->addScript(HTTPS_SERVER .'view/javascript/bootstrap-switch.min.js');
		$this->document->addScript(HTTPS_SERVER .'view/javascript/admin-powersearch-kl.js');
		$this->document->addStyle(HTTPS_SERVER .'view/stylesheet/bootstrap-switch.min.css');
      				]]></add>
		</operation>
	</file>
	<file path="admin/view/template/catalog/product_list.tpl">
		<operation>
			<search regex="true"><![CDATA[
/(\$\('input\[name=\\'(filter_[^\\]+).+{)(\n.+)(\n.+)(\n.+)/]]></search>
			<add><![CDATA[$1$3
var searchStatus = $(this).parent().find("input[name='switch']").prop('checked');
		var callbackUrl = 'index.php?route=catalog/product/autocomplete&token=<?php echo $token; ?>&$2=';
		callbackUrl += searchStatus ? '%' : '';
		callbackUrl += encodeURIComponent(request);$4
url:callbackUrl,]]></add>
		</operation>
</file>
<file path="admin/view/template/catalog/product_form.tpl">
		<operation>
		<search regex="true"><![CDATA[
/(\$\('input\[name=\\'([^\\]+).+{)(\n.+)(\n.+)(\n.+)/]]></search>
			<add><![CDATA[$1$3
			var searchStatus = $(this).parent().parent().find("input[name='switch']").prop('checked');
		var searchTerm = '$2';
		var queryStr;
		if(searchTerm == 'related'){
		queryStr = 'product';
		} else if(searchTerm.indexOf('product_attribute') != -1){
		queryStr = 'attribute';
		} else{
		queryStr = searchTerm;
		}
		var callbackUrl = 'index.php?route=catalog/';
		callbackUrl += queryStr;
		callbackUrl += '/autocomplete&token=<?php echo $token; ?>&filter_name=';
		callbackUrl += searchStatus ? '%' : '';
		if(searchTerm.indexOf('product_attribute') != -1 ) callbackUrl += '%';
		callbackUrl += encodeURIComponent(request);
		$4
			url:callbackUrl,]]></add>
		</operation>
	</file>
</modification>
