<modification>
	<name>Купить сейчас</name>
	<version>2.x</version>
	<link>http://opencart2x.ru</link>
	<author>opencart2x.ru</author>
	<code>opencart2x_buynow</code>
	
	<file path="catalog/controller/checkout/cart.php">
		<operation>
			<search><![CDATA[$this->cart->add($this->request->post['product_id'], $quantity, $option, $recurring_id);]]></search>
			<add position="after"><![CDATA[
				$json['redirect'] = $this->url->link('checkout/checkout', null, 'SSL');
		]]></add>
		</operation>
	</file>
	<file path="catalog/view/theme/*/template/product/product.tpl">
		<operation>
			<search offset="1" limit="1"><![CDATA[if (json['success']) {]]></search>
			<add position="before" ><![CDATA[
				if (json['redirect'] && !json['error']) {
					location = json['redirect'];
				}
			]]></add>
		</operation>
	</file>
</modification>