<?xml version="1.0" encoding="UTF-8"?>
<modification>
	<name>ADV Sales Report v3.3</name>
	<version>3.3</version>
	<code>adv_sales_report</code>
	<link>http://www.opencartreports.com</link>
	<author>ADV Reports and Statistics</author>	
	
	<file path="admin/controller/common/menu.php">
        <operation>
            <search><![CDATA[
$data['text_report_sale_order'] = $this->language->get('text_report_sale_order');
            ]]></search>
            <add position="after"><![CDATA[
$data['text_report_adv_sale_order'] = $this->language->get('text_report_adv_sale_order');			
            ]]></add>
        </operation>
        <operation>
            <search><![CDATA[
$data['report_sale_order'] = $this->url->link('report/sale_order', 'token=' . $this->session->data['token'], 'SSL');
            ]]></search>
            <add position="after"><![CDATA[
$data['report_adv_sale_order'] = $this->url->link('report/adv_sale_order', 'token=' . $this->session->data['token'], 'SSL');
            ]]></add>
        </operation>
	</file>

	<file path="admin/language/*/common/menu.php">
        <operation>
            <search><![CDATA[
<?php
            ]]></search>
            <add position="after"><![CDATA[
$_['text_report_adv_sale_order']    		= 'ADV Orders';
            ]]></add>
        </operation>
	</file>

	<file path="admin/view/template/common/menu.tpl">
        <operation>
            <search><![CDATA[
<li><a class="parent"><?php echo $text_sale; ?></a>
            ]]></search>
            <add position="after" offset="1"><![CDATA[
<li><a href="<?php echo $report_adv_sale_order; ?>"><?php echo $text_report_adv_sale_order; ?></a></li>
            ]]></add>
        </operation>
        <operation error="skip">
            <search><![CDATA[
<li><a href="<?php echo $report_sale_order; ?>"><?php echo $text_report_sale_order; ?></a></li>
            ]]></search>
            <add position="replace"><![CDATA[
<li style="border-top:1px dashed #888;"><a href="<?php echo $report_sale_order; ?>"><?php echo $text_report_sale_order; ?></a></li>
            ]]></add>
        </operation>
	</file>
			
	<file path="admin/controller/module/adv_reports.php">
        <operation>
            <search><![CDATA[
public function index() {
            ]]></search>
            <add position="after"><![CDATA[
$data['adv_so_current_version'] = '3.3';
            ]]></add>
        </operation>	
        <operation>
            <search><![CDATA[
$data['token'] = $this->session->data['token'];
            ]]></search>
            <add position="before"><![CDATA[
		$data['adv_so_text_ext_name'] = $this->language->get('adv_so_text_ext_name');
		$data['adv_so_ext_name'] = $this->language->get('adv_so_ext_name');
		$data['adv_so_text_ext_version'] = $this->language->get('adv_so_text_ext_version');
		$data['adv_so_ext_version'] = $this->language->get('adv_so_ext_version');
		$data['adv_so_ext_type'] = $this->language->get('adv_so_ext_type');
		$data['adv_so_text_ext_compatibility'] = $this->language->get('adv_so_text_ext_compatibility');
		$data['adv_so_ext_compatibility'] = $this->language->get('adv_so_ext_compatibility');
		$data['adv_so_text_ext_url'] = $this->language->get('adv_so_text_ext_url');
		$data['adv_so_ext_url'] = 'http://www.opencart.com/index.php?route=extension/extension/info&extension_id=3803';
		$data['adv_so_all_ext_url'] = 'http://www.opencart.com/index.php?route=extension/extension&filter_username=cmerry';
		$data['adv_so_help_url'] = 'http://www.opencartreports.com/documentation/so/index.html#support';
		$data['adv_so_legal_notice_url'] = 'http://www.opencartreports.com/documentation/so/index.html#terms';
		$data['adv_so_text_ext_support'] = $this->language->get('adv_so_text_ext_support');
		$data['adv_so_ext_support'] = $this->language->get('adv_so_ext_support');
		$data['adv_so_ext_subject'] = sprintf($this->language->get('adv_so_ext_subject'), $this->language->get('adv_so_ext_name'));
		$data['adv_so_text_ext_legal'] = $this->language->get('adv_so_text_ext_legal');	
		$data['adv_so_text_copyright'] = $this->language->get('adv_so_text_copyright');
            ]]></add>
        </operation>	
        <operation>
            <search><![CDATA[
$this->response->setOutput($this->load->view('module/adv_reports.tpl', $data));
            ]]></search>
            <add position="before"><![CDATA[
		$adv_so_check = curl_init();
 		     // Set URL to download
		curl_setopt($adv_so_check, CURLOPT_URL,"http://opencartreports.com/version/adv_so_version.xml");
 		    // Include header in result? (0 = yes, 1 = no)
		curl_setopt($adv_so_check, CURLOPT_HEADER, 0);
     		// Should cURL return or print out the data? (true = return, false = print)
		curl_setopt($adv_so_check, CURLOPT_RETURNTRANSFER, true);
 		    // Timeout in seconds
		curl_setopt($adv_so_check, CURLOPT_TIMEOUT, 10);
 		    // Download the given URL, and return output
		$adv_so_output = curl_exec($adv_so_check);
    		// Close the cURL resource, and free system resources
 		curl_close($adv_so_check);
		$adv_so_analyse = simplexml_load_string($adv_so_output,null);
						
		$data['adv_so_version']['version'] = $adv_so_analyse->children()->version;
		$data['adv_so_version']['whats_new'] = $adv_so_analyse->children()->whats_new;
            ]]></add>
        </operation>			
	</file>	

	<file path="admin/language/*/module/adv_reports.php">
        <operation>
            <search><![CDATA[
<?php
            ]]></search>
            <add position="after"><![CDATA[
$_['adv_so_text_ext_name']					= 'Extension name:';
$_['adv_so_ext_name']						= 'ADV Sales Report';
$_['adv_so_text_ext_version']				= 'Extension version:';
$_['adv_so_ext_version']					= '3.3';
$_['adv_so_ext_type']						= 'OCMOD';
$_['adv_so_text_ext_compatibility']			= 'Extension compatibility:';
$_['adv_so_ext_compatibility']				= 'OpenCart v2.0.0.x, v2.0.1.x, v2.0.2.x, v2.0.3.x';
$_['adv_so_text_ext_url']					= 'Extension URL:';
$_['adv_so_text_ext_support']				= 'Extension support:';
$_['adv_so_ext_support']					= 'opencart.reports@gmail.com';
$_['adv_so_ext_subject']      				= '%s support needed';
$_['adv_so_text_ext_legal']					= 'Extension legal notice:';
$_['adv_so_text_copyright']					= 'ADV Reports &amp; Statistics &copy; 2011-2015';
            ]]></add>
        </operation>
	</file>
		
	<file path="admin/view/template/module/adv_reports.tpl">
        <operation>
            <search><![CDATA[
<div id="adv_sale_order"></div>
            ]]></search>
            <add position="replace"><![CDATA[
	<div style="background-color:#edf6ff; border:thin solid #69F; margin-bottom:10px;">
      <table class="table table-bordered">
       <tr>
        <td style="min-width:200px;"><?php echo $adv_so_text_ext_name; ?></td>
        <td style="min-width:400px;"><span style="font-size:small; font-weight:bold;"><?php echo $adv_so_ext_name; ?></span></td>
       </tr>
       <tr>
        <td><?php echo $adv_so_text_ext_version; ?></td>
        <td><b><?php echo $adv_so_ext_version; ?></b> [ <?php echo $adv_so_ext_type; ?> ] <div id="adv_so_newversion"></div> <div id="adv_so_what_is_new"></div></td>
       </tr>
       <tr>
        <td><?php echo $adv_so_text_ext_compatibility; ?></td>
        <td><?php echo $adv_so_ext_compatibility; ?></td>
       </tr>
       <tr>
        <td><?php echo $adv_so_text_ext_url; ?></td>
        <td><a href="<?php echo $adv_so_ext_url; ?>" target="_blank"><?php echo $adv_so_ext_url ?></a><br />
		  <div class="required"><label class="control-label">I would appreciate it very much if you could rate the extension once you've had a chance to try it out. Why not tell everybody how great this extension is by leaving a comment as well.</label><br />If you like this extension you might also be interested in my other extensions:<br /><a href="<?php echo $adv_so_all_ext_url; ?>" target="_blank"><?php echo $adv_so_all_ext_url ?></a></div>
		  </td>
       </tr>
       <tr>
        <td><?php echo $adv_so_text_ext_support; ?></td>
        <td>
          <a href="mailto:<?php echo $adv_so_ext_support; ?>?subject=<?php echo $adv_so_ext_subject; ?>" target="_blank"><?php echo $adv_so_ext_support; ?></a>&nbsp;&nbsp;|&nbsp;&nbsp;
          <span style="color:#F00;"><b>!!!</b></span> <a href="<?php echo $adv_so_help_url; ?>" target="_blank"><?php echo $text_asking_help; ?></a> <span style="color:#F00;"><b>!!!</b></span>
        </td>
       </tr>
       <tr>
        <td><?php echo $adv_so_text_ext_legal; ?></td>
        <td><?php echo $adv_so_text_copyright; ?>&nbsp;&nbsp;|&nbsp;&nbsp;
          <a href="<?php echo $adv_so_legal_notice_url; ?>" target="_blank"><?php echo $text_terms; ?></a><br />
		  <div class="required"><label class="control-label">Please be aware that this product has a per-domain license, meaning you can use it only on a single domain. You will need to purchase a separate license for each domain you wish to use this extension on.</label></div>
		</td>
       </tr>
      </table>
	 </div>
            ]]></add>
        </operation>
        <operation>
            <search><![CDATA[
<?php echo $footer; ?>
            ]]></search>
            <add position="before"><![CDATA[			
<?php if ($adv_so_version) { ?>
<?php if ($adv_so_version['version'] != $adv_so_current_version) { ?>  
<script type="text/javascript">
$('#adv_so_newversion').append('<span style="color:red"><strong>There is new version <?php echo $adv_so_version["version"]; ?> for this extesion available!</strong></span>');
$('#adv_so_what_is_new').append('<?php echo html_entity_decode(str_replace("@@@","<br>",$adv_so_version["whats_new"]), ENT_QUOTES, "UTF-8"); ?> ');
</script>
<?php } ?>
<?php } ?>
            ]]></add>
        </operation>				
	</file>		
</modification>