<?xml version="1.0" encoding="utf-8"?>
<modification>
  <name>Random Order ID</name>
  <code>rnd-order-id</code>
  <version>2.0</version>
  <author>opencart2x.ru</author>
  <link>https://opencart2x.ru</link>
	<file path="catalog/model/checkout/order.php">  
		<operation>
			<search index="0"><![CDATA[addOrder($data)]]></search>
			<add position="after"><![CDATA[
		// Случайный номер для ID заказа
		$UltimoPedido = $this->db->query("SELECT * FROM `" . DB_PREFIX . "order` ORDER BY `" . DB_PREFIX . "order`.`order_id` DESC LIMIT 1");
		
		if(isset($UltimoPedido->row['order_id'])){
		$UltimoPedido = rand(2,99999)+$UltimoPedido->row['order_id'];
		}
		else{
		$UltimoPedido = rand(2,99999);
		}
		// Конец
		]]></add>
		</operation>	
		<operation>
			<search><![CDATA[$this->db->query("INSERT INTO `" . DB_PREFIX . "order` SET]]></search>
			<add position="replace"><![CDATA[$this->db->query("INSERT INTO `" . DB_PREFIX . "order` SET order_id = '" . $this->db->escape($UltimoPedido) . "',]]></add>
		</operation>
    </file>
</modification>