<?xml version="1.0" encoding="UTF-8"?>
<modification>
  <name>Autocomplete Admin</name>
  <code>Autocomplete Admin</code>
  <version>2.0</version>
  <author>opencart2x.ru</author>
  <link>https://opencart2x.ru</link>

	<file path="admin/view/template/*/*.tpl">
		<operation>
			<search><![CDATA[
				label: item.name,
			]]></search>
			<add position="replace"><![CDATA[
				label: new String(item.name).replace('[undefined]', ''),
			]]></add>
		</operation>
		<operation>
			<search><![CDATA[
				label: item['name'],
			]]></search>
			<add position="replace"><![CDATA[
				label: new String(item['name']).replace('[undefined]', ''),
			]]></add>
		</operation>
	</file>		

	<file path="admin/model/catalog/product.php">
		<operation>
			<search>
				<![CDATA[
					if (!empty($data['filter_name'])) {
				]]>
			</search>
			<add position="replace" offset="2">
				<![CDATA[
		if (!empty($data['filter_name'])) {
			$sql .= " AND (pd.name LIKE '%" . $this->db->escape($data['filter_name']) . "%'";
			$sql .= " OR p.model LIKE '%" . $this->db->escape($data['filter_name']) . "%'";
			$sql .= " OR p.sku LIKE '%" . $this->db->escape($data['filter_name']) . "%'";
			$sql .= " OR p.mpn LIKE '%" . $this->db->escape($data['filter_name']) . "%')";
		}
				]]>
			</add>
		</operation>
	</file>

</modification>