<?xml version="1.0" encoding="utf-8"?>
<modification>
	<name>Model Autogenerator</name>
	<code>Model-Autogenerato</code>
	<version>2.1</version>
	<author>opencart2x.ru</author>
	<link>https://opencart2x.ru/</link>

	<file path="admin/model/catalog/product.php">
		<operation>
			<search><![CDATA[
				$product_id = $this->db->getLastId();
			]]></search>
			<add position="after"><![CDATA[
				if (isset($data['model'])) {
					$this->db->query("UPDATE " . DB_PREFIX . "product SET model = CONCAT (LPAD(manufacturer_id,2,'00'), LPAD(product_id,4,'0000')) WHERE product_id = ' " . (int)$product_id . " ' " );
				}
			]]></add>
		</operation>
		<operation>
			<search><![CDATA[
				$this->db->query("UPDATE " . DB_PREFIX . "product SET model = '" . $this->db->escape($data['model']) . "', model = '" . $this->db->escape($data['model']) . "', upc = '" . $this->db->escape($data['upc']) . "', ean = '" . $this->db->escape($data['ean']) . "', jan = '" . $this->db->escape($data['jan']) . "', isbn = '" . $this->db->escape($data['isbn']) . "', mpn = '" . $this->db->escape($data['mpn']) . "', location = '" . $this->db->escape($data['location']) . "', quantity = '" . (int)$data['quantity'] . "', minimum = '" . (int)$data['minimum'] . "', subtract = '" . (int)$data['subtract'] . "', stock_status_id = '" . (int)$data['stock_status_id'] . "', date_available = '" . $this->db->escape($data['date_available']) . "', manufacturer_id = '" . (int)$data['manufacturer_id'] . "', shipping = '" . (int)$data['shipping'] . "', price = '" . (float)$data['price'] . "', points = '" . (int)$data['points'] . "', weight = '" . (float)$data['weight'] . "', weight_class_id = '" . (int)$data['weight_class_id'] . "', length = '" . (float)$data['length'] . "', width = '" . (float)$data['width'] . "', height = '" . (float)$data['height'] . "', length_class_id = '" . (int)$data['length_class_id'] . "', status = '" . (int)$data['status'] . "', tax_class_id = '" . (int)$data['tax_class_id'] . "', sort_order = '" . (int)$data['sort_order'] . "', date_modified = NOW() WHERE product_id = '" . (int)$product_id . "'");
			]]></search>
			<add position="after"><![CDATA[
				if (isset($data['model'])) {
					$this->db->query("UPDATE " . DB_PREFIX . "product SET model = CONCAT (LPAD(manufacturer_id,2,'00'), LPAD(product_id,4,'0000')) WHERE product_id = ' " . (int)$product_id . " ' " );
				}
			]]></add>
		</operation>
	</file>
	<file path="admin/controller/catalog/product.php">
			<operation>
				<search position="replace"><![CDATA[
				$this->error['model'] = $this->language->get('error_model');
				]]></search>
				<add><![CDATA[
				 //$this->error['model'] = $this->language->get('error_model');
				]]></add>
			</operation>
	</file>
	<file path="admin/view/template/catalog/product_form.tpl">
			<operation>
				<search position="replace" index="2"><![CDATA[
				<div class="form-group required">
				]]></search>
				<add><![CDATA[
				 <div class="form-group">
				]]></add>
			</operation>
			<operation>
	             <search><![CDATA[<input type="text" name="model" value="<?php echo $model; ?>" placeholder="<?php echo $entry_model; ?>" id="input-model" class="form-control" />]]></search>
	             <add position="replace"><![CDATA[<input type="text" name="model" value="<?php echo $model; ?>" placeholder="<?php echo $entry_model; ?>" id="input-model" class="form-control" /> <span style="color:#F00;"> <b>* Автогенерация кода</b></span>]]></add>
            </operation>
	</file>
</modification>