<?xml version="1.0" encoding="utf-8"?>
<modification>
    <name>Admin Ajax Status</name>
  	<code>admin-ajax-status</code>
    <version>1.0</version>
    <author>Shrijal Regmi</author>
    <link>http://www.tncmedia.com.np</link>
    <file path="admin/controller/catalog/product.php">
        <operation>
            <search><![CDATA[
            public function add()
            ]]></search>
            <add position="before"><![CDATA[
            public function setstatus() {
		$this->load->language('catalog/product');
		$this->load->model('catalog/product');
		$output='';
		if(isset($this->request->get['object_id'])){
			$requestpart = explode('-',$this->request->get['object_id']);
			if(count($requestpart)==2){
				$column_name = $requestpart[0];
				$product_id = $requestpart[1];				
				$result = $this->model_catalog_product->getProduct($product_id);
				if($result[$column_name]){
					$this->model_catalog_product->setStatus($product_id, $column_name, 0);
				} else {
					$this->model_catalog_product->setStatus($product_id, $column_name, 1);
				}				
				$result = $this->model_catalog_product->getProduct($product_id);
				$output = $result[$column_name] ? $this->language->get('text_enabled') : $this->language->get('text_disabled');
			}
		}
		$this->response->setOutput($output);
	}
            ]]></add>
        </operation>
    </file> 
	
	<file path="admin/model/catalog/product.php">
        <operation>
            <search><![CDATA[
            public function getProduct($product_id)
            ]]></search>
            <add position="before"><![CDATA[
				public function setStatus($product_id, $column_name, $value){
				$this->db->query("UPDATE " . DB_PREFIX . "product SET " . $column_name . " = '" . (int)$value . "' WHERE product_id = '" . (int)$product_id . "'");
				}
			]]></add>
        </operation>
    </file>  
	
	<file path="admin/view/template/catalog/product_list.tpl">
        <operation>
            <search><![CDATA[
            <?php echo $product['status']; ?>
            ]]></search>
            <add position="replace"><![CDATA[
			<strong><a class="ajaxstatus" id="status-<?php echo $product['product_id']; ?>" style="text-decoration:underline; padding-bottom:4px;"><?php echo $product['status']; ?></a></strong>
			]]></add>
        </operation>
		<operation>
            <search><![CDATA[
            <?php echo $footer; ?>
            ]]></search>
            <add position="before"><![CDATA[
			<script type="text/javascript"><!--
$('.ajaxstatus').click(function() {
	var object_id=$(this).attr('id');
	$.ajax({
		url: 'index.php?route=catalog/product/setstatus&token=<?php echo $token; ?>',
		type: 'get',
		data: {object_id:object_id},
		dataType: 'html',
		success: function(html) {
			if(html!=''){				
				$('#'+object_id).html(html);
			}
		}
	});
});
//--></script>
			]]></add>
        </operation>
    </file>
</modification>