<modification>
    <name>Model No Require in Admin</name>
    <code>Model-No-Require</code>
    <version>2.0</version>
    <author>opencart2x.ru</author>
    <link>https://opencart2x.ru</link>	                      
	<file path="admin/controller/catalog/product.php">
			<operation>
				<search position="replace"><![CDATA[
				$this->error['model'] = $this->language->get('error_model');
				]]></search>
				<add><![CDATA[
				 //$this->error['model'] = $this->language->get('error_model');
				]]></add>
			</operation>
	</file>
	<file path="admin/view/template/catalog/product_form.tpl">
			<operation>
				<search position="replace" index="2"><![CDATA[
				<div class="form-group required">
				]]></search>
				<add><![CDATA[
				 <div class="form-group">
				]]></add>
			</operation>
	</file>
</modification>					   
					   