<?xml version="1.0" encoding="UTF-8"?>
<!-- 
Выводит артикул товара в:
Сайт - Карточка товара, корзина, подтверждение заказа, история заказов
Админка - Список товаров (фильтр с автокомплитом и сортировка), просмотр/редактирование/добавление заказа, печать счёта
Отсылаемые покупателю и администратору письма.
-->
<modification>
	<name>Show Product SKU</name>
    <version>2.3</version>
    <author>opencart2x.ru</author>
    <link>https://opencart2x.ru</link>
    <code>show-prod-sku</code>

<!-- ADD: Вывод артикула в карточке товара -->
	<file path="catalog/controller/product/product.php">
		<operation>
			<search><![CDATA[
				$data['model'] = $product_info['model'];
			]]></search>
			<add position="after"><![CDATA[
				$data['sku'] = $product_info['sku'];
			]]></add>
		</operation>
		<operation>
			<search><![CDATA[
				$data['text_model'] = $this->language->get('text_model');
			]]></search>
			<add position="after"><![CDATA[
				$data['text_sku'] = $this->language->get('text_sku');
			]]></add>
		</operation>
	</file>
	<file path="catalog/view/theme/*/template/product/product.tpl">
		<operation>
			<search><![CDATA[
				<li><?php echo $text_model; ?> <?php echo $model; ?></li>
			]]></search>
			<add position="after"><![CDATA[
				<?php if ($sku) { ?>
					<li><?php echo $text_sku; ?> <?php echo $sku; ?></li>
				<?php } ?>
			]]></add>
		</operation>
	</file>
	<file path="catalog/language/ru*/product/product.php">
		<operation>
			<search><![CDATA[
				$_['text_model']
			]]></search>
			<add position="before"><![CDATA[
				$_['text_sku']                              = 'Артикул:';
			]]></add>
		</operation>
	</file>
	<file path="catalog/language/en*/product/product.php">
		<operation>
			<search><![CDATA[
				$_['text_model']
			]]></search>
			<add position="before"><![CDATA[
				$_['text_sku']                              = 'SKU:';
			]]></add>
		</operation>
	</file>
<!-- END: Вывод артикула в карточке товара -->

<!-- ADD: Вывод артикула в сравнении товаров -->
	<file path="catalog/controller/product/compare.php">
		<operation>
			<search><![CDATA[
				$data['text_model'] = $this->language->get('text_model');
			]]></search>
			<add position="after"><![CDATA[
				$data['text_sku'] = $this->language->get('text_sku');
			]]></add>
		</operation>
		<operation>
			<search><![CDATA[
				$data['products'][$product_id] = array(
			]]></search>
			<add position="after"><![CDATA[
				'sku'          => $product_info['sku'],
			]]></add>
		</operation>
	</file>
	<file path="catalog/view/theme/*/template/product/compare.tpl">
		<operation>
			<search><![CDATA[
				<td><?php echo $product['model']; ?></td>
			]]></search>
			<add position="after" offset="2"><![CDATA[
				<tr>
					<td><?php echo $text_sku; ?></td>
					<?php foreach ($products as $product) { ?>
					<td><?php echo $product['sku']; ?></td>
					<?php } ?>
				</tr>
		    ]]></add>
		</operation>
	</file>
	<file path="catalog/language/ru*/product/compare.php">
		<operation>
			<search><![CDATA[
				$_['text_model']
			]]></search>
			<add position="before"><![CDATA[
				$_['text_sku']                              = 'Артикул';
			]]></add>
		</operation>
	</file>
	<file path="catalog/language/en*/product/compare.php">
		<operation>
			<search><![CDATA[
				$_['text_model']
			]]></search>
			<add position="before"><![CDATA[
				$_['text_sku']                              = 'SKU';
			]]></add>
		</operation>
	</file>
<!-- END: Вывод артикула в сравнении товаров -->

<!-- ADD: Вывод артикула в закладках -->
	<file path="catalog/controller/account/wishlist.php">
		<operation>
			<search><![CDATA[
				$data['column_model'] = $this->language->get('column_model');
			]]></search>
			<add position="after"><![CDATA[
				$data['column_sku'] = $this->language->get('column_sku');
			]]></add>
		</operation>
		<operation>
			<search><![CDATA[
				$data['products'][] = array(
			]]></search>
			<add position="after"><![CDATA[
				'sku'      => $product_info['sku'],
			]]></add>
		</operation>
	</file>
	<file path="catalog/view/theme/*/template/account/wishlist.tpl">
		<operation>
			<search><![CDATA[
				<td class="text-left"><?php echo $column_model; ?></td>
			]]></search>
			<add position="after"><![CDATA[
				<td class="text-left"><?php echo $column_sku; ?></td>
			]]></add>
		</operation>
		<operation>
			<search><![CDATA[
				<td class="text-left"><?php echo $product['model']; ?></td>
			]]></search>
			<add position="after"><![CDATA[
				<td class="text-left"><?php echo $product['sku']; ?></td>
			]]></add>
		</operation>
	</file>
	<file path="catalog/language/ru*/account/wishlist.php">
		<operation>
			<search><![CDATA[
				$_['column_model']
			]]></search>
			<add position="before"><![CDATA[
				$_['column_sku']              = 'Артикул';
			]]></add>
		</operation>
	</file>
	<file path="catalog/language/en*/account/wishlist.php">
		<operation>
			<search><![CDATA[
				$_['column_model']
			]]></search>
			<add position="before"><![CDATA[
				$_['column_sku']              = 'SKU';
			]]></add>
		</operation>
	</file>
<!-- END: Вывод артикула в закладках -->

<!-- ADD: Вывод артикула в корзине -->
	<file path="catalog/controller/checkout/cart.php">
		<operation>
			<search><![CDATA[
				$data['column_model'] = $this->language->get('column_model');
			]]></search>
			<add position="after"><![CDATA[
				$data['column_sku'] = $this->language->get('column_sku');
			]]></add>
		</operation>
		<operation>
			<search><![CDATA[
				$data['products'][] = array(
			]]></search>
			<add position="after"><![CDATA[
				'sku'       => $product['sku'],
			]]></add>
		</operation>
	</file>
	<file path="catalog/view/theme/*/template/checkout/cart.tpl">
		<operation>
			<search><![CDATA[
				<td class="text-left"><?php echo $column_model; ?></td>
			]]></search>
			<add position="after"><![CDATA[
				<td class="text-left"><?php echo $column_sku; ?></td>
			]]></add>
		</operation>
		<operation>
			<search><![CDATA[
				<td class="text-left"><?php echo $product['model']; ?></td>
			]]></search>
			<add position="after"><![CDATA[
				<td class="text-left"><?php echo $product['sku']; ?></td>
			]]></add>
		</operation>
	</file>

	<!-- ADD: добавление SKU в модуль Octemplates Fast order -->
	<file path="catalog/controller/checkout/fastorder/fastorder.php">
		<operation>
			<search><![CDATA[
				$data['column_model'] = $this->language->get('column_model');
			]]></search>
			<add position="after"><![CDATA[
				$data['column_sku'] = $this->language->get('column_sku');
			]]></add>
		</operation>
		<operation>
			<search><![CDATA[
				$data['products'][] = array(
			]]></search>
			<add position="after"><![CDATA[
				'sku'       => $product['sku'],
			]]></add>
		</operation>
	</file>
	<file path="/catalog/view/theme/*/template/checkout/fastorder/fastorder.tpl">
		<operation>
			<search><![CDATA[
				<td class="text-left"><?php echo $column_model; ?></td>
			]]></search>
			<add position="after"><![CDATA[
				<td class="text-left"><?php echo $column_sku; ?></td>
			]]></add>
		</operation>
		<operation>
			<search><![CDATA[
				<td class="text-left"><?php echo $product['model']; ?></td>
			]]></search>
			<add position="after"><![CDATA[
				<td class="text-left"><?php echo $product['sku']; ?></td>
			]]></add>
		</operation>
	</file>
	<file path="catalog/language/ru*/checkout/cart.php">
		<operation>
			<search><![CDATA[
				$_['column_model']
			]]></search>
			<add position="before"><![CDATA[
				$_['column_sku']               = 'Артикул';
			]]></add>
		</operation>
	</file>
	<file path="catalog/language/en*/checkout/cart.php">
		<operation>
			<search><![CDATA[
				$_['column_model']
			]]></search>
			<add position="before"><![CDATA[
				$_['column_sku']              = 'SKU';
			]]></add>
		</operation>
	</file>
	<!-- END: добавление SKU в модуль Octemplates Fast order -->

	<file path="system/library/cart/cart.php">
		<operation>
			<search><![CDATA[
				$product_data[] = array(
			]]></search>
			<add position="after"><![CDATA[
				'sku'             => $product_query->row['sku'],
			]]></add>
		</operation>
	</file>
	<!-- ADD: Для  версий OC < v2.2.0.0 -->
	<file path="system/library/cart.php">
		<operation>
			<search><![CDATA[
				$product_data[] = array(
			]]></search>
			<add position="after"><![CDATA[
				'sku'             => $product_query->row['sku'],
			]]></add>
		</operation>
	</file>
	<!-- END: Для  версий OC < v2.2.0.0 -->
	<file path="catalog/language/ru*/checkout/cart.php">
		<operation>
			<search><![CDATA[
				$_['column_model']
			]]></search>
			<add position="before"><![CDATA[
				$_['column_sku']               = 'Артикул';
			]]></add>
		</operation>
	</file>
	<file path="catalog/language/en*/checkout/cart.php">
		<operation>
			<search><![CDATA[
				$_['column_model']
			]]></search>
			<add position="before"><![CDATA[
				$_['column_sku']              = 'SKU';
			]]></add>
		</operation>
	</file>
<!-- END: Вывод артикула в корзине -->

<!-- ADD: Вывод артикула в подтверждение заказа -->
	<file path="catalog/controller/checkout/confirm.php">
		<operation>
			<search><![CDATA[
				$order_data['products'][] = array(
			]]></search>
			<add position="after"><![CDATA[
				'sku'        => $product['sku'],
			]]></add>
		</operation>
		<operation>
			<search><![CDATA[
				$data['products'][] = array(
			]]></search>
			<add position="after"><![CDATA[
				'sku'        => $product['sku'],
			]]></add>
		</operation>
		<operation>
			<search><![CDATA[
				$data['column_model'] = $this->language->get('column_model');
			]]></search>
			<add position="after"><![CDATA[
				$data['column_sku'] = $this->language->get('column_sku');
			]]></add>
		</operation>
	</file>
	<file path="catalog/view/theme/*/template/checkout/confirm.tpl">
		<operation>
			<search><![CDATA[
				<td class="text-left"><?php echo $column_model; ?></td>
			]]></search>
			<add position="after"><![CDATA[
				<td class="text-left"><?php echo $column_sku; ?></td>
			]]></add>
		</operation>
		<operation>
			<search><![CDATA[
				<td class="text-left"><?php echo $product['model']; ?></td>
			]]></search>
			<add position="after"><![CDATA[
				<td class="text-left"><?php echo $product['sku']; ?></td>
			]]></add>
		</operation>
		<operation>
			<search><![CDATA[
				<td colspan="4" class="text-right"><strong><?php echo $total['title']; ?>:</strong></td>
			]]></search>
			<add position="replace"><![CDATA[
				<td colspan="5" class="text-right"><strong><?php echo $total['title']; ?>:</strong></td>
			]]></add>
		</operation>
	</file>
	<file path="catalog/language/ru*/checkout/checkout.php">
		<operation>
			<search><![CDATA[
				$_['column_model']
			]]></search>
			<add position="before"><![CDATA[
				$_['column_sku']              = 'Артикул';
			]]></add>
		</operation>
	</file>
	<file path="catalog/language/en*/checkout/checkout.php">
		<operation>
			<search><![CDATA[
				$_['column_model']
			]]></search>
			<add position="before"><![CDATA[
				$_['column_sku']              = 'SKU';
			]]></add>
		</operation>
	</file>
<!-- END: Вывод артикула в подтверждение заказа -->

<!-- ADD: Вывод артикула в истории заказов -->
	<file path="catalog/controller/account/order.php">
		<operation>
			<search><![CDATA[
				$data['column_model'] = $this->language->get('column_model');
			]]></search>
			<add position="after"><![CDATA[
				$data['column_sku'] = $this->language->get('column_sku');
			]]></add>
		</operation>
		<operation>
			<search><![CDATA[
				$data['products'][] = array(
			]]></search>
			<add position="after"><![CDATA[
				'sku'      => $product_info['sku'],
			]]></add>
		</operation>
	</file>
	<file path="catalog/view/theme/*/template/account/order_info.tpl">
		<operation>
			<search><![CDATA[
				<td class="text-left"><?php echo $column_model; ?></td>
			]]></search>
			<add position="after"><![CDATA[
				<td class="text-left"><?php echo $column_sku; ?></td>
			]]></add>
		</operation>
		<operation>
			<search><![CDATA[
				<td class="text-left"><?php echo $product['model']; ?></td>
			]]></search>
			<add position="after"><![CDATA[
				<td class="text-left"><?php echo $product['sku']; ?></td>
			]]></add>
		</operation>
		<operation>
			<search><![CDATA[
				<td colspan="3"></td>
			]]></search>
			<add position="replace"><![CDATA[
				<td colspan="4"></td>
			]]></add>
		</operation>
	</file>
	<file path="catalog/language/ru*/account/order.php">
		<operation>
			<search><![CDATA[
				$_['column_model']
			]]></search>
			<add position="before"><![CDATA[
				$_['column_sku']               = 'Артикул';
			]]></add>
		</operation>
	</file>
	<file path="catalog/language/en*/account/order.php">
		<operation>
			<search><![CDATA[
				$_['column_model']
			]]></search>
			<add position="before"><![CDATA[
				$_['column_sku']              = 'SKU';
			]]></add>
		</operation>
	</file>
<!-- END: Вывод артикула в истории заказов -->

<!-- ADD: Вывод артикула в товарах админки -->
	<file path="admin/controller/catalog/product.php">
		<operation>
			<search><![CDATA[
				$data['products'][] = array(
			]]></search>
			<add position="after"><![CDATA[
				'sku'        => $result['sku'],
			]]></add>
		</operation>
		<operation>
			<search><![CDATA[
				$json[] = array(
			]]></search>
			<add position="after"><![CDATA[
				'sku'        => $result['sku'],
			]]></add>
		</operation>
		<operation>
			<search><![CDATA[
				$data['column_model'] = $this->language->get('column_model');
			]]></search>
			<add position="after"><![CDATA[
				$data['column_sku'] = $this->language->get('column_sku');
			]]></add>
		</operation>
		<operation>
			<search><![CDATA[
				$data['entry_model'] = $this->language->get('entry_model');
			]]></search>
			<add position="after"><![CDATA[
				$data['entry_sku'] = $this->language->get('entry_sku');
			]]></add>
		</operation>
		<operation>
			<search><![CDATA[
				$data['sort_model'] = $this->url->link('catalog/product', 'token=' . $this->session->data['token'] . '&sort=p.model' . $url, true);
			]]></search>
			<add position="after"><![CDATA[
				$data['sort_sku'] = $this->url->link('catalog/product', 'token=' . $this->session->data['token'] . '&sort=p.sku' . $url, true);
			]]></add>
		</operation>
		<operation>
			<search><![CDATA[
				$url .= '&filter_model=' . urlencode(html_entity_decode($this->request->get['filter_model'], ENT_QUOTES, 'UTF-8'));
			]]></search>
			<add position="after" offset="1"><![CDATA[
				if (isset($this->request->get['filter_sku'])) {
					$url .= '&filter_sku=' . urlencode(html_entity_decode($this->request->get['filter_sku'], ENT_QUOTES, 'UTF-8'));
				}
			]]></add>
		</operation>
		<operation>
			<search><![CDATA[
				protected function getList() {
			]]></search>
			<add position="after"><![CDATA[
				if (isset($this->request->get['filter_sku'])) {
					$filter_sku = $this->request->get['filter_sku'];
				} else {
					$filter_sku = null;
				}
			]]></add>
		</operation>
		<operation>
			<search index="1"><![CDATA[
				$filter_model = $this->request->get['filter_model'];
			]]></search>
			<add position="after" offset="3"><![CDATA[
				if (isset($this->request->get['filter_sku'])) {
					$filter_sku = $this->request->get['filter_sku'];
				} else {
					$filter_sku = '';
				}
			]]></add>
		</operation>
		<operation>
			<search><![CDATA[
				$filter_data = array(
			]]></search>
			<add position="after"><![CDATA[
				'filter_sku' => $filter_sku,
			]]></add>
		</operation>
		<operation>
			<search><![CDATA[
				if (isset($this->request->get['filter_name']) || isset($this->request->get['filter_model'])) {
			]]></search>
			<add position="replace"><![CDATA[
				if (isset($this->request->get['filter_name']) || isset($this->request->get['filter_model']) || isset($this->request->get['filter_sku'])) {
			]]></add>
		</operation>
		<operation>
			<search><![CDATA[
				$data['filter_model'] = $filter_model;
			]]></search>
			<add position="after"><![CDATA[
				$data['filter_sku'] = $filter_sku;
			]]></add>
		</operation>
	</file>
	<file path="admin/view/template/catalog/product_list.tpl">
		<operation>
			<search index="1"><![CDATA[
				<div class="col-sm-4">
			]]></search>
			<add position="before" offset="1"><![CDATA[
				  <div class="form-group">
					<label class="control-label" for="input-sku"><?php echo $entry_sku; ?></label>
					<input type="text" name="filter_sku" value="<?php echo $filter_sku; ?>" placeholder="<?php echo $entry_sku; ?>" id="input-sku" class="form-control" />
				  </div>
			]]></add>
		</operation>
		<operation>
			<search><![CDATA[
				<td class="text-right"><?php if ($sort == 'p.price') { ?>
			]]></search>
			<add position="before"><![CDATA[
				<td class="text-left"><?php if ($sort == 'p.sku') { ?>
					<a href="<?php echo $sort_sku; ?>" class="<?php echo strtolower($order); ?>"><?php echo $column_sku; ?></a>
					<?php } else { ?>
					<a href="<?php echo $sort_sku; ?>"><?php echo $column_sku; ?></a>
					<?php } ?></td>
			]]></add>
		</operation>
		<operation>
			<search><![CDATA[
				<td class="text-left"><?php echo $product['model']; ?></td>
			]]></search>
			<add position="after"><![CDATA[
				<td class="text-left"><?php echo $product['sku']; ?></td>
			]]></add>
		</operation>
		<operation>
			<search><![CDATA[
				var filter_price = $('input[name=\'filter_price\']').val();
			]]></search>
			<add position="before"><![CDATA[
				var filter_sku = $('input[name=\'filter_sku\']').val();

				if (filter_sku) {
					url += '&filter_sku=' + encodeURIComponent(filter_sku);
				}
			]]></add>
		</operation>
		<operation>
			<search><![CDATA[
				//--></script></div>
			]]></search>
			<add position="before"><![CDATA[
$('input[name=\'filter_sku\']').autocomplete({
	'source': function(request, response) {
		$.ajax({
			url: 'index.php?route=catalog/product/autocomplete&token=<?php echo $token; ?>&filter_sku=' +  encodeURIComponent(request),
			dataType: 'json',
			success: function(json) {
				response($.map(json, function(item) {
					return {
						label: item['sku'],
						value: item['product_id']
					}
				}));
			}
		});
	},
	'select': function(item) {
		$('input[name=\'filter_sku\']').val(item['label']);
	}
});
			]]></add>
		</operation>
	</file>
	<file path="admin/model/catalog/product.php">
		<operation>
			<search><![CDATA[
				'p.model',
			]]></search>
			<add position="after"><![CDATA[
				'p.sku',
			]]></add>
		</operation>
		<operation>
			<search><![CDATA[
				if (isset($data['filter_price']) && !is_null($data['filter_price'])) {
			]]></search>
			<add position="before"><![CDATA[
				if (!empty($data['filter_sku'])) {
					$sql .= " AND p.sku LIKE '" . $this->db->escape($data['filter_sku']) . "%'";
				}
			]]></add>
		</operation>
	</file>
	<file path="admin/language/ru*/catalog/product.php">
		<operation>
			<search><![CDATA[
				$_['column_model']
			]]></search>
			<add position="before"><![CDATA[
				$_['column_sku']               = 'Артикул';
			]]></add>
		</operation>
	</file>
	<file path="admin/language/en*/catalog/product.php">
		<operation>
			<search><![CDATA[
				$_['column_model']
			]]></search>
			<add position="before"><![CDATA[
				$_['column_sku']              = 'SKU';
			]]></add>
		</operation>
	</file>
<!-- END: Вывод артикула в товарах админки -->

<!-- ADD: Вывод артикула в заказах админки -->
	<file path="admin/controller/sale/order.php">
		<operation>
			<search limit="3"><![CDATA[
				$data['column_product'] = $this->language->get('column_product');
			]]></search>
			<add position="after"><![CDATA[
				$data['column_sku'] = $this->language->get('column_sku');
			]]></add>
		</operation>
		<operation>                 
			<search index="0,1"><![CDATA[
				$this->load->model('tool/upload');
			]]></search>
			<add position="after"><![CDATA[
				$this->load->model('catalog/product');
			]]></add>
		</operation>
		<operation>                 
			<search index="1,2"><![CDATA[
				foreach ($products as $product)
			]]></search>
			<add position="after"><![CDATA[
				$product_info = $this->model_catalog_product->getProduct($product['product_id']);
			]]></add>
		</operation>
		<operation>                 
			<search index="0"><![CDATA[
				foreach ($products as $product) {
			]]></search>
			<add position="before"><![CDATA[
				$this->load->model('catalog/product');
			]]></add>
		</operation>
		<operation>                 
			<search index="0"><![CDATA[
				foreach ($products as $product) {
			]]></search>
			<add position="after"><![CDATA[
				$product_info = $this->model_catalog_product->getProduct($product['product_id']);
			]]></add>
		</operation>
		<operation>
			<search><![CDATA[
				$data['order_products'][] = array(
			]]></search>
			<add position="after"><![CDATA[
				'sku'        => $product_info['sku'],
			]]></add>
		</operation>
		<operation>
			<search><![CDATA[
				$data['products'][] = array(
			]]></search>
			<add position="after"><![CDATA[
				'sku'    		   => $product_info['sku'],
			]]></add>
		</operation>
		<operation>
			<search index = "0"><![CDATA[
				$product_data[] = array(
			]]></search>
			<add position="after"><![CDATA[
				'sku'      => $product_info['sku'],
			]]></add>
		</operation>
	</file>
	<file path="catalog/controller/api/cart.php">
		<operation>                 
			<search><![CDATA[
				$products = $this->cart->getProducts();
			]]></search>
			<add position="after"><![CDATA[
				$this->load->model('catalog/product');
			]]></add>
		</operation>
		<operation>                 
			<search><![CDATA[
				foreach ($products as $product) {
			]]></search>
			<add position="after"><![CDATA[
				$product_info = $this->model_catalog_product->getProduct($product['product_id']);
			]]></add>
		</operation>
		<operation>                 
			<search><![CDATA[
				$json['products'][] = array(
			]]></search>
			<add position="after"><![CDATA[
				'sku'      => $product_info['sku'],
			]]></add>
		</operation>
	</file>
	<file path="admin/view/template/sale/order_invoice.tpl">
		<operation>
			<search><![CDATA[
				<td><b><?php echo $column_model; ?></b></td>
			]]></search>
			<add position="after"><![CDATA[
				<td><b><?php echo $column_sku; ?></b></td>
			]]></add>
		</operation>
		<operation>
			<search><![CDATA[
				<td><?php echo $product['model']; ?></td>
			]]></search>
			<add position="after"><![CDATA[
				<td><?php echo $product['sku']; ?></td>
			]]></add>
		</operation>
		<operation>
			<search><![CDATA[
				<td class="text-right" colspan="4"><b><?php echo $total['title']; ?></b></td>
			]]></search>
			<add position="replace"><![CDATA[
				<td class="text-right" colspan="5"><b><?php echo $total['title']; ?></b></td>
			]]></add>
		</operation>
	</file>
	<file path="admin/view/template/sale/order_info.tpl">
		<operation>
			<search><![CDATA[
				<td class="text-left"><?php echo $column_model; ?></td>
			]]></search>
			<add position="after"><![CDATA[
				<td class="text-left"><?php echo $column_sku; ?></td>
			]]></add>
		</operation>
		<operation>
			<search><![CDATA[
				<td class="text-left"><?php echo $product['model']; ?></td>
			]]></search>
			<add position="after"><![CDATA[
				<td class="text-left"><?php echo $product['sku']; ?></td>
			]]></add>
		</operation>
		<operation>
			<search><![CDATA[
				<td colspan="4" class="text-right"><?php echo $total['title']; ?></td>
			]]></search>
			<add position="replace"><![CDATA[
				<td colspan="5" class="text-right"><?php echo $total['title']; ?></td>
			]]></add>
		</operation>
	</file>
	<file path="admin/view/template/sale/order_form.tpl">
		<operation>
			<search><![CDATA[
				<td class="text-left"><?php echo $column_model; ?></td>
			]]></search>
			<add position="after"><![CDATA[
				<td class="text-left"><?php echo $column_sku; ?></td>
			]]></add>
		</operation>
		<operation>
			<search><![CDATA[
				<td class="text-left"><?php echo $order_product['model']; ?></td>
			]]></search>
			<add position="after"><![CDATA[
				<td class="text-left"><?php echo $order_product['sku']; ?></td>
			]]></add>
		</operation>
		<operation>
			<search><![CDATA[
				html += '  <td class="text-left">' + product['model'] + '</td>';
			]]></search>
			<add position="after"><![CDATA[
				html += '  <td class="text-left">' + product['sku'] + '</td>';
			]]></add>
		</operation>
		<operation>
			<search><![CDATA[
				html += '  <td class="text-right" colspan="4">' + total['title'] + ':</td>';
			]]></search>
			<add position="replace"><![CDATA[
				html += '  <td class="text-right" colspan="5">' + total['title'] + ':</td>';
			]]></add>
		</operation>
		<operation>
			<search><![CDATA[
				model: item['model'],
			]]></search>
			<add position="after"><![CDATA[
				sku: item['sku'],
			]]></add>
		</operation>
	</file>	
	<file path="admin/language/ru*/sale/order.php">
		<operation>
			<search><![CDATA[
				$_['column_product']
			]]></search>
			<add position="before"><![CDATA[
				$_['column_sku']                              = 'Артикул';
			]]></add>
		</operation>
	</file>
	<file path="admin/language/en*/sale/order.php">
		<operation>
			<search><![CDATA[
				$_['column_product']
			]]></search>
			<add position="before"><![CDATA[
				$_['column_sku']                              = 'SKU';
			]]></add>
		</operation>
	</file>
<!-- END: Вывод артикула в заказах админки -->

<!-- ADD: Вывод артикула в e-mail -->
	<file path="catalog/model/checkout/order.php">
		<operation>                 
			<search><![CDATA[
				$data['text_model'] = $language->get('text_new_model');
			]]></search>
			<add position="after"><![CDATA[
				$data['text_sku'] = $language->get('text_new_sku');
			]]></add>
		</operation>
		<operation>                 
			<search><![CDATA[
				$this->load->model('tool/upload');
			]]></search>
			<add position="after"><![CDATA[
				$this->load->model('catalog/product');
			]]></add>
		</operation>
		<operation>                 
			<search index="0"><![CDATA[
				foreach ($order_product_query->rows as $product) {
			]]></search>
			<add position="after"><![CDATA[
				$product_info = $this->model_catalog_product->getProduct($product['product_id']);
			]]></add>
		</operation>
		<operation>                 
			<search><![CDATA[
				$data['products'][] = array(
			]]></search>
			<add position="after"><![CDATA[
				'sku'      => $product_info['sku'],
			]]></add>
		</operation>
	</file>
	<file path="catalog/view/theme/*/template/mail/order.tpl">
		<operation>
			<search><![CDATA[
				<td style="font-size: 12px; border-right: 1px solid #DDDDDD; border-bottom: 1px solid #DDDDDD; background-color: #EFEFEF; font-weight: bold; text-align: left; padding: 7px; color: #222222;"><?php echo $text_model; ?></td>
			]]></search>
			<add position="after"><![CDATA[
				<td style="font-size: 12px; border-right: 1px solid #DDDDDD; border-bottom: 1px solid #DDDDDD; background-color: #EFEFEF; font-weight: bold; text-align: left; padding: 7px; color: #222222;"><?php echo $text_sku; ?></td>
			]]></add>
		</operation>
		<operation>
			<search><![CDATA[
				<td style="font-size: 12px;	border-right: 1px solid #DDDDDD; border-bottom: 1px solid #DDDDDD; text-align: left; padding: 7px;"><?php echo $product['model']; ?></td>
			]]></search>
			<add position="after"><![CDATA[
				<td style="font-size: 12px;	border-right: 1px solid #DDDDDD; border-bottom: 1px solid #DDDDDD; text-align: left; padding: 7px;"><?php echo $product['sku']; ?></td>
			]]></add>
		</operation>
		<operation>
			<search><![CDATA[
				<td style="font-size: 12px;	border-right: 1px solid #DDDDDD; border-bottom: 1px solid #DDDDDD; text-align: right; padding: 7px;" colspan="4"><b><?php echo $total['title']; ?>:</b></td>
			]]></search>
			<add position="replace"><![CDATA[
				<td style="font-size: 12px;	border-right: 1px solid #DDDDDD; border-bottom: 1px solid #DDDDDD; text-align: right; padding: 7px;" colspan="5"><b><?php echo $total['title']; ?>:</b></td>
			]]></add>
		</operation>
	</file>
	<file path="catalog/language/ru*/mail/order.php">
		<operation>
			<search><![CDATA[
				$_['text_new_model']
			]]></search>
			<add position="before"><![CDATA[
				$_['text_new_sku']              = 'Артикул';
			]]></add>
		</operation>
	</file>
	<file path="catalog/language/en*/mail/order.php">
		<operation>
			<search><![CDATA[
				$_['text_new_model']
			]]></search>
			<add position="before"><![CDATA[
				$_['text_new_sku']              = 'SKU';
			]]></add>
		</operation>
	</file>
<!-- END: Вывод артикула в e-mail -->
</modification>