<?xml version="1.0" encoding="utf-8"?>
<modification>
    <name>Image Zoom</name>
    <version>1.0</version>
    <author>opencart2x.ru</author>
    <link>https://opencart2x.ru</link>
    <code>ImageZoomOC2</code>
    <file path="catalog/view/theme/*/template/common/header.tpl">
        <operation>
            <search>
				<![CDATA[
					</head>
				]]>
			</search>
            <add position="before"><![CDATA[
				<script src="catalog/view/javascript/jquery.zoom.min.js" type="text/javascript"></script>
				<script>
					$(document).ready(function(){
						$('.product_zoom').zoom();
					});
				</script>
				<style>
					/* zoooooooooooom */
					.product_zoom {
						position:relative;
					}
				</style>
            ]]></add>
        </operation>
    </file>
    <file path="catalog/controller/product/category.php">
        <operation>
            <search>
				<![CDATA[
					$results = $this->model_catalog_product->getProducts($filter_data);
				]]>
			</search>
            <add position="after">
				<![CDATA[
					$data['product_image_width'] = $this->config->get('config_image_product_width');
					$data['product_image_height'] = $this->config->get('config_image_product_height');
				]]>
			</add>
        </operation>
        <operation>
            <search>
				<![CDATA[
					$image = $this->model_tool_image->resize($result['image'], $this->config->get('config_image_product_width'), $this->config->get('config_image_product_height'));
				]]>
			</search>
            <add position="replace">
				<![CDATA[
					$image = $this->model_tool_image->resize($result['image'], $this->config->get('config_image_product_width')*2, $this->config->get('config_image_product_height')*2);
				]]>
			</add>
        </operation>		
    </file>
    <file path="catalog/controller/module/{latest,bestseller,special}*.php">
        <operation error="skip">
            <search>
				<![CDATA[
					$data['heading_title'] = $this->language->get('heading_title');
				]]>
			</search>
            <add position="after">
				<![CDATA[
					$data['product_image_width'] =  $setting['width'];
					$data['product_image_height'] = $setting['height'];
				]]>
			</add>
        </operation>
        <operation error="skip">
            <search>
				<![CDATA[
					$image = $this->model_tool_image->resize($result['image'], $setting['width'], $setting['height']);
				]]>
			</search>
            <add position="replace">
				<![CDATA[
					$image = $this->model_tool_image->resize($result['image'], $setting['width']*2, $setting['height']*2);
				]]>
			</add>
        </operation>		
    </file>
    <file path="catalog/controller/module/featured.php">
        <operation error="skip">
            <search>
				<![CDATA[
					$data['heading_title'] = $this->language->get('heading_title');
				]]>
			</search>
            <add position="after">
				<![CDATA[
					$data['product_image_width'] =  $setting['width'];
					$data['product_image_height'] = $setting['height'];
				]]>
			</add>
        </operation>
        <operation error="skip">
            <search>
				<![CDATA[
					$image = $this->model_tool_image->resize($product_info['image'], $setting['width'], $setting['height']);
				]]>
			</search>
            <add position="replace">
				<![CDATA[
					$image = $this->model_tool_image->resize($product_info['image'], $setting['width']*2, $setting['height']*2);
				]]>
			</add>
        </operation>		
    </file>				
    <file path="catalog/view/theme/*/template/product/category.tpl">
        <operation error="skip">
            <search>
				<![CDATA[
					<div class="image"><a href="<?php echo $product['href']; ?>"><img src="<?php echo $product['thumb']; ?>" alt="<?php echo $product['name']; ?>" title="<?php echo $product['name']; ?>" class="img-responsive" /></a></div>
				]]>
			</search>
            <add position="replace">
				<![CDATA[
					<div class="image"><a href="<?php echo $product['href']; ?>" class="product_zoom"><img src="<?php echo $product['thumb']; ?>" alt="<?php echo $product['name']; ?>" title="<?php echo $product['name']; ?>" class="img-responsive" style="max-height:<?php echo $product_image_height; ?>px; width:auto;" /></a></div>
				]]>
			</add>
        </operation>
    </file>	
    <file path="catalog/view/theme/*/template/module/{latest,featured,bestseller,special}*.tpl">
        <operation error="skip">
            <search>
				<![CDATA[
					<div class="image"><a href="<?php echo $product['href']; ?>"><img src="<?php echo $product['thumb']; ?>" alt="<?php echo $product['name']; ?>" title="<?php echo $product['name']; ?>" class="img-responsive" /></a></div>
				]]>
			</search>
            <add position="replace">
				<![CDATA[
					<div class="image"><a href="<?php echo $product['href']; ?>" class="product_zoom"><img src="<?php echo $product['thumb']; ?>" alt="<?php echo $product['name']; ?>" title="<?php echo $product['name']; ?>" class="img-responsive" style="max-height:<?php echo $product_image_height; ?>px; width:auto;" /></a></div>
				]]>
			</add>
        </operation>
    </file>	
</modification>
