<?xml version="1.0" encoding="UTF-8"?>
<modification>
    <name>Attach File in Order History</name>
    <code>ufaioh_1.1</code>
    <version>1.1</version>
    <author>opencart2x.ru</author>
	<link>https://opencart2x.ru</link>
	
    <file path="catalog/view/theme/*/template/account/order_info.tpl">
        <operation>
            <search><![CDATA[
				<td class="text-left"><?php echo $column_comment; ?></td>
			]]></search>
            <add position="after"><![CDATA[
                <td class="text-right"><?php echo $download; ?></td>
           ]]></add>
        </operation>

		<operation>
            <search><![CDATA[
				<td class="text-left"><?php echo $history['comment']; ?></td>
			]]></search>
            <add position="after"><![CDATA[
                <?php if($history['filename']) { ?>
					<?php /* <td class="text-right"><a target="_blank" href="<?php echo $history['filename']; ?>" class="button"><?php echo $download_attachment; ?></a></td> */ ?>
					<td class="text-right">
					<a target="_blank" class="btn btn-primary" data-toggle="tooltip" href="<?php echo $history['filename']; ?>" data-original-title="Скачать файл"><i class="fa fa-download"></i></a>
					</td>
				<?php } else { ?>
					<td class="text-right"><?php echo $no_file; ?></td>
				<?php } ?>
            ]]></add>
        </operation>
		<!-- <operation>
            <search><![CDATA[
				<td class="text-center" colspan="4"><?php echo $text_no_results; ?></td>
			]]></search>
            <add position="replace"><![CDATA[
                <td class="text-center" colspan="5"><?php echo $text_no_results; ?></td>
            ]]></add>
        </operation> -->
		
    </file>
	
    <file path="catalog/controller/account/order.php">
        <operation>
            <search><![CDATA[
				$data['histories'][] = array(
			]]></search>
            <add position="before"><![CDATA[
                if ($result['filename']) {
					$filename = HTTP_SERVER . 'system/storage/download/' . $result['filename'];
				} else {
					$filename = '';
				}
            ]]></add>
        </operation>

		<operation>
            <search><![CDATA[
				'comment'    => $result['notify'] ? nl2br($result['comment']) : ''
			]]></search>
            <add position="before"><![CDATA[
				'filename'    => $filename,
            ]]></add>
        </operation>
		
		<operation>
            <search><![CDATA[
				$results = $this->model_account_order->getOrderHistories($this->request->get['order_id']);
			]]></search>
            <add position="before"><![CDATA[
				$data['download'] = $this->language->get('download');
				$data['download_attachment'] = $this->language->get('download_attachment');
				$data['no_file'] = $this->language->get('no_file');
            ]]></add>
        </operation>
		
    </file>
	
    <file path="catalog/language/{en-gb,english}/account/order.php">
		<operation>
            <search><![CDATA[
				$_['error_reorder']
			]]></search>
            <add position="before"><![CDATA[
				$_['download']       		  		= 'Download';
				$_['download_attachment']         	= 'Download Attachment';
				$_['no_file']         				= 'No Attachment';
            ]]></add>
        </operation>
    </file>
  	<file path="catalog/language/{ru-ru,russian}/account/order.php">
		<operation>
            <search><![CDATA[
				$_['error_reorder']
			]]></search>
            <add position="before"><![CDATA[
				$_['download']       		  		= 'Файлы';
				$_['download_attachment']         	= 'Скачать вложение';
				$_['no_file']         				= 'Без вложений';
            ]]></add>
        </operation>
    </file>
	
    <file path="admin/language/{en-gb,english}/sale/order.php">
		<operation>
            <search><![CDATA[
				$_['error_action']
			]]></search>
            <add position="before"><![CDATA[
				$_['download']       		  		= 'Download';
				$_['download_attachment']         	= 'Download Attachment';
				$_['no_file']         				= 'No Attachment';
				$_['filename']         				= 'Attachment';
				$_['upload']         				= 'Upload';
				$_['text_emailattachment']        	= 'Email File Attachment Method:';
				$_['text_emailattachment_1']        = 'Send as link';
				$_['text_emailattachment_2']        = 'Send as attachment';
				$_['text_emailattachment_3']        = 'Both';
            ]]></add>
        </operation>
    </file>
  	<file path="admin/language/{ru-ru,russian}/sale/order.php">
		<operation>
            <search><![CDATA[
				$_['error_action']
			]]></search>
            <add position="before"><![CDATA[
				$_['download']       		  		= 'Файлы';
				$_['download_attachment']         	= 'Скачать вложение';
				$_['no_file']         				= 'Без вложений';
				$_['filename']         				= 'Файл';
				$_['upload']         				= 'Загрузить';
				$_['text_emailattachment']        	= 'Прикрепление файла к письму:';
				$_['text_emailattachment_1']        = 'Как ссылка';
				$_['text_emailattachment_2']        = 'Как прикрепленный файл';
				$_['text_emailattachment_3']        = 'И то и другое';
            ]]></add>
        </operation>
    </file>
	
    <file path="admin/model/sale/order.php">
        <operation>
            <search><![CDATA[
				$query = $this->db->query("SELECT oh.date_added, os.name AS status, oh.comment, oh.notify FROM " . DB_PREFIX . "order_history oh LEFT JOIN " . DB_PREFIX . "order_status os ON oh.order_status_id = os.order_status_id WHERE oh.order_id = '" . (int)$order_id . "' AND os.language_id = '" . (int)$this->config->get('config_language_id') . "' ORDER BY oh.date_added ASC LIMIT " . (int)$start . "," . (int)$limit);
			]]></search>
            <add position="replace"><![CDATA[
				$query = $this->db->query("SELECT oh.date_added, os.name AS status, oh.comment, oh.filename, oh.notify FROM " . DB_PREFIX . "order_history oh LEFT JOIN " . DB_PREFIX . "order_status os ON oh.order_status_id = os.order_status_id WHERE oh.order_id = '" . (int)$order_id . "' AND os.language_id = '" . (int)$this->config->get('config_language_id') . "' ORDER BY oh.date_added DESC LIMIT " . (int)$start . "," . (int)$limit);
            ]]></add>
        </operation>
    </file>
	
    <file path="admin/view/template/sale/order_history.tpl">
        <operation>
            <search><![CDATA[
				<td class="text-left"><?php echo $column_notify; ?></td>
			]]></search>
            <add position="after"><![CDATA[
				<td class="text-right"><?php echo $download; ?></td>
            ]]></add>
        </operation>
		<operation>
            <search><![CDATA[
				<td class="text-left"><?php echo $history['notify']; ?></td>
			]]></search>
            <add position="after"><![CDATA[
				<?php if($history['filename']) { ?>
					<td class="text-right"><a  target="_blank" href="<?php echo $history['filename']; ?>" class="button"><?php echo $download_attachment; ?></a></td>
				<?php } else { ?>
					<td class="text-right"><?php echo $no_file; ?></td>
				<?php } ?>
            ]]></add>
        </operation>
		
		<operation>
            <search><![CDATA[
				<td class="text-center" colspan="4"><?php echo $text_no_results; ?></td>
			]]></search>
            <add position="replace"><![CDATA[
                <td class="text-center" colspan="5"><?php echo $text_no_results; ?></td>
            ]]></add>
        </operation>
    </file>
	
    <file path="admin/view/template/sale/order_info.tpl">
        <operation>
            <search><![CDATA[
				</form>
			]]></search>
            <add position="before" index="1"><![CDATA[
				 <div class="form-group">
					<label class="col-sm-2 control-label" for="input-filename"><?php echo $filename; ?></label>
					<div class="col-sm-10">
					  <div class="input-group">
						<input type="text" readonly name="filename" value="" placeholder="Название файла" id="input-filename" class="form-control" />
						<span class="input-group-btn">
						<button type="button" id="button-upload" data-loading-text="<?php echo $text_loading; ?>" class="btn btn-primary"><i class="fa fa-upload"></i><?php echo $upload; ?></button>
						</span> </div>
					</div>
				</div>
				
				 <div class="form-group">
					<label class="col-sm-2 control-label" for="input-emailattachment"><?php echo $text_emailattachment; ?></label>
					<div class="col-sm-10">
					  <div class="input-group">
						<select class="form-control" id="input-emailattachment" name="emailattachment">
						<option value="1" selected><?php echo $text_emailattachment_1; ?></option>
						<option value="2"><?php echo $text_emailattachment_2; ?></option>
						<option value="3"><?php echo $text_emailattachment_3; ?></option>
						</select>
					  </div>
					</div>
				</div>
				
            ]]></add>
        </operation>
		
		<operation>
            <search><![CDATA[
				data: 'order_status_id=' + encodeURIComponent($('select[name=\'order_status_id\']').val()) + '&notify=' + ($('input[name=\'notify\']').prop('checked') ? 1 : 0) + '&override=' + ($('input[name=\'override\']').prop('checked') ? 1 : 0) + '&append=' + ($('input[name=\'append\']').prop('checked') ? 1 : 0) + '&comment=' + encodeURIComponent($('textarea[name=\'comment\']').val()),
			]]></search>
            <add position="replace"><![CDATA[
				data: 'order_status_id=' + encodeURIComponent($('select[name=\'order_status_id\']').val()) + '&notify=' + ($('input[name=\'notify\']').prop('checked') ? 1 : 0) + '&override=' + ($('input[name=\'override\']').prop('checked') ? 1 : 0) + '&append=' + ($('input[name=\'append\']').prop('checked') ? 1 : 0) + '&comment=' + encodeURIComponent($('textarea[name=\'comment\']').val()) + '&filename=' + encodeURIComponent($('input[name=\'filename\']').val()) + '&emailattachment=' + encodeURIComponent($('select[name=\'emailattachment\']').val()),
            ]]></add>
        </operation>
		
		<operation>
            <search><![CDATA[
				$('textarea[name=\'comment\']').val('');
			]]></search>
            <add position="after"><![CDATA[
				$('input[name=\'filename\']').val('');
				$('select[name=\'emailattachment\']').val(1);
            ]]></add>
        </operation>
		
		<operation>
            <search><![CDATA[
				//--></script>
			]]></search>
            <add position="replace"><![CDATA[
				//--></script>
				<script type="text/javascript"><!--
				$('#button-upload').on('click', function() {
					$('#form-upload').remove();
					
					$('body').prepend('<form enctype="multipart/form-data" id="form-upload" style="display: none;"><input type="file" name="file" /></form>');

					$('#form-upload input[name=\'file\']').trigger('click');
					
					timer = setInterval(function() {
						if ($('#form-upload input[name=\'file\']').val() != '') {
							clearInterval(timer);		
							
							$.ajax({
								url: 'index.php?route=sale/order/upload&token=<?php echo $token; ?>&order_id=<?php echo $order_id; ?>',
								type: 'post',		
								dataType: 'json',
								data: new FormData($('#form-upload')[0]),
								cache: false,
								contentType: false,
								processData: false,		
								beforeSend: function() {
									$('#button-upload').button('loading');
								},
								complete: function() {
									$('#button-upload').button('reset');
								},	
								success: function(json) {
									if (json['error']) {
										alert(json['error']);
									}
												
									if (json['success']) {
										alert(json['success']);
										
										/*$('input[name=\'filename\']').attr('value', json['filename']);*/
										$('input[name=\'filename\']').val( json['filename'] );
										/*$('input[name=\'mask\']').attr('value', json['mask']);*/
									}
								},			
								error: function(xhr, ajaxOptions, thrownError) {
									alert(thrownError + "\r\n" + xhr.statusText + "\r\n" + xhr.responseText);
								}
							});
						}
					}, 500);
				});
				//--></script>
            ]]></add>
        </operation>
    </file>
	
    <file path="admin/controller/sale/order.php">
        <operation>
            <search><![CDATA[
				$data['histories'][] = array(
			]]></search>
            <add position="before"><![CDATA[
                if ($result['filename']) {
					$filename = HTTP_CATALOG . 'system/storage/download/' . $result['filename'];
				} else {
					$filename = '';
				}
            ]]></add>
        </operation>

		<operation>
            <search><![CDATA[
				'comment'    => nl2br($result['comment']),
			]]></search>
            <add position="after"><![CDATA[
				'filename'    => $filename,
            ]]></add>
        </operation>
		
		<operation>
            <search><![CDATA[
				$data['help_override'] = $this->language->get('help_override');
			]]></search>
            <add position="after"><![CDATA[
			
				$data['filename'] = $this->language->get('filename');
				$data['upload'] = $this->language->get('upload');
				$data['text_emailattachment'] = $this->language->get('text_emailattachment');
				$data['text_emailattachment_1'] = $this->language->get('text_emailattachment_1');
				$data['text_emailattachment_2'] = $this->language->get('text_emailattachment_2');
				$data['text_emailattachment_3'] = $this->language->get('text_emailattachment_3');
				
            ]]></add>
        </operation>
		
		<operation>
            <search><![CDATA[
				$results = $this->model_sale_order->getOrderHistories($this->request->get['order_id'], ($page - 1) * 10, 10);
			]]></search>
            <add position="before"><![CDATA[
				$data['download'] = $this->language->get('download');
				$data['download_attachment'] = $this->language->get('download_attachment');
				$data['no_file'] = $this->language->get('no_file');
            ]]></add>
        </operation>
		
		<operation>
            <search><![CDATA[
				public function shipping() {
			]]></search>
            <add position="before"><![CDATA[
				public function upload() {
					$this->load->language('catalog/download');

					$json = array();
					
					if (isset($this->request->get['order_id'])) {
						$order_id = $this->request->get['order_id'];
					} else {
						$order_id = 0;
					}
					
					// Check user has permission
					if (!$this->user->hasPermission('modify', 'catalog/download')) {
						$json['error'] = $this->language->get('error_permission');
					}

					if (!$json) {
						if (!empty($this->request->files['file']['name']) && is_file($this->request->files['file']['tmp_name'])) {
							// Sanitize the filename
							$upload_filename = basename(html_entity_decode($this->request->files['file']['name'], ENT_QUOTES, 'UTF-8'));

							$filename = $this->rename($upload_filename);
							
							// Validate the filename length
							if ((utf8_strlen($filename) < 3) || (utf8_strlen($filename) > 128)) {
								$json['error'] = $this->language->get('error_filename');
							}

							// Allowed file extension types
							/* $allowed = array();

							$extension_allowed = "docx csv txt png jpe jpeg jpg gif bmp ico tiff tif svg svgz zip 7zip rar msi cab mp3 qt mov pdf psd ai eps ps doc rtf xls xlsx ppt odt ods";

							$filetypes = explode(" ", $extension_allowed);

							foreach ($filetypes as $filetype) {
								$allowed[] = trim($filetype);
							}

							if (!in_array(strtolower(substr(strrchr($filename, '.'), 1)), $allowed)) {
								$json['error'] = $this->language->get('error_filetype');
							} */

							// Allowed file mime types
							/* $allowed = array();

							$mime_allowed = "text/csv application/msword text/plain image/png image/jpeg image/gif image/bmp image/vnd.microsoft.icon image/tiff image/svg+xml application/zip application/x-rar-compressed application/x-msdownload application/vnd.ms-cab-compressed audio/mpeg video/quicktime application/pdf image/vnd.adobe.photoshop application/postscript application/msword application/rtf application/vnd.ms-excel application/vnd.ms-powerpoint application/vnd.oasis.opendocument.text application/vnd.oasis.opendocument.spreadsheet application/octet-stream"; 

							$filetypes = explode(" ", $mime_allowed);

							foreach ($filetypes as $filetype) {
								$allowed[] = trim($filetype);
							}

							if (!in_array($this->request->files['file']['type'], $allowed)) {
								$json['error'] = $this->language->get('error_filetype');
							} */

							// Check to see if any PHP files are trying to be uploaded
							/* $content = file_get_contents($this->request->files['file']['tmp_name']);

							if (preg_match('/\<\?php/i', $content)) {
								$json['error'] = $this->language->get('error_filetype');
							} */

							// Return any upload error
							if ($this->request->files['file']['error'] != UPLOAD_ERR_OK) {
								$json['error'] = $this->language->get('error_upload_' . $this->request->files['file']['error']);
							}
						} else {
							$json['error'] = $this->language->get('error_upload');
						}
					}

					if (!$json) {
						// $file = $filename . '.' . md5(mt_rand());
						$file = $order_id . '_' . date("Ymd_") . rand(100,99999) . '_' . $filename;

						move_uploaded_file($this->request->files['file']['tmp_name'], DIR_DOWNLOAD . $file);

						$json['filename'] = $file;
						$json['mask'] = $filename;

						$json['success'] = $this->language->get('text_upload');
					}

					$this->response->addHeader('Content-Type: application/json');
					$this->response->setOutput(json_encode($json));
				}

				private function rename($filename){			
				  $fileinfo = pathinfo($filename);
				  $ext = $fileinfo['extension'];
				  //$name = $fileinfo['filename']; // incorrect on hosting
				  $name = preg_replace("|.$ext|", '', $filename);	


				  $name = $this->clear_waste_chars( $this->translit_cyrillic_to_latina($name) );			
				  $ext = strtolower($ext);		
				  /* $ext = preg_replace(
					  array('|jpeg|'),
					  array('jpg'),
					  $ext
				  ); */

				  $filename = $name . "." . $ext;

				  return $filename;
			  }

			  function translit_cyrillic_to_latina($string, $gost=false) 
			  { 
				  // function from internet

				  if($gost) 
				  {
					  $replace = array(
						  "А"=>"A","а"=>"a","Б"=>"B","б"=>"b","В"=>"V","в"=>"v","Г"=>"G","г"=>"g","Д"=>"D","д"=>"d",
						  "Е"=>"E","е"=>"e","Ё"=>"E","ё"=>"e","Ж"=>"Zh","ж"=>"zh","З"=>"Z","з"=>"z",
						  "И"=>"I","и"=>"i", // russian translit
						  //"И"=>"Y","и"=>"y", // ukrainian translit
						  "Й"=>"I","й"=>"i","К"=>"K","к"=>"k","Л"=>"L","л"=>"l","М"=>"M","м"=>"m","Н"=>"N","н"=>"n","О"=>"O","о"=>"o",
						  "П"=>"P","п"=>"p","Р"=>"R","р"=>"r","С"=>"S","с"=>"s","Т"=>"T","т"=>"t","У"=>"U","у"=>"u","Ф"=>"F","ф"=>"f",
						  "Х"=>"H","х"=>"h","Ц"=>"Tc","ц"=>"tc","Ч"=>"Ch","ч"=>"ch","Ш"=>"Sh","ш"=>"sh","Щ"=>"Shch","щ"=>"shch",
						  "Ы"=>"Y","ы"=>"y","Э"=>"E","э"=>"e","Ю"=>"Iu","ю"=>"iu","Я"=>"Ia","я"=>"ia","ъ"=>"","ь"=>"",
						  "«"=>"", "»"=>"", "„"=>"", "“"=>"", "“"=>"", "”"=>"", "\•"=>"",
						  // ukrainian letters
						  "І"=>"I","і"=>"i",
						  "Ї"=>"Yi","ї"=>"yi",
						  "Є"=>"Ye","є"=>"ye",
					  );
				  } 
				  else 
				  { 
					  $arStrES = array("ае","уе","ое","ые","ие","эе","яе","юе","ёе","ее","ье","ъе","ый","ий");
					  $arStrOS = array("аё","уё","оё","ыё","иё","эё","яё","юё","ёё","её","ьё","ъё","ый","ий");        
					  $arStrRS = array("а$","у$","о$","ы$","и$","э$","я$","ю$","ё$","е$","ь$","ъ$","@","@");

					  $replace = array(
						  "А"=>"A","а"=>"a","Б"=>"B","б"=>"b","В"=>"V","в"=>"v","Г"=>"G","г"=>"g","Д"=>"D","д"=>"d",
						  "Е"=>"Ye","е"=>"e","Ё"=>"Ye","ё"=>"e","Ж"=>"Zh","ж"=>"zh","З"=>"Z","з"=>"z",
						  "И"=>"I","и"=>"i", // russian translit
						  //"И"=>"Y","и"=>"y", // ukrainian translit
						  "Й"=>"Y","й"=>"y","К"=>"K","к"=>"k","Л"=>"L","л"=>"l","М"=>"M","м"=>"m","Н"=>"N","н"=>"n",
						  "О"=>"O","о"=>"o","П"=>"P","п"=>"p","Р"=>"R","р"=>"r","С"=>"S","с"=>"s","Т"=>"T","т"=>"t",
						  "У"=>"U","у"=>"u","Ф"=>"F","ф"=>"f","Х"=>"H","х"=>"h","Ц"=>"Ts","ц"=>"ts","Ч"=>"Ch","ч"=>"ch",
						  "Ш"=>"Sh","ш"=>"sh","Щ"=>"Shch","щ"=>"shch","Ъ"=>"","ъ"=>"","Ы"=>"Y","ы"=>"y","Ь"=>"","ь"=>"",
						  "Э"=>"E","э"=>"e","Ю"=>"Yu","ю"=>"yu","Я"=>"Ya","я"=>"ya","@"=>"y","$"=>"ye",
						  "«"=>"", "»"=>"", "„"=>"", "“"=>"", "“"=>"", "”"=>"", "\•"=>"",
						  // ukrainian letters
						  "І"=>"I","і"=>"i",
						  "Ї"=>"Yi","ї"=>"yi",
						  "Є"=>"Ye","є"=>"ye",
					  );

					  $string = str_replace($arStrES, $arStrRS, $string);
					  $string = str_replace($arStrOS, $arStrRS, $string);

				  }

				  $output = iconv("UTF-8","UTF-8//IGNORE",strtr($string,$replace));

				  return $output;

			  }

			  private function clear_waste_chars($str){	

				  $str = trim($str);		
				  $str = preg_replace('|_|','-',$str);
				  $str = preg_replace('![^\w\d\s\-]*!','',$str); // Убрать все левые символы из строки		
				  $str = preg_replace('/\s+/', '-', $str); // Убрать двойные пробелы
				  $str = preg_replace('| |','-',$str); // Заменить одинарные пробелы на тире
				  $str = preg_replace('|-+|','-',$str); // Заменить повторяющиеся тире на 1
				  $str = preg_replace( array('!^-!', '!-$!'),array('', ''), $str); // Убрать тире в начале и в конце строки		

				  return $str;
			  }		
            ]]></add>
        </operation>
		
    </file>
	
    <file path="catalog/controller/api/order.php">
        <operation>
            <search><![CDATA[
				$this->model_checkout_order->addOrderHistory($order_id, $this->request->post['order_status_id'], $this->request->post['comment'], $this->request->post['notify'], $this->request->post['override']);
			]]></search>
            <add position="replace"><![CDATA[
				$this->model_checkout_order->addOrderHistory($order_id, $this->request->post['order_status_id'], $this->request->post['comment'], $this->request->post['notify'], $this->request->post['override'], $this->request->post['filename'], $this->request->post['emailattachment']);
            ]]></add>
        </operation>
    </file>
	
    <file path="catalog/model/checkout/order.php">
        <operation>
            <search><![CDATA[
				public function addOrderHistory($order_id, $order_status_id, $comment = '', $notify = false, $override = false) {
			]]></search>
            <add position="replace"><![CDATA[
				public function addOrderHistory($order_id, $order_status_id, $comment = '', $notify = false, $override = false, $filename = false, $emailattachment = 1) {
            ]]></add>
        </operation>
		<operation>
            <search><![CDATA[
				$this->db->query("INSERT INTO " . DB_PREFIX . "order_history SET order_id = '" . (int)$order_id . "', order_status_id = '" . (int)$order_status_id . "', notify = '" . (int)$notify . "', comment = '" . $this->db->escape($comment) . "', date_added = NOW()");
			]]></search>
            <add position="replace"><![CDATA[
               $this->db->query("INSERT INTO " . DB_PREFIX . "order_history SET order_id = '" . (int)$order_id . "', order_status_id = '" . (int)$order_status_id . "', notify = '" . (int)$notify . "', comment = '" . $this->db->escape($comment) . "', filename = '" . $this->db->escape($filename) . "', date_added = NOW()");
            ]]></add>
        </operation>
		<operation>
            <search><![CDATA[
				$message .= $language->get('text_update_footer');
			]]></search>
            <add position="before"><![CDATA[
				if ($notify && $filename) {
				    $message .= 'You have also received an attachment with this update, dont forget to check the attachment.' . "\n\n";
				}
				if ($notify && $filename && ( $emailattachment == 1 || $emailattachment == 3 )) {
				    $message .=  HTTP_SERVER . 'system/storage/download/' . $filename . "\n\n";
				}
				 
            ]]></add>
        </operation>
		<operation>
            <search><![CDATA[
				$mail->setTo($order_info['email']);
			]]></search>
            <add position="before"><![CDATA[
				if ($notify && $filename && ( $emailattachment == 2 || $emailattachment == 3 )) {
					$mail->addAttachment( DIR_DOWNLOAD . $filename );
				}
            ]]></add>
        </operation>
    </file>
	
    <file path="catalog/model/account/order.php">
        <operation>
            <search><![CDATA[
				$query = $this->db->query("SELECT date_added, os.name AS status, oh.comment, oh.notify FROM " . DB_PREFIX . "order_history oh LEFT JOIN " . DB_PREFIX . "order_status os ON oh.order_status_id = os.order_status_id WHERE oh.order_id = '" . (int)$order_id . "' AND os.language_id = '" . (int)$this->config->get('config_language_id') . "' ORDER BY oh.date_added");
			]]></search>
            <add position="replace"><![CDATA[
               $query = $this->db->query("SELECT date_added, os.name AS status, oh.comment, oh.filename, oh.notify FROM " . DB_PREFIX . "order_history oh LEFT JOIN " . DB_PREFIX . "order_status os ON oh.order_status_id = os.order_status_id WHERE oh.order_id = '" . (int)$order_id . "' AND os.language_id = '" . (int)$this->config->get('config_language_id') . "' ORDER BY oh.date_added");
            ]]></add>
        </operation>
    </file>
	
    <file path="admin/controller/common/dashboard.php">
        <operation>
            <search><![CDATA[
				public function index() {
			]]></search>
            <add position="after"><![CDATA[
					// $query = $this->db->query("SELECT * FROM " . DB_PREFIX . "order_history LIMIT 1");
					$query = $this->db->query("SHOW COLUMNS FROM `" . DB_PREFIX . "order_history` LIKE 'filename'");
					$res   = $query->row;
					if(!$res){
						$query = $this->db->query(
						"ALTER TABLE " . DB_PREFIX . "order_history ADD `filename` VARCHAR(124) NOT NULL AFTER `comment`;"
						);
					}
            ]]></add>
        </operation>
    </file>
	
    <file path="admin/controller/sale/order.php">
        <operation>
            <search><![CDATA[
				public function index() {
			]]></search>
            <add position="after"><![CDATA[
					// $query = $this->db->query("SELECT * FROM " . DB_PREFIX . "order_history LIMIT 1");
					$query = $this->db->query("SHOW COLUMNS FROM `" . DB_PREFIX . "order_history` LIKE 'filename'");
					$res   = $query->row;
					if(!$res){
						$query = $this->db->query(
						"ALTER TABLE " . DB_PREFIX . "order_history ADD `filename` VARCHAR(124) NOT NULL AFTER `comment`;"
						);
					}
            ]]></add>
        </operation>
    </file>

</modification>