<?xml version="1.0" encoding="utf-8"?>
<modification>
	<name>SKU Autogenerator</name>
	<code>SKU-Autogenerato</code>
	<version>2.1</version>
	<author>opencart2x.ru</author>
	<link>https://opencart2x.ru/</link>

	<file path="admin/model/catalog/product.php">
		<operation>
			<search><![CDATA[
				$product_id = $this->db->getLastId();
			]]></search>
			<add position="after"><![CDATA[
				if (isset($data['sku'])) {
					$this->db->query("UPDATE " . DB_PREFIX . "product SET sku = CONCAT (LPAD(manufacturer_id,2,'00'), LPAD(product_id,4,'0000')) WHERE product_id = ' " . (int)$product_id . " ' " );
				}
			]]></add>
		</operation>
		<operation>
			<search><![CDATA[
				$this->db->query("UPDATE " . DB_PREFIX . "product SET model = '" . $this->db->escape($data['model']) . "', sku = '" . $this->db->escape($data['sku']) . "', upc = '" . $this->db->escape($data['upc']) . "', ean = '" . $this->db->escape($data['ean']) . "', jan = '" . $this->db->escape($data['jan']) . "', isbn = '" . $this->db->escape($data['isbn']) . "', mpn = '" . $this->db->escape($data['mpn']) . "', location = '" . $this->db->escape($data['location']) . "', quantity = '" . (int)$data['quantity'] . "', minimum = '" . (int)$data['minimum'] . "', subtract = '" . (int)$data['subtract'] . "', stock_status_id = '" . (int)$data['stock_status_id'] . "', date_available = '" . $this->db->escape($data['date_available']) . "', manufacturer_id = '" . (int)$data['manufacturer_id'] . "', shipping = '" . (int)$data['shipping'] . "', price = '" . (float)$data['price'] . "', points = '" . (int)$data['points'] . "', weight = '" . (float)$data['weight'] . "', weight_class_id = '" . (int)$data['weight_class_id'] . "', length = '" . (float)$data['length'] . "', width = '" . (float)$data['width'] . "', height = '" . (float)$data['height'] . "', length_class_id = '" . (int)$data['length_class_id'] . "', status = '" . (int)$data['status'] . "', tax_class_id = '" . (int)$data['tax_class_id'] . "', sort_order = '" . (int)$data['sort_order'] . "', date_modified = NOW() WHERE product_id = '" . (int)$product_id . "'");
			]]></search>
			<add position="after"><![CDATA[
				if (isset($data['sku'])) {
					$this->db->query("UPDATE " . DB_PREFIX . "product SET sku = CONCAT (LPAD(manufacturer_id,2,'00'), LPAD(product_id,4,'0000')) WHERE product_id = ' " . (int)$product_id . " ' " );
				}
			]]></add>
		</operation>
	</file>
</modification>