<?xml version="1.0" encoding="utf-8"?>
<modification>
  <name>Товары в админке в порядке добавления</name>
  <code>sort-order-latest-admin</code>
  <version>2.x</version>
  <author>opencart2x.ru</author>
  <link>https://opencart2x.ru</link>
	<file path="admin/model/catalog/product.php">
      <operation>
        <search><![CDATA[$sql .= " ORDER BY pd.name";]]></search>
        <add position="replace"><![CDATA[$sql .= " ORDER BY p.product_id"; // customized
        ]]></add>
      </operation>
      <operation>
        <search><![CDATA[if (isset($data['order']) && ($data['order'] == 'DESC')) {]]></search>
        <add position="after" offset="1"><![CDATA[} elseif(isset($data['order']) && ($data['order'] == 'ASC')){
        	$sql .= " ASC";
        ]]></add>
      </operation>
  	</file>

  	<file path="admin/controller/catalog/product.php">
      <operation>
        <search><![CDATA[$sort = 'pd.name';]]></search>
        <add position="replace"><![CDATA[$sort = 'p.product_id'; // customized
        ]]></add>
      </operation>
      <operation>
        <search><![CDATA[$order = 'ASC';]]></search>
        <add position="replace"><![CDATA[$order = 'DESC'; // customized
        ]]></add>
      </operation>
  	</file>
</modification>
