<?xml version="1.0" encoding="utf-8"?>
<modification>
    <name>Recommended Module with Ajax Loading</name>
    <version>1.0</version>
    <author>opencart2x.ru</author>
    <link>https://opencart2x.ru</link>
    <code>RecommendedAjax</code>
    <file path="catalog/view/theme/*/template/common/header.tpl">
        <operation>
            <search>
				<![CDATA[
					</head>
				]]>
			</search>
            <add position="before"><![CDATA[
				<script type="text/javascript" src="catalog/view/javascript/ajax-novelty-loader.js"></script>
            ]]></add>
        </operation>
    </file>  
</modification>
