<?xml version="1.0" encoding="UTF-8"?>
<modification>
	<name>ADV Reports - Change Dates to US/English Format</name>
	<version>1.0</version>
	<code>adv_reports_us_dates</code>
	<link>http://www.opencartreports.com</link>
	<author>ADV Reports and Statistics</author>

	<file path="catalog/language/english/default.php" error="skip">
		<operation error="skip">
            <search><![CDATA[$_['date_format_short']     = 'd/m/Y';]]></search>
            <add position="replace"><![CDATA[$_['date_format_short']     = 'm/d/Y';]]></add>			
		</operation>
		<operation error="skip">
            <search><![CDATA[$_['date_format_long']      = 'l dS F Y';]]></search>
            <add position="replace"><![CDATA[$_['date_format_long']      = 'l, F j, Y';]]></add>	
		</operation>
		<operation error="skip">
            <search><![CDATA[$_['datetime_format']       = 'd/m/Y H:i:s';]]></search>
            <add position="replace"><![CDATA[$_['datetime_format']       = 'm/d/Y H:i:s';]]></add>	
		</operation>		
	</file>

	<file path="admin/language/english/default.php" error="skip">
		<operation error="skip">
            <search><![CDATA[$_['date_format_short']             = 'd/m/Y';]]></search>
            <add position="replace"><![CDATA[$_['date_format_short']             = 'm/d/Y';]]></add>			
		</operation>
		<operation error="skip">
            <search><![CDATA[$_['date_format_long']              = 'l dS F Y';]]></search>
            <add position="replace"><![CDATA[$_['date_format_long']              = 'l, F j, Y';]]></add>	
		</operation>
		<operation error="skip">
            <search><![CDATA[$_['datetime_format']               = 'd/m/Y H:i:s';]]></search>
            <add position="replace"><![CDATA[$_['datetime_format']               = 'm/d/Y H:i:s';]]></add>	
		</operation>		
	</file>
	
	<file path="catalog/language/english/english.php" error="skip">
		<operation error="skip">
            <search><![CDATA[$_['date_format_short']     = 'd/m/Y';]]></search>
            <add position="replace"><![CDATA[$_['date_format_short']     = 'm/d/Y';]]></add>			
		</operation>
		<operation error="skip">
            <search><![CDATA[$_['date_format_long']      = 'l dS F Y';]]></search>
            <add position="replace"><![CDATA[$_['date_format_long']      = 'l, F j, Y';]]></add>	
		</operation>
		<operation error="skip">
            <search><![CDATA[$_['datetime_format']       = 'd/m/Y H:i:s';]]></search>
            <add position="replace"><![CDATA[$_['datetime_format']       = 'm/d/Y H:i:s';]]></add>	
		</operation>		
	</file>

	<file path="admin/language/english/english.php" error="skip">
		<operation error="skip">
            <search><![CDATA[$_['date_format_short']             = 'd/m/Y';]]></search>
            <add position="replace"><![CDATA[$_['date_format_short']             = 'm/d/Y';]]></add>			
		</operation>
		<operation error="skip">
            <search><![CDATA[$_['date_format_long']              = 'l dS F Y';]]></search>
            <add position="replace"><![CDATA[$_['date_format_long']              = 'l, F j, Y';]]></add>	
		</operation>
		<operation error="skip">
            <search><![CDATA[$_['datetime_format']               = 'd/m/Y H:i:s';]]></search>
            <add position="replace"><![CDATA[$_['datetime_format']               = 'm/d/Y H:i:s';]]></add>	
		</operation>		
	</file>

	<file path="admin/model/report/adv_sale_order.php" error="skip">
        <operation>
            <search><![CDATA[DATE_FORMAT(o.date_added, '%d/%m/%Y')]]></search>
            <add position="replace"><![CDATA[DATE_FORMAT(o.date_added, '%m/%d/%Y')]]></add>
        </operation>	
	</file>	
	
	<file path="admin/model/report/adv_sale_order_export.php" error="skip">
        <operation>
            <search><![CDATA[DATE_FORMAT(o.date_added, '%d/%m/%Y')]]></search>
            <add position="replace"><![CDATA[DATE_FORMAT(o.date_added, '%m/%d/%Y')]]></add>
        </operation>	
	</file>	
	
	<file path="admin/model/report/adv_sale_order_export_all.php" error="skip">
        <operation>
            <search><![CDATA[DATE_FORMAT(o.date_added, '%d/%m/%Y')]]></search>
            <add position="replace"><![CDATA[DATE_FORMAT(o.date_added, '%m/%d/%Y')]]></add>
        </operation>	
	</file>	
				
	<file path="admin/model/report/adv_sale_profit.php" error="skip">
        <operation>
            <search><![CDATA[DATE_FORMAT(o.date_added, '%d/%m/%Y')]]></search>
            <add position="replace"><![CDATA[DATE_FORMAT(o.date_added, '%m/%d/%Y')]]></add>
        </operation>	
	</file>	
	
	<file path="admin/model/report/adv_sale_profit_export.php" error="skip">
        <operation>
            <search><![CDATA[DATE_FORMAT(o.date_added, '%d/%m/%Y')]]></search>
            <add position="replace"><![CDATA[DATE_FORMAT(o.date_added, '%m/%d/%Y')]]></add>
        </operation>	
	</file>	
	
	<file path="admin/model/report/adv_sale_profit_export_all.php" error="skip">
        <operation>
            <search><![CDATA[DATE_FORMAT(o.date_added, '%d/%m/%Y')]]></search>
            <add position="replace"><![CDATA[DATE_FORMAT(o.date_added, '%m/%d/%Y')]]></add>
        </operation>	
	</file>	
	
	<file path="admin/model/report/adv_product_purchased.php" error="skip">
        <operation>
            <search><![CDATA[DATE_FORMAT(o.date_added, '%d/%m/%Y')]]></search>
            <add position="replace"><![CDATA[DATE_FORMAT(o.date_added, '%m/%d/%Y')]]></add>
        </operation>	
	</file>	
	
	<file path="admin/model/report/adv_product_purchased_export.php" error="skip">
        <operation>
            <search><![CDATA[DATE_FORMAT(o.date_added, '%d/%m/%Y')]]></search>
            <add position="replace"><![CDATA[DATE_FORMAT(o.date_added, '%m/%d/%Y')]]></add>
        </operation>	
	</file>	
	
	<file path="admin/model/report/adv_product_profit.php" error="skip">
        <operation>
            <search><![CDATA[DATE_FORMAT(o.date_added, '%d/%m/%Y')]]></search>
            <add position="replace"><![CDATA[DATE_FORMAT(o.date_added, '%m/%d/%Y')]]></add>
        </operation>	
	</file>	
	
	<file path="admin/model/report/adv_product_profit_export.php" error="skip">
        <operation>
            <search><![CDATA[DATE_FORMAT(o.date_added, '%d/%m/%Y')]]></search>
            <add position="replace"><![CDATA[DATE_FORMAT(o.date_added, '%m/%d/%Y')]]></add>
        </operation>	
	</file>		

	<file path="admin/model/report/adv_customer_order.php" error="skip">
        <operation>
            <search><![CDATA[DATE_FORMAT(o.date_added, '%d/%m/%Y')]]></search>
            <add position="replace"><![CDATA[DATE_FORMAT(o.date_added, '%m/%d/%Y')]]></add>
        </operation>	
	</file>	
	
	<file path="admin/model/report/adv_customer_order_export.php" error="skip">
        <operation>
            <search><![CDATA[DATE_FORMAT(o.date_added, '%d/%m/%Y')]]></search>
            <add position="replace"><![CDATA[DATE_FORMAT(o.date_added, '%m/%d/%Y')]]></add>
        </operation>	
	</file>	
	
	<file path="admin/model/report/adv_customer_order_export_all.php" error="skip">
        <operation>
            <search><![CDATA[DATE_FORMAT(o.date_added, '%d/%m/%Y')]]></search>
            <add position="replace"><![CDATA[DATE_FORMAT(o.date_added, '%m/%d/%Y')]]></add>
        </operation>	
	</file>		

	<file path="admin/model/report/adv_customer_profit.php" error="skip">
        <operation>
            <search><![CDATA[DATE_FORMAT(o.date_added, '%d/%m/%Y')]]></search>
            <add position="replace"><![CDATA[DATE_FORMAT(o.date_added, '%m/%d/%Y')]]></add>
        </operation>	
	</file>	
	
	<file path="admin/model/report/adv_customer_profit_export.php" error="skip">
        <operation>
            <search><![CDATA[DATE_FORMAT(o.date_added, '%d/%m/%Y')]]></search>
            <add position="replace"><![CDATA[DATE_FORMAT(o.date_added, '%m/%d/%Y')]]></add>
        </operation>	
	</file>	
	
	<file path="admin/model/report/adv_customer_profit_export_all.php" error="skip">
        <operation>
            <search><![CDATA[DATE_FORMAT(o.date_added, '%d/%m/%Y')]]></search>
            <add position="replace"><![CDATA[DATE_FORMAT(o.date_added, '%m/%d/%Y')]]></add>
        </operation>	
	</file>											
</modification>