<?xml version="1.0" encoding="UTF-8"?>
<modification>
	<name>Get Module ID (addon for Latest More Module)</name>
	<version>1.0</version>
	<author>opencart2x.ru</author>
	<link>https://opencart2x.ru</link>
	<code>LatestMore</code>
	<file path="catalog/model/extension/module.php">
		<operation error="abort">
			<search><![CDATA[return json_decode($query->row['setting'], true);]]></search>
			<add position="replace"><![CDATA[
	 			$settings = json_decode($query->row['setting'], true);
            	$settings['module_id'] = $module_id;
            	return $settings;
			]]></add>
		</operation>
	</file>
</modification>