<?xml version="1.0" encoding="UTF-8"?>
<modification>
	<name>Fast Comment Order</name>
	<version>2.0</version>
	<code>Fast Comment Order</code>
	<author>SlaSoft</author>	
	
	<file path="admin/controller/common/menu.php">
		<operation>
			<search><![CDATA[$data['text_openbay_order_import']]]></search>
			<add position="after"><![CDATA[
				$data['text_fast_comment'] = $this->language->get('text_fast_comment');
			]]></add>
		</operation>
		<operation>
			<search><![CDATA[$data['openbay_link_amazonus_links']]]></search>
			<add position="after"><![CDATA[
				$data['fast_comment'] = $this->url->link('localisation/fast_comment_status', 'token=' . $this->session->data['token'], 'SSL');
			]]></add>
		</operation>
	</file>
	<file path="admin/language/*/common/menu.php">
		<operation>
			<search><![CDATA[$_['text_paypal_manage']]]></search>
			<add position="after"><![CDATA[
				$_['text_fast_comment']	= 'Редактирование быстрых комментов статусов';
			]]></add>
		</operation>
	</file>
	<file path="admin/view/template/common/menu.tpl">
		<operation>
			<search><![CDATA[<?php echo $text_order_status; ?>]]></search>
			<add position="after"><![CDATA[
          <li><a href="<?php echo $fast_comment; ?>"><?php echo $text_fast_comment; ?></a></li>
			]]></add>
		</operation>
	</file>

	<file path="admin/view/template/sale/order_info.tpl">
		<operation>
			<search><![CDATA[name="comment"]]></search>
			<add position="before"><![CDATA[
			<select class="form-control" id="fast_comment">
				<option value=""></option>
			<?php foreach ($template_comment_name as $template_name) { ?>
				<option value="<?php echo $template_name['fast_comment_id']; ?>"><?php echo $template_name['name']; ?></option>
			<?php } ?>
			</select>
			<br>
			]]></add>
		</operation>
		<operation>
			<search><![CDATA[echo $footer]]></search>
			<add position="before"><![CDATA[
			<script type="text/javascript">
$('#fast_comment').change(function(){
	var value = $('#fast_comment').val();
	if (value) {
			  $.ajax({
				url:'index.php?route=localisation/fast_comment_status/getFastComment&token=<?php echo $token; ?>',
				type:'post',
				dataType:'json',
				data:{fast_comment_id:value}, 
				success:function(json){
					var order_id = '<?php echo $order_id; ?>';
					var customer = '<?php echo $firstname; ?> <?php echo $lastname; ?>';
					var total = '<?php echo $total['text']; ?>';
					
					var textarea = $('textarea[name="comment"]');
					var textarea_value = json['comment'].replace('{num}',order_id);
					textarea_value = textarea_value.replace('{customer}',customer);
					textarea_value = textarea_value.replace('{sum}',total);
					
					textarea.val(textarea_value);

				

				}
			  })
	};
})
			
			</script>
			]]></add>
		</operation>
	</file>
	<file path="admin/controller/sale/order.php">
		<operation>
			<search><![CDATA[view('sale/order_info]]></search>
			<add position="before"><![CDATA[
			$this->load->model('localisation/fast_comment_status');
			$data['template_comment_name'] = $this->model_localisation_fast_comment_status->getComments();
			]]></add>
		</operation>
	</file>
	

</modification>
