<?xml version="1.0" encoding="UTF-8"?>
<modification>
	<name>Customer Order Product Upload</name>
	<code>Customer-Order-Product-Upload</code>
	<version>1.6.9</version>
	<author>opencart2x.ru</author>
    <link>https://opencart2x.ru/</link>
	<file path="system/startup.php">
		<operation> <!-- load copu helper -->
			<search><![CDATA[helper/utf8.php]]></search>
			<add position="before"><![CDATA[require_once(DIR_SYSTEM . 'helper/copu.php');]]></add>
		</operation>
	</file>
	<file path="system/engine/action.php">
		<operation> <!-- load copu helper (for OCMOD method) -->
			<search><![CDATA[class Action {]]></search>
			<add position="before"><![CDATA[require_once(DIR_SYSTEM . 'helper/copu.php');]]></add>
		</operation>
		<operation> <!-- override route -->
			<search><![CDATA[function __construct(]]></search>
			<add position="after"><![CDATA[$route = ($route == 'account/upload') ? 'myoc/copu/customer' : $route;]]></add>
		</operation>
	</file>
    <file path="system/library/cart/cart.php">
		<operation> <!-- break product upload file array in cart -->
			<search><![CDATA[$option_query->row['type'] == 'file']]></search>
			<add position="before"><![CDATA[} elseif ($option_query->row['type'] == 'file' && (is_array($value) || is_object($value))) {
				foreach ($value as $upload) {
					$option_data[] = array(
						'product_option_id'       => $product_option_id,
						'product_option_value_id' => '',
						'option_id'               => $option_query->row['option_id'],
						'option_value_id'         => '',
						'name'                    => $option_query->row['name'],
						'value'                   => $upload,
						'type'                    => $option_query->row['type'],
						'quantity'                => '',
						'subtract'                => '',
						'price'                   => '',
						'price_prefix'            => '',
						'points'                  => '',
						'points_prefix'           => '',
						'weight'                  => '',
						'weight_prefix'           => ''
					);
				}]]></add>
		</operation>
    </file>
	<file path="system/library/mail.php">
		<operation> <!-- replace basename() with custom function -->
			<search><![CDATA[basename(]]></search>
			<add position="replace"><![CDATA[myoc_basename(]]></add>
		</operation>
	</file>
    <file path="admin/language/en-gb/en-gb.php">
		<operation> <!-- define tab variable -->
			<search><![CDATA[$_['tab_ip']]]></search>
			<add position="after"><![CDATA[$_['tab_copu'] = 'Uploads';]]></add>
		</operation>
    </file>
    <file path="admin/controller/tool/upload.php">
		<operation> <!-- replace basename() with custom function -->
			<search><![CDATA[basename(]]></search>
			<add position="replace"><![CDATA[myoc_basename(]]></add>
		</operation>
		<operation> <!-- check if IE, urlencode(filename) -->
			<search><![CDATA[(!headers_sent())]]></search>
			<add position="before"><![CDATA[if(strpos($_SERVER['HTTP_USER_AGENT'], 'Trident')) {
					$mask = urlencode($mask);
				}]]></add>
		</operation>
    </file>
    <file path="admin/controller/sale/customer.php|admin/controller/customer/customer.php" error="skip">
		<operation> <!-- save upload when edit a customer -->
			<search><![CDATA[_customer->editCustomer(]]></search>
			<add position="after"><![CDATA[$this->load->model('myoc/copu');
				$uploads = $this->model_myoc_copu->getUploads(array('customer_id' => $this->request->get['customer_id']));
				foreach($uploads as $upload) {
					if(isset($this->request->post['customer_upload']) && !empty($this->request->post['customer_upload']) && in_array($upload['upload_id'], $this->request->post['customer_upload'])) {
						$this->request->post['customer_upload'] = array_diff($this->request->post['customer_upload'], array($upload['upload_id']));
					} elseif(unlink(DIR_UPLOAD . $upload['filename'])) {
						$this->model_myoc_copu->deleteUpload($upload['upload_id']);
					}
				}
				if(isset($this->request->post['customer_upload']) && !empty($this->request->post['customer_upload'])) {
					foreach($this->request->post['customer_upload'] as $upload_id) {
						$this->model_myoc_copu->addCustomerUpload(array('upload_id' => $upload_id, 'customer_id' => $this->request->get['customer_id']));
					}
				}]]></add>
		</operation>
		<operation> <!-- delete upload when delete customers -->
			<search><![CDATA[_customer->deleteCustomer(]]></search>
			<add position="after"><![CDATA[$this->load->model('myoc/copu');
				$uploads = $this->model_myoc_copu->getUploads(array('customer_id' => $customer_id));
				if($uploads) {
					foreach($uploads as $upload) {
						if(unlink(DIR_UPLOAD . $upload['filename'])) {
							$this->model_myoc_copu->deleteUpload($upload['upload_id']);
						}
					}
				}]]></add>
		</operation>
		<operation> <!-- load customer upload into children -->
			<search><![CDATA[$data['header'] = $this->load->controller(]]></search>
			<add position="before"><![CDATA[$data['tab_copu'] = $this->language->get('tab_copu');
				$data['copu_customer'] = $this->load->controller('myoc/copu', array('type' => 'customer'));]]></add>
		</operation>
    </file>
    <file path="admin/view/template/sale/customer_form.tpl|admin/view/template/customer/customer_form.tpl" error="skip">
		<operation> <!-- output upload tab -->
			<search><![CDATA[<?php echo $tab_ip; ?>]]></search>
			<add position="after"><![CDATA[<?php if($copu_customer) { ?><li><a href="#tab-copu" data-toggle="tab"><?php echo $tab_copu; ?></a></li><?php } ?>]]></add>
		</operation>
		<operation> <!-- output customer upload box -->
			<search index="0"><![CDATA[<div class="tab-pane" id="tab-ip">]]></search>
			<add position="before"><![CDATA[<?php echo $copu_customer; ?>]]></add>
		</operation>
    </file>
    <file path="admin/model/sale/order.php">
		<operation error="skip"> <!-- fix missing getOrderOption() in OCv1.5.1.3 -->
			<search><![CDATA[function getOrderOption(]]></search>
			<add position="replace"><![CDATA[function _getOrderOption(]]></add>
		</operation>
		<operation> <!-- fix missing getOrderOption() in OCv1.5.1.3 -->
			<search><![CDATA[function getOrderOptions(]]></search>
			<add position="before"><![CDATA[public function getOrderOption($order_id, $order_option_id) {
					$query = $this->db->query("SELECT * FROM " . DB_PREFIX . "order_option WHERE order_id = '" . (int)$order_id . "' AND order_option_id = '" . (int)$order_option_id . "'");
					return $query->row;
				}]]></add>
		</operation>
    </file>
    <file path="catalog/controller/api/order.php">
		<operation> <!-- save upload when add an order -->
			<search><![CDATA[$this->model_checkout_order->addOrder(]]></search>
			<add position="after"><![CDATA[$this->load->model('myoc/copu');
				if(isset($this->request->post['order_upload']) && !empty($this->request->post['order_upload'])) {
					foreach($this->request->post['order_upload'] as $upload_id) {
						$upload_info = $this->model_myoc_copu->getUpload($upload_id);
						$copu_file_location = $this->config->get('copu_order_file_location') ? "../" . $this->config->get('copu_order_file_location') . "/" : "";
						if(!empty($copu_file_location)) {
							if(strpos($copu_file_location, '%customer_id%')) {
								$copu_file_location = str_replace('%customer_id%', $order_data['customer_id'], $copu_file_location);
							}
							if(strpos($copu_file_location, '%order_id%')) {
								$copu_file_location = str_replace('%order_id%', $json['order_id'], $copu_file_location);
							}
						}
						if(!empty($copu_file_location) && !file_exists(DIR_UPLOAD . $copu_file_location)) {
							mkdir(DIR_UPLOAD . $copu_file_location, 0755, true);
						}
						if(file_exists(DIR_UPLOAD . $upload_info['filename'])) {
							rename(DIR_UPLOAD . $upload_info['filename'], DIR_UPLOAD . $copu_file_location . myoc_basename($upload_info['filename']));
							$this->model_myoc_copu->editUpload($upload_id, array('filename' => $copu_file_location . myoc_basename($upload_info['filename'])));
						}
						$this->model_myoc_copu->addOrderUpload(array('upload_id' => $upload_id, 'order_id' => $json['order_id']));
					}
				}]]></add>
		</operation>
		<operation> <!-- save upload when edit an order -->
			<search><![CDATA[$this->model_checkout_order->editOrder(]]></search>
			<add position="after"><![CDATA[$this->load->model('myoc/copu');
				$uploads = $this->model_myoc_copu->getUploads(array('order_id' => $this->request->get['order_id']));
				foreach($uploads as $upload) {
					if(isset($this->request->post['order_upload']) && !empty($this->request->post['order_upload']) && in_array($upload['upload_id'], $this->request->post['order_upload'])) {
						$this->request->post['order_upload'] = array_diff($this->request->post['order_upload'], array($upload['upload_id']));
					} elseif(unlink(DIR_UPLOAD . $upload['filename'])) {
						$this->model_myoc_copu->deleteUpload($upload['upload_id']);
					}
				}
				if(isset($this->request->post['order_upload']) && !empty($this->request->post['order_upload'])) {
					foreach($this->request->post['order_upload'] as $upload_id) {
						$this->model_myoc_copu->addOrderUpload(array('upload_id' => $upload_id, 'order_id' => $this->request->get['order_id']));
					}
				}]]></add>
		</operation>
		<operation> <!-- delete upload when deleting orders -->
			<search><![CDATA[$this->model_checkout_order->deleteOrder(]]></search>
			<add position="after"><![CDATA[$this->load->model('myoc/copu');
				$uploads = $this->model_myoc_copu->getUploads(array('order_id' => $order_id));
				if($uploads) {
					foreach($uploads as $upload) {
						if(unlink(DIR_UPLOAD . $upload['filename'])) {
							$this->model_myoc_copu->deleteUpload($upload['upload_id']);
						}
					}
				}]]></add>
		</operation>
		<operation> <!-- clear email attachement files -->
			<search><![CDATA[$this->model_checkout_order->addOrderHistory(]]></search>
			<add position="after"><![CDATA[if($this->config->get('copu_order_email_attachment')) {
					$this->load->model('myoc/copu');
					if(isset($json['order_id'])) {
						$order_uploads = $this->model_myoc_copu->getUploads(array('order_id' => $json['order_id']));
					}
					if(isset($order_id)) {
						$order_uploads = $this->model_myoc_copu->getUploads(array('order_id' => $order_id));
					}
					if($order_uploads) {
						foreach($order_uploads as $order_upload) {
							if(file_exists(DIR_UPLOAD . $order_upload['mask'])) {
								unlink(DIR_UPLOAD . $order_upload['mask']);
							}
						}
					}
				}
				if(isset($order_data)) {
					$this->load->model('tool/upload');
					foreach($order_data['products'] as $order_product) {
						if(isset($order_product['option']) && !empty($order_product['option']))
						foreach($order_product['option'] as $order_option) {
							if($order_option['type'] == 'file') {
								$upload_info = $this->model_tool_upload->getUploadByCode($order_option['value']);
								if(file_exists(DIR_UPLOAD . $upload_info['name'])) {
									unlink(DIR_UPLOAD . $upload_info['name']);
								}
							}
						}
					}
				}]]></add>
		</operation>
	</file>
    <file path="admin/controller/sale/order.php">
		<operation> <!-- load order upload into order form children -->
			<search><![CDATA[$data['voucher_themes'] =]]></search>
			<add position="after"><![CDATA[$data['tab_copu'] = $this->language->get('tab_copu');
				$data['copu_order_html'] = $this->load->controller('myoc/copu', array('type' => 'order', 'customer_id' => $data['customer_id'], 'js' => false));
				$data['copu_order_js'] = $this->load->controller('myoc/copu', array('type' => 'order', 'customer_id' => $data['customer_id'], 'html' => false));
				$data['copu_product_option_ids'] = "";
				$copu_products = $this->config->get('copu_products');
				if($copu_products) {
					foreach($copu_products as $copu_product) {
						if($copu_product['status'] && isset($copu_product['options']) && !empty($copu_product['options'])) {
							foreach($copu_product['options'] as $copu_product_option_id){
								$data['copu_product_option_ids'] .= $copu_product_option_id . " || option['option_id'] == ";
							}
						}
					}
				}
				$data['copu_product_option_ids'] .= "0";
				$data['copu_product_html'] = $this->load->controller('myoc/copu/product', array('html' => true));
				$data['copu_product_js'] = $this->load->controller('myoc/copu/product', array('js' => true, 'customer_id' => $data['customer_id']));]]></add>
		</operation>
		<operation> <!-- modify filename with additional filesize info -->
			<search><![CDATA[$this->url->link('tool/upload/download']]></search>
			<add position="before"><![CDATA['value' => $upload_info['name'] . '</a> [' . formatFilesize(filesize(DIR_UPLOAD . $upload_info['filename'])) . ']<a>',]]></add>
		</operation>
		<operation> <!-- add magnific jquery library into order info -->
			<search><![CDATA[public function info() {]]></search>
			<add position="after"><![CDATA[$this->document->addScript('../catalog/view/javascript/jquery/magnific/jquery.magnific-popup.min.js');
				$this->document->addStyle('../catalog/view/javascript/jquery/magnific/magnific-popup.css');]]></add>
		</operation>
		<operation> <!-- load order upload into order info children -->
			<search><![CDATA[sale/order_info]]></search>
			<add position="before"><![CDATA[$data['text_upload'] = $this->language->get('text_upload');
				$data['tab_copu'] = $this->language->get('tab_copu');
				$data['copu_order'] = $this->load->controller('myoc/copu', array('type' => 'order', 'edit' => false));]]></add>
		</operation>
		<operation> <!-- load order upload into order invoice children -->
			<search><![CDATA[foreach ($orders as $order_id)]]></search>
			<add position="after"><![CDATA[$data['copu_order'][$order_id] = $this->load->controller('myoc/copu/invoice', array('order_id' => $order_id));]]></add>
		</operation>
    </file>
    <file path="admin/view/template/sale/order_info.tpl">
    	<operation error="skip"><!-- OCv1.5.5 --> <!-- output order tab on order info page -->
			<search><![CDATA[<?php echo $tab_history; ?>]]></search>
			<add position="after"><![CDATA[<?php if($copu_order && VERSION < "2.1.0.1") { ?><li><a href="#tab-copu" data-toggle="tab"><?php echo $tab_copu; } ?></a></li>]]></add>
		</operation>
		<operation error="skip"><!-- OCv1.5.4.1 and below --> <!-- output order tab on order info page -->
			<search><![CDATA[<?php echo $tab_order_history; ?>]]></search>
			<add position="replace"><![CDATA[<?php echo $tab_order_history; ?><?php if($copu_order) { ?></a><a href="#tab-copu"><?php echo $tab_copu; } ?>]]></add>
		</operation>
		<operation error="skip"><!-- OCv2.0.3.1 and below -->  <!-- output order upload box on order info page -->
			<search><![CDATA[<div class="tab-pane" id="tab-history">]]></search>
			<add position="before"><![CDATA[<?php echo $copu_order; ?>]]></add>
		</operation>
		<operation error="skip"><!-- OCv2.1.0.1 and above -->  <!-- output order upload box on order info page -->
			<search><![CDATA[<?php echo $text_history; ?></h3>]]></search>
			<add position="before"><![CDATA[<h3 class="panel-title"><i class="fa fa-file"></i> <?php echo $text_upload; ?></h3>
					</div>
					<div class="panel-body">
						<?php echo $copu_order; ?>
					</div>
				</div>
				<div class="panel panel-default">
					<div class="panel-heading">]]></add>
		</operation>
    </file>
    <file path="admin/view/template/sale/order_form.tpl">
		<operation> <!-- output upload tab on order edit page -->
			<search><![CDATA[<?php echo $tab_total; ?>]]></search>
			<add position="after"><![CDATA[<?php if($copu_order_html) { ?><li class="disabled"><a href="#tab-copu" data-toggle="tab"><?php echo $tab_copu; ?></a></li><?php } ?>]]></add>
		</operation>
		<operation> <!-- change file input to array -->
			<search><![CDATA[$option['type'] == 'file']]></search>
			<add position="before"><![CDATA[<?php if ($option['type'] == 'file') { ?>
					<input type="hidden" name="product[<?php echo $product_row; ?>][option][<?php echo $option['product_option_id']; ?>][]" value="<?php echo $option['value']; ?>" />
					<?php continue; ?>
				<?php } ?>]]></add>
		</operation>
		<operation> <!-- output upload box on order edit page -->
			<search index="0"><![CDATA[</form>]]></search>
			<add position="before" offset="1"><![CDATA[<?php echo $copu_order_html; ?>]]></add>
		</operation>
		<operation> <!-- import fileupload scripts -->
			<search><![CDATA[input[name=\'product\']').autocomplete({]]></search>
			<add position="before"><![CDATA[//--></script>
				<script type="text/javascript" src="../catalog/view/javascript/jquery/myoc/copu-helper.js"></script>
				<script type="text/javascript" src="../catalog/view/javascript/jquery/myoc/jquery.ui.widget.js"></script>
				<script type="text/javascript" src="../catalog/view/javascript/jquery/myoc/load-image.min.js"></script>
				<script type="text/javascript" src="../catalog/view/javascript/jquery/myoc/canvas-to-blob.min.js"></script>
				<script type="text/javascript" src="../catalog/view/javascript/jquery/myoc/jquery.iframe-transport.js"></script>
				<script type="text/javascript" src="../catalog/view/javascript/jquery/myoc/jquery.fileupload.js"></script>
				<script type="text/javascript" src="../catalog/view/javascript/jquery/myoc/jquery.fileupload-process.js"></script>
				<script type="text/javascript" src="../catalog/view/javascript/jquery/myoc/jquery.fileupload-image.js"></script>
				<script type="text/javascript"><!--]]></add>
		</operation>
		<operation error="skip"> <!-- skip default file upload button html -->
			<search index="0"><![CDATA[if (option['type'] == 'file')]]></search>
			<add position="after"><![CDATA[if(option['option_id'] == <?php echo $copu_product_option_ids; ?>) { <?php echo $copu_product_html; ?> } else {]]></add>
		</operation>
		<operation error="skip"> <!-- skip default file upload button html -->
			<search index="0"><![CDATA[if (option['type'] == 'date')]]></search>
			<add position="before"><![CDATA[}]]></add>
		</operation>
		<operation error="skip"> <!-- skip default file upload button javascript -->
			<search index="0"><![CDATA[$('#option').html(html);]]></search>
			<add position="after"><![CDATA[for (i = 0; i < item['option'].length; i++) {
					option = item['option'][i];
					if(option['option_id'] == <?php echo $copu_product_option_ids; ?>) {
						<?php echo $copu_product_js; ?>
						break;
					}
				}]]></add>
		</operation>
		<operation> <!-- add form element 'order_upload[]' to form data -->
			<search><![CDATA[, #tab-total select]]></search>
			<add position="replace"><![CDATA[, #tab-copu input[name*=\'upload[]\'], #tab-total select]]></add>
		</operation>
		<operation> <!-- output order upload javascript on order edit page -->
			<search><![CDATA[<?php echo $footer; ?>]]></search>
			<add position="before"><![CDATA[<?php echo $copu_order_js; ?>]]></add>
		</operation>
    </file>
    <file path="admin/view/template/sale/order_invoice.tpl">
		<operation> <!-- output uploads on order invoice page -->
			<search><![CDATA[if ($order['comment'])]]></search>
			<add position="before"><![CDATA[<?php echo $copu_order[$order['order_id']]; ?>]]></add>
		</operation>
    </file>
    <file path="admin/view/template/sale/order_shipping.tpl">
		<operation> <!-- output uploads on order invoice page -->
			<search><![CDATA[if ($order['comment'])]]></search>
			<add position="before"><![CDATA[<?php echo $copu_order[$order['order_id']]; ?>]]></add>
		</operation>
    </file>
    <file path="catalog/controller/api/cart.php" error="skip">
		<operation error="skip"> <!-- verify minimum product upload -->
			<search><![CDATA[if ($product_option['required']]]></search>
			<add position="before"><![CDATA[$copu_products = $this->config->get('copu_products');
				if($product_option['type'] == 'file' && $copu_products) {
					foreach($copu_products as $copu_product) {
						if($copu_product['status'] && isset($copu_product['stores']) && !empty($copu_product['stores']) && in_array($this->config->get('config_store_id'), $copu_product['stores']) && isset($copu_product['options']) && !empty($copu_product['options']) && in_array($product_option['option_id'], $copu_product['options'])) {
							$product_option['required'] = false;
						}
					}

				}]]></add>
		</operation>
    </file>
    <file path="catalog/model/account/customer.php">
		<operation> <!-- check for customer upload and add files to admin email as attachment -->
			<search><![CDATA[$mail->setTo($this->config->get('config_email'));]]></search>
			<add position="before"><![CDATA[if($this->config->get('copu_customer_status') && $this->config->get('copu_customer_register') && $this->config->get('copu_customer_stores') && in_array($this->config->get('config_store_id'), $this->config->get('copu_customer_stores')) && $this->config->get('copu_customer_email_attachment') && isset($this->session->data['copu_customer_uploads']) && !empty($this->session->data['copu_customer_uploads'])) {
				if(method_exists($this->encryption, 'encrypt')) {
					$encryption = $this->encryption;
				} else {
					$this->load->library('encryption');
				 	$encryption = new Encryption($this->config->get('config_encryption'));
				}
				foreach($this->session->data['copu_customer_uploads'] as $upload) {
					$file = $encryption->decrypt($upload);
					$filename = substr($file, 0, strrpos($file, '.'));
					copy(DIR_UPLOAD . $file, DIR_UPLOAD . $filename);
					$mail->addAttachment(DIR_UPLOAD . $filename);
				}
			}]]></add>
		</operation>
    </file>
    <file path="catalog/controller/account/register.php">
		<operation> <!-- add upload from session if customer registration successful -->
			<search><![CDATA[$this->model_account_customer->addCustomer(]]></search>
			<add position="after"><![CDATA[if($this->config->get('copu_customer_status') && $this->config->get('copu_customer_register') && $this->config->get('copu_customer_stores') && in_array($this->config->get('config_store_id'), $this->config->get('copu_customer_stores')) && isset($this->session->data['copu_customer_uploads']) && !empty($this->session->data['copu_customer_uploads'])) {
				$this->load->model('myoc/copu');
				$this->load->model('tool/upload');

				$new_customer_id = $this->model_myoc_copu->getNewCustomerId();
				if(method_exists($this->encryption, 'encrypt')) {
					$encryption = $this->encryption;
				} else {
					$this->load->library('encryption');
				 	$encryption = new Encryption($this->config->get('config_encryption'));
				}
				$copu_file_location = $this->config->get('copu_customer_file_location') ? "../" . $this->config->get('copu_customer_file_location')  . "/": "";
				if(!empty($copu_file_location) && strpos($copu_file_location, '%customer_id%')) {
					$copu_file_location = str_replace('%customer_id%', $new_customer_id, $copu_file_location);
				} else {
					$copu_file_location = "";
				}
				if(!empty($copu_file_location) && !file_exists(DIR_UPLOAD . $copu_file_location)) {
					mkdir(DIR_UPLOAD . $copu_file_location, 0755, true);
				}
				foreach($this->session->data['copu_customer_uploads'] as $upload) {
					$file = $encryption->decrypt($upload);
					rename(DIR_UPLOAD . $file, DIR_UPLOAD . $copu_file_location . $file);
					$upload_code = $this->model_tool_upload->addUpload(myoc_basename(substr($file, 0, strrpos($file, '.'))), $copu_file_location . $file);
					$upload_info = $this->model_tool_upload->getUploadByCode($upload_code);
					$this->model_myoc_copu->addUpload(array('filename' => $copu_file_location . $file, 'customer_id' => $new_customer_id, 'upload_id' => $upload_info['upload_id']));
					if($this->config->get('copu_customer_email_attachment')) {
						$filename = substr($file, 0, strrpos($file, '.'));
						if(file_exists(DIR_UPLOAD . $filename)) {
							unlink(DIR_UPLOAD . $filename);
						}
					}
				}
				unset($this->session->data['copu_customer_uploads']);
			}]]></add>
		</operation>
		<operation> <!-- load copu_register into children -->
			<search><![CDATA[$data['column_left'] =]]></search>
			<add position="before"><![CDATA[$data['copu_register'] = $this->load->controller('myoc/copu', array('type' => 'customer', 'path' => 'register'));]]></add>
		</operation>
		<operation> <!-- validate if minimum upload is met during customer registration -->
			<search><![CDATA[function validate(]]></search>
			<add position="after"><![CDATA[if($this->config->get('copu_customer_status') && $this->config->get('copu_customer_stores') && in_array($this->config->get('config_store_id'), $this->config->get('copu_customer_stores')) && $this->config->get('copu_customer_register') && $this->config->get('copu_customer_minimum') && (!isset($this->session->data['copu_customer_uploads']) || count($this->session->data['copu_customer_uploads']) < $this->config->get('copu_customer_minimum'))) { $this->load->language('myoc/copu'); $this->error['warning'] = sprintf($this->language->get('error_upload_minimum'), $this->config->get('copu_customer_minimum')); }]]></add>
		</operation>
    </file>
    <file path="catalog/view/theme/*/template/account/register.tpl">
		<operation> <!-- output the upload box on registration page -->
			<search><![CDATA[<?php if ($text_agree) { ?>]]></search>
			<add position="before"><![CDATA[<?php echo $copu_register; ?>]]></add>
		</operation>
    </file>
    <file path="catalog/controller/account/order.php">
		<operation> <!-- reorder product uploads -->
			<search><![CDATA[$order_option['type'] == 'file']]></search>
			<add position="before"><![CDATA[} elseif ($order_option['type'] == 'file') {
				if(method_exists($this->encryption, 'encrypt')) {
					$encryption = $this->encryption;
				} else {
					$this->load->library('encryption');
				 	$encryption = new Encryption($this->config->get('config_encryption'));
				}
				$option_data[$order_option['product_option_id']][] = $order_option['value'];]]></add>
		</operation>
		<operation> <!-- reorder order uploads -->
			<search><![CDATA[link('checkout/cart']]></search>
			<add position="before"><![CDATA[if($this->config->get('copu_order_status') && $this->config->get('copu_order_stores') && in_array($this->config->get('config_store_id'), $this->config->get('copu_order_stores'))) {
					$this->load->model('myoc/copu');
					$uploads = $this->model_myoc_copu->getUploads(array('order_id' => $this->request->get['order_id']));
					if(!isset($this->session->data['copu_order_uploads'])) {
						$this->session->data['copu_order_uploads'] = array();
					}
					if(method_exists($this->encryption, 'encrypt')) {
						$encryption = $this->encryption;
					} else {
						$this->load->library('encryption');
					 	$encryption = new Encryption($this->config->get('config_encryption'));
					}
					foreach($uploads as $upload) {
						if (file_exists(DIR_UPLOAD . $upload['filename'])) {
							$copu_file_location = $this->config->get('copu_order_file_location') ? "../" . $this->config->get('copu_order_file_location') . "/" : "";
							if(!empty($copu_file_location)) {
								if(strpos($copu_file_location, '%customer_id%')) {
									$copu_file_location = str_replace('%customer_id%', $this->customer->isLogged(), $copu_file_location);
								}
								if(strpos($copu_file_location, '%order_id%')) {
									$copu_file_location = "";
								}
								if(!file_exists(DIR_UPLOAD . $copu_file_location)) {
									mkdir(DIR_UPLOAD . $copu_file_location, 0755, true);
								}
							}
							$upload_id = function_exists('token') ? token(32) : md5(mt_rand());
							copy(DIR_UPLOAD . $upload['filename'], DIR_UPLOAD . $copu_file_location . $upload['mask'] . '.' . $upload_id);
							$this->session->data['copu_order_uploads'][$upload_id] = $encryption->encrypt($copu_file_location . $upload['mask'] . '.' . $upload_id);
						}
					}
				}]]></add>
		</operation>
		<operation> <!-- skip default filename options -->
			<search><![CDATA[$option_data[] = array(]]></search>
			<add position="before"><![CDATA[$copu_products = $this->config->get('copu_products');
				if($option['type'] == 'file' && $copu_products && !empty($copu_products)) {
					foreach($copu_products as $copu_product) {
						if($copu_product['status'] && isset($copu_product['stores']) && !empty($copu_product['stores']) && in_array($this->config->get('config_store_id'), $copu_product['stores'])) {
							continue 2;
						}
					}
				}]]></add>
		</operation>
		<operation> <!-- load 'copu_cart' into children -->
			<search><![CDATA[$data['products'][] = array(]]></search>
			<add position="before"><![CDATA[$data['copu_cart'][$product['order_product_id']] = $this->load->controller('myoc/copu/cart', array('order_id' => $this->request->get['order_id'], 'order_product_id' => $product['order_product_id']));]]></add>
		</operation>
		<operation> <!-- enable order_product_id variable -->
			<search><![CDATA[$data['products'][] = array(]]></search>
			<add position="after"><![CDATA['order_product_id' => $product['order_product_id'],]]></add>
		</operation>
		<operation> <!-- load 'copu_history' into children -->
			<search index="1"><![CDATA[$data['column_left'] =]]></search>
			<add position="before"><![CDATA[$data['copu_history'] = $this->load->controller('myoc/copu', array('type' => 'order'));]]></add>
		</operation>
    </file>
    <file path="catalog/view/theme/*/template/account/order_info.tpl">
		<operation> <!-- output upload file links -->
			<search><![CDATA[<?php echo $option['name']; ?>]]></search>
			<add position="after"><![CDATA[<?php } echo $copu_cart[$product['order_product_id']]; if(false) { ?>]]></add>
		</operation>
		<operation> <!-- output upload files summary on account/order_info order history page -->
			<search><![CDATA[<?php if ($comment) { ?>]]></search>
			<add position="before"><![CDATA[<?php echo $copu_history; ?>]]></add>
		</operation>
    </file>
    <file path="catalog/controller/account/account.php">
		<operation> <!-- output account/myoccopu link on Account sidebar module -->
			<search><![CDATA[->view('account/account',]]></search>
			<add position="before"><![CDATA[$data['copu_customer'] = false;
				$this->load->language('myoc/copu');
				if($this->config->get('copu_customer_status') && $this->config->get('copu_customer_stores') && in_array($this->config->get('config_store_id'), $this->config->get('copu_customer_stores'))) {
					$data['copu_customer'] = $this->url->link('account/upload', '', 'SSL');
					$data['text_copu_customer'] = $this->language->get('text_copu_customer');
				}]]></add>
		</operation>
    </file>
    <file path="catalog/view/theme/*/template/account/account.tpl">
		<operation> <!-- output account/myoccopu link on My Account page -->
			<search><![CDATA[<?php echo $text_wishlist; ?>]]></search>
			<add position="after"><![CDATA[<?php if($copu_customer) { ?>
					<li><a href="<?php echo $copu_customer; ?>"><?php echo $text_copu_customer; ?></a></li>
				<?php } ?>]]></add>
		</operation>
    </file>
    <file path="catalog/controller/extension/module/account.php">
		<operation> <!-- output account/myoccopu link on Account sidebar module -->
			<search><![CDATA[->view('extension/module/account',]]></search>
			<add position="before"><![CDATA[$data['copu_customer'] = false;
				$this->load->language('myoc/copu');
				if($this->config->get('copu_customer_status') && $this->config->get('copu_customer_stores') && in_array($this->config->get('config_store_id'), $this->config->get('copu_customer_stores'))) {
					$data['copu_customer'] = $this->url->link('account/upload', '', 'SSL');
					$data['text_copu_customer'] = $this->language->get('text_copu_customer');
				}]]></add>
		</operation>
    </file>
    <file path="catalog/view/theme/*/template/extension/module/account.tpl">
		<operation> <!-- output account/myoccopu link on Account sidebar module -->
			<search><![CDATA[<?php echo $text_wishlist; ?></a>]]></search>
			<add position="replace"><![CDATA[<?php echo $text_wishlist; ?></a>
				<?php if($copu_customer) { ?>
					<a href="<?php echo $copu_customer; ?>" class="list-group-item"><?php echo $text_copu_customer; ?></a>
				<?php } ?>]]></add>
		</operation>
    </file>
    <file path="catalog/controller/checkout/cart.php">
   		<operation> <!-- prevent cart item quantity update if force qty enabled -->
			<search><![CDATA[$this->cart->update]]></search>
			<add position="before"><![CDATA[$cart_products = $this->cart->getProducts();
				$copu_products = $this->config->get('copu_products');
				if($copu_products && !empty($copu_products)) {
					$force_qty = 0;
					$cart_options = array();
					if(isset($cart_products[$key]['option'])) {
						$cart_options = $cart_products[$key]['option'];
					} else {
						foreach($cart_products as $cart_product) {
							if($cart_product['cart_id'] == $key) {
								$cart_options = $cart_product['option'];
								break;
							}
						}
					}
					foreach($cart_options as $option_data) {
						foreach($copu_products as $copu_product) {
							if($copu_product['status'] && $copu_product['force_qty'] && isset($copu_product['stores']) && !empty($copu_product['stores']) && in_array($this->config->get('config_store_id'), $copu_product['stores']) && isset($copu_product['options']) && !empty($copu_product['options']) && in_array($option_data['option_id'], $copu_product['options']) && $option_data['type'] == 'file' && !empty($option_data['value'])) {
								$force_qty++;
							}
						}
					}
					$value = $force_qty ? $force_qty : $value;
				}]]></add>
		</operation>
		<operation> <!-- skip default filename options and replace product image -->
			<search><![CDATA[$upload_info = $this->model_tool_upload->getUploadByCode(]]></search>
			<add position="before"><![CDATA[$copu_products = $this->config->get('copu_products');
				if($copu_products && !empty($copu_products)) {
					foreach($copu_products as $copu_product) {
						if($copu_product['status'] && isset($copu_product['options']) && !empty($copu_product['options']) && in_array($option['option_id'], $copu_product['options']) && isset($copu_product['stores']) && !empty($copu_product['stores']) && in_array($this->config->get('config_store_id'), $copu_product['stores'])) {
							$upload_info = $this->model_tool_upload->getUploadByCode($option['value']);
							if($upload_info && file_exists(DIR_UPLOAD . $upload_info['filename']) && filesize(DIR_UPLOAD . $upload_info['filename']) && $copu_product['replace']) {
	 							$imageinfo = @getimagesize(DIR_UPLOAD . $upload_info['filename']);
								if($imageinfo[2] > 0 && $imageinfo[2] < 4) {
									$random_str = md5($option['value']);
									copy(DIR_UPLOAD . $upload_info['filename'], DIR_IMAGE . $random_str . $upload_info['name']);
	 								$image = $this->model_tool_image->resize($random_str . $upload_info['name'], $this->config->get($this->config->get('config_theme') . '_image_cart_width'), $this->config->get($this->config->get('config_theme') . '_image_cart_height'));
	 								unlink(DIR_IMAGE . $random_str . $upload_info['name']);
								}
							}
							continue 2;
						}
					}
				}]]></add>
		</operation>
		<operation> <!-- load 'copu_cart' into children -->
			<search><![CDATA[$data['products'][] = array(]]></search>
			<add position="before"><![CDATA[if(isset($product['key'])) {
						$key = $product['key'];
					} else if(isset($result['key'])) {
						$key = $result['key'];
					} else if(isset($product['cart_id'])) {
						$key = $product['cart_id'];
					}
					$data['copu_cart'][$key] = $this->load->controller('myoc/copu/cart', array('key' => $key));]]></add>
		</operation>
		<operation> <!-- load 'copu_order' into children -->
			<search index="0"><![CDATA[$data['column_left'] =]]></search>
			<add position="before"><![CDATA[$data['copu_order'] = $this->load->controller('myoc/copu', array('type' => 'order', 'path' => 'cart'));]]></add>
		</operation>
		<operation> <!-- verify minimum product upload -->
			<search><![CDATA[if ($product_option['required']]]></search>
			<add position="before"><![CDATA[$copu_products = $this->config->get('copu_products');
				if($product_option['type'] == 'file' && isset($this->request->post['copu_product_id'][$product_option['product_option_id']]) && $copu_products) {
					foreach($copu_products as $copu_product) {
						if($copu_product['copu_product_id'] == $this->request->post['copu_product_id'][$product_option['product_option_id']] && $copu_product['status'] && isset($copu_product['stores']) && !empty($copu_product['stores']) && in_array($this->config->get('config_store_id'), $copu_product['stores']) && isset($copu_product['options']) && !empty($copu_product['options']) && in_array($product_option['option_id'], $copu_product['options'])) {
							$product_id = isset($this->request->post['product_id']) ? $this->request->post['product_id'] : $product_id;
							if($copu_product['minimum'] && (!isset($this->session->data['copu_product_uploads'][$product_id][$product_option['product_option_id']]) || count($this->session->data['copu_product_uploads'][$product_id][$product_option['product_option_id']]) < $copu_product['minimum'])) {
								$this->load->language('myoc/copu');
								$json['error'][$product_option['product_option_id']] = $json['error']['option'][$product_option['product_option_id']] = sprintf($this->language->get('error_upload_minimum'), $copu_product['minimum']);
							}
							if(isset($this->session->data['copu_product_uploads'][$product_id][$product_option['product_option_id']])) {
								$option[$product_option['product_option_id']] = $this->session->data['copu_product_uploads'][$product_id][$product_option['product_option_id']];
							}
							$product_option['required'] = false;
						}
					}
				}]]></add>
		</operation>
		<operation> <!-- force order quantity to number of upload files -->
			<search><![CDATA[$this->cart->add]]></search>
			<add position="before"><![CDATA[$copu_products = $this->config->get('copu_products');
				if($copu_products && !empty($copu_products) && isset($this->request->post['copu_product_id'])) {
					$force_qty = 0;
					foreach($copu_products as $copu_product) {
						foreach($option as $product_option_id => $option_data) {
							if(isset($this->request->post['copu_product_id'][$product_option_id]) && $copu_product['copu_product_id'] == $this->request->post['copu_product_id'][$product_option_id] && $copu_product['status'] && $copu_product['force_qty'] && isset($copu_product['stores']) && !empty($copu_product['stores']) && in_array($this->config->get('config_store_id'), $copu_product['stores']) && isset($this->session->data['copu_product_uploads'][$this->request->post['product_id']]) && isset($this->session->data['copu_product_uploads'][$this->request->post['product_id']][$product_option_id])) {
								$force_qty += count($this->session->data['copu_product_uploads'][$this->request->post['product_id']][$product_option_id]);
							}
						}
						$quantity = $force_qty ? $force_qty : $quantity;
					}
				}]]></add>
		</operation>
		<operation> <!-- clear specific product_id upload session -->
			<search><![CDATA[$this->cart->add]]></search>
			<add position="after"><![CDATA[if(isset($this->session->data['copu_product_uploads'][$this->request->post['product_id']])) {
					unset($this->session->data['copu_product_uploads'][$this->request->post['product_id']]);
				}]]></add>
		</operation>
    </file>
    <file path="catalog/view/theme/*/template/checkout/cart.tpl">
		<operation> <!-- output upload file links -->
			<search><![CDATA[<?php echo $option['name']; ?>]]></search>
			<add position="after"><![CDATA[<?php }} echo $copu_cart[isset($product['key']) ? $product['key'] : $product['cart_id']]; {{ ?>]]></add>
		</operation>
		<operation> <!-- output upload box on checkout/cart page -->
			<search index="0"><![CDATA[</form>]]></search>
			<add position="after"><![CDATA[<?php echo $copu_order; ?>]]></add>
		</operation>
    </file>
    <file error="skip" name="catalog/controller/common/cart.php">
   		<operation> <!-- skip default filename options and replace product image -->
			<search><![CDATA[$option_data[] = array(]]></search>
			<add position="before"><![CDATA[$copu_products = $this->config->get('copu_products');
				if($option['type'] == 'file' && $copu_products && !empty($copu_products)) {
					foreach($copu_products as $copu_product) {
						if($copu_product['status'] && isset($copu_product['options']) && !empty($copu_product['options']) && in_array($option['option_id'], $copu_product['options']) && isset($copu_product['stores']) && !empty($copu_product['stores']) && in_array($this->config->get('config_store_id'), $copu_product['stores'])) {
							if($copu_product['replace'] && $upload_info['filename'] && file_exists(DIR_UPLOAD . $upload_info['filename']) && filesize(DIR_UPLOAD . $upload_info['filename'])) {
		     					$imageinfo = @getimagesize(DIR_UPLOAD . $upload_info['filename']);
		    					if($imageinfo[2] > 0 && $imageinfo[2] < 4) {
		    						$value = myoc_basename($value);
		    						$random_str = md5($option['value']);
				                    copy(DIR_UPLOAD . $upload_info['filename'], DIR_IMAGE . $random_str . $value);
		     						$image = $this->model_tool_image->resize($random_str . $value, $this->config->get($this->config->get('config_theme') . '_image_cart_width'), $this->config->get($this->config->get('config_theme') . '_image_cart_height'));
		     						unlink(DIR_IMAGE . $random_str . $value);
		     					}
		     				}
	         				continue 2;
	         			}
	         		}
         		}]]></add>
		</operation>
		<operation> <!-- load 'copu_cart' into children -->
			<search><![CDATA[$data['products'][] = array(]]></search>
			<add position="before"><![CDATA[if(isset($product['key'])) {
						$key = $product['key'];
					} else if(isset($result['key'])) {
						$key = $result['key'];
					} else if(isset($product['cart_id'])) {
						$key = $product['cart_id'];
					}
					$data['copu_cart'][$key] = $this->load->controller('myoc/copu/cart', array('key' => $key));]]></add>
		</operation>
    </file>
    <file error="skip" name="catalog/view/theme/*/template/module/cart.tpl">
		<operation> <!-- output upload file links -->
			<search><![CDATA[<?php echo $option['name']; ?>]]></search>
			<add position="after"><![CDATA[<?php } echo $copu_cart[isset($product['key']) ? $product['key'] : $product['cart_id']]; if(false) { ?>]]></add>
		</operation>
    </file>
    <file error="skip" name="catalog/view/theme/*/template/common/cart.tpl"> <!-- OCv1.5.1.3, OCv2.0.x -->
		<operation> <!-- output upload file links -->
			<search><![CDATA[<?php echo $option['name']; ?>]]></search>
			<add position="after"><![CDATA[<?php }} echo $copu_cart[isset($product['key']) ? $product['key'] : $product['cart_id']]; {{ ?>]]></add>
		</operation>
    </file>
    <file path="catalog/controller/checkout/register.php">
		<operation> <!-- load copu_register into children -->
			<search><![CDATA[checkout/register]]></search>
			<add position="before"><![CDATA[$data['copu_register'] = $this->load->controller('myoc/copu', array('type' => 'customer', 'path' => 'register'));]]></add>
		</operation>
		<operation> <!-- validate if minimum upload is met during customer registration -->
			<search><![CDATA[$json = array();]]></search>
			<add position="after"><![CDATA[if($this->config->get('copu_customer_status') && $this->config->get('copu_customer_stores') && in_array($this->config->get('config_store_id'), $this->config->get('copu_customer_stores')) && $this->config->get('copu_customer_register') && $this->config->get('copu_customer_minimum') && (!isset($this->session->data['copu_customer_uploads']) || count($this->session->data['copu_customer_uploads']) < $this->config->get('copu_customer_minimum'))) {
					$this->load->language('myoc/copu');
					$json['error']['warning'] = sprintf($this->language->get('error_upload_minimum'), $this->config->get('copu_customer_minimum'));
				}]]></add>
		</operation>
		<operation> <!-- add upload from session if customer registration successful -->
			<search><![CDATA[$this->model_account_customer->addCustomer(]]></search>
			<add position="after"><![CDATA[if($this->config->get('copu_customer_status') && $this->config->get('copu_customer_register') && $this->config->get('copu_customer_stores') && in_array($this->config->get('config_store_id'), $this->config->get('copu_customer_stores')) && isset($this->session->data['copu_customer_uploads']) && !empty($this->session->data['copu_customer_uploads'])) {
				$this->load->model('myoc/copu');
				$this->load->model('tool/upload');
				$new_customer_id = $this->model_myoc_copu->getNewCustomerId();
				if(method_exists($this->encryption, 'encrypt')) {
					$encryption = $this->encryption;
				} else {
					$this->load->library('encryption');
				 	$encryption = new Encryption($this->config->get('config_encryption'));
				}
				$copu_file_location = $this->config->get('copu_customer_file_location') ? "../" . $this->config->get('copu_customer_file_location')  . "/": "";
				if(!empty($copu_file_location) && strpos($copu_file_location, '%customer_id%')) {
					$copu_file_location = str_replace('%customer_id%', $new_customer_id, $copu_file_location);
				} else {
					$copu_file_location = "";
				}
				if(!empty($copu_file_location) && !file_exists(DIR_UPLOAD . $copu_file_location)) {
					mkdir(DIR_UPLOAD . $copu_file_location, 0755, true);
				}
				foreach($this->session->data['copu_customer_uploads'] as $upload) {
					$file = $encryption->decrypt($upload);
					rename(DIR_UPLOAD . $file, DIR_UPLOAD . $copu_file_location . $file);
					$upload_code = $this->model_tool_upload->addUpload(myoc_basename(substr($file, 0, strrpos($file, '.'))), $copu_file_location . $file);
					$upload_info = $this->model_tool_upload->getUploadByCode($upload_code);
					$this->model_myoc_copu->addUpload(array('filename' => $copu_file_location . $file, 'customer_id' => $new_customer_id, 'upload_id' => $upload_info['upload_id']));
					if($this->config->get('copu_customer_email_attachment')) {
						$filename = substr($file, 0, strrpos($file, '.'));
						if(file_exists(DIR_UPLOAD . $filename)) {
							unlink(DIR_UPLOAD . $filename);
						}
					}
				}
				unset($this->session->data['copu_customer_uploads']);
			}]]></add>
		</operation>
    </file>
    <file path="catalog/view/theme/*/template/checkout/register.tpl">
		<operation> <!-- output the upload box on registration page -->
			<search><![CDATA[<?php if ($text_agree) { ?>]]></search>
			<add position="before"><![CDATA[<?php echo $copu_register; ?>]]></add>
		</operation>
    </file>
    <file path="catalog/model/checkout/order.php">
		<operation> <!-- load the copu_order for email text template (customer) -->
			<search><![CDATA[$text .= $language->get('text_new_link')]]></search>
			<add position="before"><![CDATA[}
				$data['copu_order'] = false;
				if($this->config->get('copu_order_status') && $this->config->get('copu_order_stores') && in_array($this->config->get('config_store_id'), $this->config->get('copu_order_stores'))) {
					$this->load->model('myoc/copu');
					$data['copu_order'] = $this->model_myoc_copu->getOrderUploadInvoice(array('language_code' => $order_info['language_code'], 'order_id' => $order_id, 'format' => 'html'));
				}
				$text .= $data['copu_order'] ? $this->model_myoc_copu->getOrderUploadInvoice(array('language_code' => $order_info['language_code'], 'order_id' => $order_id, 'format' => 'text')) : '';
				if ($order_info['customer_id']) {]]></add>
		</operation>
		<operation> <!-- load the copu_order for email text template (admin) -->
			<search index="3"><![CDATA[$text .= "\n";]]></search>
			<add position="after"><![CDATA[$text .= $data['copu_order'] ? $this->model_myoc_copu->getOrderUploadInvoice(array('language_code' => $order_info['language_code'], 'order_id' => $order_id, 'format' => 'text')) : '';]]></add>
		</operation>
		<operation> <!-- create attachment array -->
			<search><![CDATA[$this->config->get('config_mail_alert')]]></search>
			<add position="after"><![CDATA[$copu_product_attachments = array();
				$copu_products = $this->config->get('copu_products');]]></add>
		</operation>
		<operation> <!-- check for product upload and add files attachment array -->
			<search index="0"><![CDATA[$value = utf8_substr($option['value'],]]></search>
			<add position="after"><![CDATA[if($copu_products) {
					$product_option_query = $this->db->query("SELECT * FROM " . DB_PREFIX . "product_option WHERE product_option_id = '" . (int)$option['product_option_id'] . "'");
					foreach($copu_products as $copu_product) {
						if($copu_product['status'] && $copu_product['email_attachment'] && isset($copu_product['options']) && !empty($copu_product['options']) && in_array($product_option_query->row['option_id'], $copu_product['options']) && isset($copu_product['stores']) && !empty($copu_product['stores']) && in_array($this->config->get('config_store_id'), $copu_product['stores'])) {
							$upload_info = $this->model_tool_upload->getUploadByCode($option['value']);
							copy(DIR_UPLOAD . $upload_info['filename'], DIR_UPLOAD . $upload_info['name']);
							$copu_product_attachments[] = $upload_info['name'];
						}
					}
				}]]></add>
		</operation>
		<operation> <!-- check for order & product upload and add files to admin email as attachment -->
			<search><![CDATA[$mail->setTo($this->config->get('config_email'));]]></search>
			<add position="before"><![CDATA[if($this->config->get('copu_order_status') && $this->config->get('copu_order_stores') && in_array($this->config->get('config_store_id'), $this->config->get('copu_order_stores')) && $this->config->get('copu_order_email_attachment')) {
				if(isset($this->session->data['copu_order_uploads']) && !empty($this->session->data['copu_order_uploads'])) {
					if(method_exists($this->encryption, 'encrypt')) {
						$encryption = $this->encryption;
					} else {
						$this->load->library('encryption');
					 	$encryption = new Encryption($this->config->get('config_encryption'));
					}
					foreach($this->session->data['copu_order_uploads'] as $upload) {
						$file = $encryption->decrypt($upload);
						$filename = substr($file, 0, strrpos($file, '.'));
						copy(DIR_UPLOAD . $file, DIR_UPLOAD . $filename);
						$mail->addAttachment(DIR_UPLOAD . $filename);
					}
				} else {
					$this->load->model('myoc/copu');
					$order_uploads = $this->model_myoc_copu->getUploads(array('order_id' => $order_id));
					if($order_uploads) {
						foreach($order_uploads as $order_upload) {
							copy(DIR_UPLOAD . $order_upload['filename'], DIR_UPLOAD . $order_upload['mask']);
							$mail->addAttachment(DIR_UPLOAD . $order_upload['mask']);
						}
					}
				}
			}
			foreach($copu_product_attachments as $copu_product_attachment) {
				$mail->addAttachment(DIR_UPLOAD . $copu_product_attachment);
			}]]></add>
		</operation>
    </file>
    <file path="catalog/view/theme/*/template/mail/order.tpl">
		<operation> <!-- output copu_order to email template -->
			<search><![CDATA[<?php echo $text_footer; ?>]]></search>
			<add position="before"><![CDATA[<?php echo $copu_order; ?>]]></add>
		</operation>
    </file>
    <file path="catalog/controller/checkout/checkout.php">
		<operation> <!-- validate if minimum upload for order is met, load copu.css,js -->
			<search><![CDATA[function index(]]></search>
			<add position="after"><![CDATA[if($this->config->get('copu_order_status') && $this->config->get('copu_order_stores') && in_array($this->config->get('config_store_id'), $this->config->get('copu_order_stores')) && $this->config->get('copu_order_minimum') && (!isset($this->session->data['copu_order_uploads']) || count($this->session->data['copu_order_uploads']) < $this->config->get('copu_order_minimum'))) {
					$this->response->redirect($this->url->link('checkout/cart'));
				}
			$this->document->addScript('catalog/view/javascript/jquery/myoc/copu-helper.js');
			$this->document->addScript('catalog/view/javascript/jquery/myoc/jquery.ui.widget.js');
			$this->document->addScript('catalog/view/javascript/jquery/myoc/load-image.min.js');
			$this->document->addScript('catalog/view/javascript/jquery/myoc/canvas-to-blob.min.js');
			$this->document->addScript('catalog/view/javascript/jquery/myoc/jquery.iframe-transport.js');
			$this->document->addScript('catalog/view/javascript/jquery/myoc/jquery.fileupload.js');
			$this->document->addScript('catalog/view/javascript/jquery/myoc/jquery.fileupload-process.js');
			$this->document->addScript('catalog/view/javascript/jquery/myoc/jquery.fileupload-image.js');
			if (file_exists('catalog/view/theme/' . $this->config->get('config_template') . '/stylesheet/myoc/copu.css')) {
				$this->document->addStyle('catalog/view/theme/' . $this->config->get('config_template') . '/stylesheet/myoc/copu.css');
			} else {
				$this->document->addStyle('catalog/view/theme/default/stylesheet/myoc/copu.css');
			}
			$this->document->addScript('catalog/view/javascript/jquery/magnific/jquery.magnific-popup.min.js');
			$this->document->addStyle('catalog/view/javascript/jquery/magnific/magnific-popup.css');]]></add>
		</operation>
    </file>
    <file path="catalog/controller/checkout/confirm.php">
    	<operation> <!-- save order upload into db when order is created -->
			<search><![CDATA[$this->model_checkout_order->addOrder(]]></search>
			<add position="after"><![CDATA[$copu_products = $this->config->get('copu_products');
				$this->load->model('myoc/copu');
				$this->load->model('tool/upload');
				if($copu_products) {
					foreach($order_data['products'] as $data_product) {
						foreach($data_product['option'] as $data_option) {
							if($data_option['type'] == 'file') {
								foreach($copu_products as $copu_product) {
									if($copu_product['status'] && isset($copu_product['options']) && !empty($copu_product['options']) && in_array($data_option['option_id'], $copu_product['options']) && isset($copu_product['stores']) && !empty($copu_product['stores']) && in_array($this->config->get('config_store_id'), $copu_product['stores'])) {
										$copu_file_location = empty($copu_product['file_location']) ? "" : "../" . $copu_product['file_location'] . "/";
										if(!empty($copu_file_location)) {
											if(strpos($copu_file_location, '%order_id%')) {
												$copu_file_location = str_replace('%order_id%', $this->session->data['order_id'], $copu_file_location);
											}
											if(strpos($copu_file_location, '%customer_id%')) {
												if($this->customer->isLogged()) {
													$copu_file_location = str_replace('%customer_id%', $this->customer->isLogged(), $copu_file_location);
												} else {
													$copu_file_location = str_replace('%customer_id%', 'customer_id', $copu_file_location);
												}
											}
											if(strpos($copu_file_location, '%product_id%')) {
												$copu_file_location = str_replace('%product_id%', $data_product['product_id'], $copu_file_location);
											}
											$upload_info = $this->model_tool_upload->getUploadByCode($data_option['value']);

											if($upload_info['filename'] != $copu_file_location . myoc_basename($upload_info['filename'])) {
												$this->model_myoc_copu->editUpload($upload_info['upload_id'], array('filename' => $copu_file_location . myoc_basename($upload_info['filename'])));
												if(!file_exists(DIR_UPLOAD . $copu_file_location)) {
													mkdir(DIR_UPLOAD . $copu_file_location, 0755, true);
												}
												if(file_exists(DIR_UPLOAD . $upload_info['filename']) && !file_exists(DIR_UPLOAD . $copu_file_location . myoc_basename($upload_info['filename']))) {
													copy(DIR_UPLOAD . $upload_info['filename'], DIR_UPLOAD . $copu_file_location . myoc_basename($upload_info['filename']));
													unlink(DIR_UPLOAD . $upload_info['filename']);
												}
											}
										}
									}
								}
							}
						}
					}
				}
				if($this->config->get('copu_order_status') && $this->config->get('copu_order_stores') && in_array($this->config->get('config_store_id'), $this->config->get('copu_order_stores')) && isset($this->session->data['copu_order_uploads']) && !empty($this->session->data['copu_order_uploads'])) {
					if(method_exists($this->encryption, 'encrypt')) {
						$encryption = $this->encryption;
					} else {
						$this->load->library('encryption');
					 	$encryption = new Encryption($this->config->get('config_encryption'));
					}
					$copu_file_location = $this->config->get('copu_order_file_location') ? "../" . $this->config->get('copu_order_file_location') . "/" : "";
					if(!empty($copu_file_location)) {
						if(strpos($copu_file_location, '%order_id%')) {
							$copu_file_location = str_replace('%order_id%', $this->session->data['order_id'], $copu_file_location);
						}
						if(strpos($copu_file_location, '%customer_id%')) {
							if($this->customer->isLogged()) {
								$copu_file_location = str_replace('%customer_id%', $this->customer->isLogged(), $copu_file_location);
							} else {
								$copu_file_location = str_replace('%customer_id%', 'customer_id', $copu_file_location);
							}
						}
						if(!file_exists(DIR_UPLOAD . $copu_file_location)) {
							mkdir(DIR_UPLOAD . $copu_file_location, 0755, true);
						}
					}
					foreach($this->session->data['copu_order_uploads'] as $upload) {
						$file = $encryption->decrypt($upload);
						if(!empty($copu_file_location) && file_exists(DIR_UPLOAD . $file) && !file_exists(DIR_UPLOAD . $copu_file_location . myoc_basename($file))) {
							copy(DIR_UPLOAD . $file, DIR_UPLOAD . $copu_file_location . myoc_basename($file));
						}
						$upload_code = $this->model_tool_upload->addUpload(myoc_basename(substr($file, 0, strrpos($file, '.'))), $copu_file_location . myoc_basename($file));
						$upload_info = $this->model_tool_upload->getUploadByCode($upload_code);
						$this->model_myoc_copu->addUpload(array('filename' => $copu_file_location . myoc_basename($file), 'order_id' => $this->session->data['order_id'], 'upload_id' => $upload_info['upload_id']));
					}
				}]]></add>
		</operation>
   		<operation> <!-- skip default filename options -->
			<search><![CDATA[if ($option['type'] != 'file')]]></search>
			<add position="before"><![CDATA[$copu_products = $this->config->get('copu_products');
					if($option['type'] == 'file' && $copu_products && !empty($copu_products)) {
						foreach($copu_products as $copu_product) {
							if($copu_product['status'] && isset($copu_product['options']) && !empty($copu_product['options']) && in_array($option['option_id'], $copu_product['options']) && isset($copu_product['stores']) && !empty($copu_product['stores']) && in_array($this->config->get('config_store_id'), $copu_product['stores'])) {
								continue 2;
							}
						}
					}]]></add>
		</operation>
		<operation> <!-- load 'copu_cart' into children -->
			<search><![CDATA[$data['products'][] = array(]]></search>
			<add position="before"><![CDATA[$data['copu_cart'][isset($product['key']) ? $product['key'] : $product['cart_id']] = $this->load->controller('myoc/copu/cart', array('key' => (isset($product['key']) ? $product['key'] : $product['cart_id'])));]]></add>
		</operation>
		<operation> <!-- add key variable -->
			<search><![CDATA[$data['products'][] = array(]]></search>
			<add position="after"><![CDATA['key' => isset($product['key']) ? $product['key'] : $product['cart_id'],]]></add>
		</operation>
		<operation> <!-- load 'copu_checkout' into children -->
			<search><![CDATA[checkout/confirm]]></search>
			<add position="before"><![CDATA[$data['copu_checkout'] = $this->load->controller('myoc/copu', array('type' => 'order', 'path' => 'checkout'));]]></add>
		</operation>
    </file>
    <file path="catalog/view/theme/*/template/checkout/confirm.tpl">
		<operation> <!-- output upload file links -->
			<search><![CDATA[<?php echo $option['name']; ?>]]></search>
			<add position="after"><![CDATA[<?php } echo $copu_cart[$product['key']]; if(false) { ?>]]></add>
		</operation>
		<operation> <!-- output upload files summary on checkout/checkout page -->
			<search><![CDATA[<?php echo $payment; ?>]]></search>
			<add position="before"><![CDATA[<?php echo $copu_checkout; ?>]]></add>
		</operation>
    </file>
    <file path="catalog/controller/checkout/success.php">
    	<operation> <!-- clear order uplaod session after order success -->
			<search><![CDATA[cart->clear(]]></search>
			<add position="before"><![CDATA[if(isset($this->session->data['copu_order_uploads'])) {
					if(method_exists($this->encryption, 'encrypt')) {
						$encryption = $this->encryption;
					} else {
						$this->load->library('encryption');
					 	$encryption = new Encryption($this->config->get('config_encryption'));
					}
					$copu_file_location = $this->config->get('copu_order_file_location') ? "../" . $this->config->get('copu_order_file_location')  . "/": "";
					if(!empty($copu_file_location)) {
						if(strpos($copu_file_location, '%order_id%')) {
							$copu_file_location = str_replace('%order_id%', $this->session->data['order_id'], $copu_file_location);
						}
						if(strpos($copu_file_location, '%customer_id%')) {
							if($this->customer->isLogged()) {
								$copu_file_location = str_replace('%customer_id%', $this->customer->isLogged(), $copu_file_location);
							} else {
								$copu_file_location = str_replace('%customer_id%', 'customer_id', $copu_file_location);
							}
						}
						foreach($this->session->data['copu_order_uploads'] as $copu_order_uploads) {
							$file = $encryption->decrypt($copu_order_uploads);
							if(substr($file, 0, strpos($file, myoc_basename($file))) != $copu_file_location && $file == myoc_basename($file) && file_exists(DIR_UPLOAD . $file)) {
								unlink(DIR_UPLOAD . $file);
							}
							if($this->config->get('copu_order_email_attachment')) {
								$filename = substr($file, 0, strrpos($file, '.'));
								if(file_exists(DIR_UPLOAD . $filename)) {
									unlink(DIR_UPLOAD . $filename);
								}
							}
						}
					}
					unset($this->session->data['copu_order_uploads']);
				}
				$this->load->model('tool/upload');
				$copu_products = $this->config->get('copu_products');
				if($copu_products) {
					foreach ($this->cart->getProducts() as $product) {
						foreach ($product['option'] as $option) {
							if ($option['type'] == 'file') {
								foreach($copu_products as $copu_product) {
									if($copu_product['status'] && isset($copu_product['options']) && !empty($copu_product['options']) && in_array($option['option_id'], $copu_product['options']) && isset($copu_product['stores']) && !empty($copu_product['stores']) && in_array($this->config->get('config_store_id'), $copu_product['stores'])) {
										if($copu_product['email_attachment']) {
											$upload_info = $this->model_tool_upload->getUploadByCode($option['value']);
											if(file_exists(DIR_UPLOAD . $upload_info['name'])) {
												unlink(DIR_UPLOAD . $upload_info['name']);
											}
										}
									}
								}
							}
						}
					}
				}]]></add>
		</operation>
    </file>
    <file path="catalog/controller/product/product.php">
		<operation> <!-- load 'copu_product' into children -->
			<search><![CDATA[$this->model_catalog_product->updateViewed(]]></search>
			<add position="before"><![CDATA[$data['copu_product'] = array();
					$data['copu_force_qty'] = false;
					$copu_products = $this->config->get('copu_products');
					if($copu_products) {
						foreach($copu_products as $copu_product) {
							if(isset($copu_product['options']) && !empty($copu_product['options'])) {
								foreach($this->model_catalog_product->getProductOptions($this->request->get['product_id']) as $option) {
									if($option['type'] == 'file' && isset($copu_product['options']) && !empty($copu_product['options']) && in_array($option['option_id'], $copu_product['options'])) {
										$data['copu_product'][$option['product_option_id']] = $this->load->controller('myoc/copu', array('type' => 'product', 'copu_product_id' => $copu_product['copu_product_id'], 'product_option_id' => $option['product_option_id']));
										$data['copu_force_qty'] = $copu_product['force_qty'];
									}
								}
							}
						}
					}]]></add>
		</operation>
    </file>
    <file path="catalog/view/theme/*/template/product/product.tpl">
		<operation> <!-- output upload box on product page -->
			<search><![CDATA[<?php echo $button_upload; ?>]]></search>
			<add position="before"><![CDATA[<?php } if($option['type'] == 'file' && $copu_product && isset($copu_product[$option['product_option_id']])) {
					echo $copu_product[$option['product_option_id']];
				} elseif($option['type'] == 'file') { ?>]]></add>
		</operation>
		<operation error="skip"> <!-- remove upload files and restore product image if replaced after product added to cart -->
			<search><![CDATA[animate]]></search>
			<add position="before"><![CDATA[$(".copu-tbl tbody").find("tr:not(:last,.error-msg)").remove();
				$(".copu-tbl tbody tr.error-msg").each(function() { $(this).before(empty_row); });
				if($('.thumbnails li').attr('data-copu-replace')) {
					$('.thumbnails li[data-copu-replace]').each(function() {
						$(this).remove();
					});
					$('.thumbnails li:first').removeClass('image-additional');
				}
				<?php if($copu_force_qty) { ?>
				$('input[name=quantity]').val(<?php echo $minimum; ?>);
				<?php } ?>]]></add>
		</operation>
		<operation error="skip"> <!-- disable default file upload javascript -->
			<search index="1"><![CDATA[<?php if ($option['type'] == 'file') { ?>]]></search>
			<add position="after"><![CDATA[<?php } if($option['type'] == 'file' && (!$copu_product || !isset($copu_product[$option['product_option_id']]))) { ?>]]></add>
		</operation>
	</file>
</modification>
