<?xml version="1.0" encoding="utf-8"?>
<modification>
  <name>RSS</name>
	<code>RSS</code>
  <version>1.0</version>
  <author>lip</author>
  <link>https://sistemy48.ru</link>
		
	<file path="catalog/view/theme/*/template/checkout/shipping_method.tpl">
	<operation>
      <search><![CDATA[
				<label>
      ]]></search>
      <add position="replace"><![CDATA[
				<label for="<?php echo $quote['code']; ?>">
      ]]></add>
    </operation>
	<operation>
      <search><![CDATA[
				<?php echo $quote['title']; ?> - <?php echo $quote['text']; ?></label>
      ]]></search>
      <add position="replace"><![CDATA[
				<span class="title"><?php echo $quote['title']; ?></span> - <span class="text"><?php echo $quote['text']; ?></span></label>
      ]]></add>
    </operation>
	</file>
	<file path="catalog/controller/common/header.php">
	<operation>
      <search><![CDATA[
				$data['title'] = $this->document->getTitle();
      ]]></search>
      <add position="before"><![CDATA[
		$this->document->addScript('https://api-maps.yandex.ru/2.1/?lang=ru_RU');
      ]]></add>
    </operation>
	</file>
 </modification>
 