<?xml version="1.0" encoding="utf-8"?>
<modification>
    <code>vkExportMenu</code>
    <name>Экспорт товаров ВКонатке - меню</name>
    <version>1.0</version>
    <author>opencart2x.ru</author>
    <link>https://opencart2x.ru</link>
	<file path="admin/controller/common/menu.php">
		<operation>
			<search><![CDATA[return $this->load->view('common/menu.tpl', $data);]]></search>
			<add position="before"><![CDATA[
                    $data['vk_export'] = $this->url->link('extension/vk_export', 'token=' . $this->session->data['token'], 'SSL');
                    $data['vk_export_albums'] = $this->url->link('extension/vk_export/albums', 'token=' . $this->session->data['token'], 'SSL');
                    $data['vk_export_market'] = $this->url->link('extension/vk_export/market', 'token=' . $this->session->data['token'], 'SSL');
                    $data['vk_export_setting'] = $this->url->link('module/vk_export', 'token=' . $this->session->data['token'], 'SSL');
                    $data['vk_export_report'] = $this->url->link('extension/vk_export/report', 'token=' . $this->session->data['token'], 'SSL');

                    $this->language->load('extension/vk_export_header');
                    $data['text_vk_export'] = $this->language->get('text_vk_export');
                    $data['text_vk_export_albums'] = $this->language->get('text_vk_export_albums');
                    $data['text_vk_export_setting'] = $this->language->get('text_vk_export_setting');
                    $data['text_vk_export_cron_report'] = $this->language->get('text_vk_export_cron_report');
                    $data['text_vk_export_market'] = $this->language->get('text_vk_export_market');
]]></add>
		</operation>	
	</file>
	<file path="admin/view/template/common/menu.tpl">
		<operation>
			<search><![CDATA[
                <li><a href="<?php echo $feed; ?>"><?php echo $text_feed; ?></a></li>
                ]]></search>
			<add position="after"><![CDATA[
                <li><a class="parent"><?php echo $text_vk_export; ?></a>
                              <ul>
                                <li><a href="<?php echo $vk_export; ?>"><?php echo $text_vk_export; ?></a></li>
                                <li><a href="<?php echo $vk_export_albums; ?>"><?php echo $text_vk_export_albums; ?></a></li>
                                <li><a href="<?php echo $vk_export_market; ?>"><?php echo $text_vk_export_market; ?></a></li>
                                <li><a href="<?php echo $vk_export_setting; ?>"><?php echo $text_vk_export_setting; ?></a></li>
                                <li><a href="<?php echo $vk_export_report; ?>"><?php echo $text_vk_export_cron_report; ?></a></li>
                              </ul>
                            </li>
]]></add>
		</operation>		
	</file>	
</modification>
