<?xml version="1.0" encoding="utf-8"?>
<modification>
	<name>Min Order Total - NewStore Patch</name>
	<version>2</version>
	<code>Min-Order-Total-NewStore</code>
	<author>opencart2x.ru</author>
	<link>https://opencart2x.ru</link>
	
	<file path="catalog/controller/checkout/newstorecheckout.php">
		<operation error="log">
			<search><![CDATA[$data['error_warning'] = $this->language->get('error_stock');]]></search>
			<add position="after"><![CDATA[
			} elseif ($this->config->get('min_order_total_status')) {  // start min order total
			
				$vouchers_amount = 0;
				
				if (!empty($this->session->data['vouchers'])) {
					foreach ($this->session->data['vouchers'] as $key => $voucher) {
						$vouchers_amount += $voucher['amount'];
					}
				}
				
				$this->load->model('extension/module/min_order_total');
				
				if ($this->config->get('min_order_total_type') == 'total') {
					$compare_total = $this->currency->format($this->model_extension_module_min_order_total->getCartTotalAbsolute(), $this->session->data['currency'], '', false);
				} else {
					$compare_total = $this->currency->format($this->cart->getSubTotal() + $vouchers_amount, $this->session->data['currency'], '', false);
				}
						
				$min_order_total = $this->currency->format($this->config->get('min_order_total_amount'), $this->session->data['currency'], '', false);
				
				if ($compare_total < $min_order_total) {
					$mot_messages = $this->config->get('min_order_total_message');
					$mot_warning  = $mot_messages[$this->config->get('config_language_id')];
				
					if ($this->config->get('min_order_total_type') == 'total'){
						$data['error_warning'] = str_replace("{min_order_total}", $this->currency->format($this->config->get('min_order_total_amount'), $this->session->data['currency']), $mot_warning['total_message']);
					} else {
						$data['error_warning'] = str_replace("{min_order_total}", $this->currency->format($this->config->get('min_order_total_amount'), $this->session->data['currency']), $mot_warning['subtotal_message']);
					}					
				} else {
					$data['error_warning'] = '';
				}
				// stop min order total
			]]></add>
		</operation>
	</file>
</modification>