<?xml version="1.0" encoding="utf-8"?> 
<modification>
    <name>Цена товара в разных валютах</name>
    <code>product_price_currencies</code>
    <version>2</version>
    <author>opencart2x.ru</author>
    <link>https://opencart2x.ru</link>
   
    <file path="catalog/controller/product/product.php">
        <operation>
            <search><![CDATA[$data['price'] = $this->currency->format]]></search>
            <add position="before"><![CDATA[				$data['clean_price'] = $this->tax->calculate($product_info['price'], $product_info['tax_class_id'], $this->config->get('config_tax'));]]></add>
        </operation>
        <operation>
            <search><![CDATA[if ((float)$product_info['special']) {]]></search>
            <add position="after"><![CDATA[				$data['clean_special'] = $this->tax->calculate($product_info['special'], $product_info['tax_class_id'], $this->config->get('config_tax'));]]></add>
        </operation>  
        <operation>
            <search><![CDATA[$this->load->language('product/product');]]></search>
            <add position="before"><![CDATA[
                $this->load->language('product/product_currency');

                $this->load->model('localisation/currency');  

      			$currencies = $this->model_localisation_currency->getCurrencies();
	]]></add>
        </operation>
        <operation>
            <search><![CDATA[$data['options'] = array();]]></search>
            <add position="before"><![CDATA[               if (!empty($currencies)) { 
                  foreach ($currencies as $k=>$currency) { 
                      if ($k == $this->session->data['currency']) { 
                                                    continue; 
                                             } else {
                                     $data['cur'][$k] = str_replace(array('{title}', '{price}'), array($currency['title'], $this->currency->format($data['clean_price'], $currency['code']),$currency['code']), $this->language->get('text_product_currency'));
if(isset($data['clean_special'])) {                                    
$data['cur_special'][$k] = str_replace(array('{title}', '{price}'), array($currency['title'], $this->currency->format($data['clean_special'], $currency['code']),$currency['code']), $this->language->get('text_product_currency'));
                                }
                            }
                       }
                }]]></add>
        </operation>  
    </file>
    <file path="catalog/view/theme/*/template/product/product.tpl">
        <operation>
            <search><![CDATA[<h2><?php echo $price; ?></h2>]]></search>
            <add position="after" offset="1"><![CDATA[<li>
<?php foreach ($cur as $curr) {
                echo $curr;
                } ?>
                </li>
]]></add>
        </operation>
        <operation>
            <search><![CDATA[<h2><?php echo $special; ?></h2>]]></search>
            <add position="after" offset="1"><![CDATA[<li>
<?php foreach ($cur_special as $curr) {
                echo $curr;
                } ?>
                </li>
]]></add>
        </operation>    
    </file>
</modification>
      
