<?xml version="1.0" encoding="utf-8"?>
<modification>
	<name>Options and Attributes Category Part 2</name>
	<code>options_and_attributes_category_part_2.ocmod</code>
	<author>opencart2x.ru</author>
	<version>2.5.1</version>
	<link>https://opencart2x.ru/</link>
	
	<!-- 2.1.0.1 - 2.1.0.2 -->
	
	<!-- view -->
	
	<file path="catalog/view/theme/*/template/product/product.tpl">
		<operation>
			<search><![CDATA[
				<?php foreach ($options as $option) { ?>
			]]></search>
			<add position="after"><![CDATA[
				<?php /*
			]]></add>
		</operation>
		<operation>
			<search><![CDATA[
				<?php if ($option['type'] == 'text') { ?>
			]]></search>
			<add position="before"><![CDATA[
				*/ ?>
				<?php if ($option['type'] == 'select') { ?>
				<div class="form-group<?php echo ($option['required'] ? ' required' : ''); ?>">
				  <label class="control-label" for="input-option<?php echo $option['product_option_id']; ?>"><?php echo $option['name']; ?></label>
				  <select onchange="updateOptionPriceProduct('<?php echo $product_id; ?>');" name="option[<?php echo $option['product_option_id']; ?>]" id="input-option<?php echo $option['product_option_id']; ?>" class="form-control">
					<option value=""><?php echo $text_select; ?></option>
					<?php foreach ($option['product_option_value'] as $option_value) { ?>
					<option<?php echo $option_value['no_stock_disabled']; ?> value="<?php echo $option_value['product_option_value_id']; ?>"<?php echo ($option_value['autoselect'] ? ' selected="selected"' : ''); ?>><?php echo $option_value['name']; ?>
					<?php if ($option_value['quantity'] || $option_value['price'] || $option_value['sku']) { ?>
					: <?php echo $option_value['quantity']; ?> 
					<?php if ($option_value['special']) { ?>
					<?php echo $option_value['price_prefix'] . $option_value['special']; ?>
					<?php } else { ?>
					<?php echo ($option_value['price'] ? $option_value['price_prefix'] . $option_value['price'] : ''); ?>
					<?php } ?>
					<?php echo $option_value['sku']; ?>
					<?php } ?>
					</option>
					<?php } ?>
				  </select>
				</div>
				<?php } ?>
				<?php if ($option['type'] == 'radio') { ?>
				<div class="form-group<?php echo ($option['required'] ? ' required' : ''); ?>">
				  <label class="control-label"><?php echo $option['name']; ?></label>
				  <div id="input-option<?php echo $option['product_option_id']; ?>">
					<?php foreach ($option['product_option_value'] as $option_value) { ?>
					<div class="<?php if($pull_left) { echo 'radio-inline'; } else { echo 'radio'; } ?>">
					  <label>
						<input<?php echo $option_value['no_stock_disabled']; ?> onchange="updateOptionPriceProduct('<?php echo $product_id; ?>');" type="radio" name="option[<?php echo $option['product_option_id']; ?>]" value="<?php echo $option_value['product_option_value_id']; ?>" <?php echo ($option_value['autoselect'] ? ' checked="checked"' : ''); ?>/>
						<span><?php if ($option_value['image']) { ?>
						<img src="<?php echo $option_value['image']; ?>" alt="<?php echo $option_value['name'] . ($option_value['price'] ? ' ' . $option_value['price_prefix'] . $option_value['price'] : ''); ?>" class="img-thumbnail" /> 
						<?php } ?>
						<?php echo $option_value['name']; ?>
						<?php if ($option_value['quantity'] || $option_value['price'] || $option_value['sku']) { ?>
						: <?php echo $option_value['quantity']; ?> 
						<?php if ($option_value['special']) { ?>
						<?php if ($old_price) { ?>
						<span style="text-decoration: line-through;"><?php echo $option_value['price_prefix'] . $option_value['price']; ?></span>
						<strong><?php echo $option_value['price_prefix'] . $option_value['special']; ?></strong>
						<?php } else { ?>
						<?php echo $option_value['price_prefix'] . $option_value['special']; ?>
						<?php } ?>
						<?php } else { ?>
						<?php echo ($option_value['price'] ? $option_value['price_prefix'] . $option_value['price'] : ''); ?>
						<?php } ?>
						<?php echo $option_value['sku']; ?>
						<?php } ?>
						</span>
					  </label>
					</div>
					<?php } ?>
				  </div>
				</div>
				<?php } ?>
				<?php if ($option['type'] == 'image') { ?>
				<div class="form-group<?php echo ($option['required'] ? ' required' : ''); ?>">
				  <label class="control-label"><?php echo $option['name']; ?></label>
				  <div id="input-option<?php echo $option['product_option_id']; ?>">
					<?php foreach ($option['product_option_value'] as $option_value) { ?>
					<div class="<?php if($pull_left) { echo 'radio-inline'; } else { echo 'radio'; } ?>">
					  <label>
						<input<?php echo $option_value['no_stock_disabled']; ?> onchange="updateOptionPriceProduct('<?php echo $product_id; ?>');" type="radio" name="option[<?php echo $option['product_option_id']; ?>]" value="<?php echo $option_value['product_option_value_id']; ?>" <?php echo ($option_value['autoselect'] ? ' checked="checked"' : ''); ?>/>
						<span><?php if ($option_value['image']) { ?>
						<img src="<?php echo $option_value['image']; ?>" alt="<?php echo $option_value['name'] . ($option_value['price'] ? ' ' . $option_value['price_prefix'] . $option_value['price'] : ''); ?>" class="img-thumbnail" /> 
						<?php } ?>
						<?php echo $option_value['name']; ?>
						<?php if ($option_value['quantity'] || $option_value['price'] || $option_value['sku']) { ?>
						: <?php echo $option_value['quantity']; ?> 
						<?php if ($option_value['special']) { ?>
						<?php if ($old_price) { ?>
						<span style="text-decoration: line-through;"><?php echo $option_value['price_prefix'] . $option_value['price']; ?></span>
						<strong><?php echo $option_value['price_prefix'] . $option_value['special']; ?></strong>
						<?php } else { ?>
						<?php echo $option_value['price_prefix'] . $option_value['special']; ?>
						<?php } ?>
						<?php } else { ?>
						<?php echo ($option_value['price'] ? $option_value['price_prefix'] . $option_value['price'] : ''); ?>
						<?php } ?>
						<?php echo $option_value['sku']; ?>
						<?php } ?>
						</span>
					  </label>
					</div>
					<?php } ?>
				  </div>
				</div>
				<?php } ?>
				<?php if ($option['type'] == 'checkbox') { ?>
				<div class="form-group<?php echo ($option['required'] ? ' required' : ''); ?>">
				  <label class="control-label"><?php echo $option['name']; ?></label>
				  <div id="input-option<?php echo $option['product_option_id']; ?>">
					<?php foreach ($option['product_option_value'] as $option_value) { ?>
					<div class="<?php if($pull_left) { echo 'checkbox-inline'; } else { echo 'checkbox'; } ?>">
					  <label>
						<input<?php echo $option_value['no_stock_disabled']; ?> onchange="updateOptionPriceProduct('<?php echo $product_id; ?>');" type="checkbox" name="option[<?php echo $option['product_option_id']; ?>][]" value="<?php echo $option_value['product_option_value_id']; ?>" <?php echo ($option_value['autoselect'] ? ' checked="checked"' : ''); ?>/>
						<span><?php if ($option_value['image']) { ?>
						<img src="<?php echo $option_value['image']; ?>" alt="<?php echo $option_value['name'] . ($option_value['price'] ? ' ' . $option_value['price_prefix'] . $option_value['price'] : ''); ?>" class="img-thumbnail" /> 
						<?php } ?>
						<?php echo $option_value['name']; ?>
						<?php if ($option_value['quantity'] || $option_value['price'] || $option_value['sku']) { ?>
						: <?php echo $option_value['quantity']; ?> 
						<?php if ($option_value['special']) { ?>
						<?php if ($old_price) { ?>
						<span style="text-decoration: line-through;"><?php echo $option_value['price_prefix'] . $option_value['price']; ?></span>
						<strong><?php echo $option_value['price_prefix'] . $option_value['special']; ?></strong>
						<?php } else { ?>
						<?php echo $option_value['price_prefix'] . $option_value['special']; ?>
						<?php } ?>
						<?php } else { ?>
						<?php echo ($option_value['price'] ? $option_value['price_prefix'] . $option_value['price'] : ''); ?>
						<?php } ?>
						<?php echo $option_value['sku']; ?>
						<?php } ?>
						</span>
					  </label>
					</div>
					<?php } ?>
				  </div>
				</div>
				<?php } ?>
				<?php if ($autoselect || $minimum > 1) { ?>
				<script type="text/javascript">
				$(document).ready(function() {
					updateOptionPriceProduct('<?php echo $product_id; ?>');
				});
				</script>
				<?php } ?>
			]]></add>
		</operation>
		<operation>
			<search><![CDATA[
				<?php echo $price; ?>
			]]></search>
			<add position="replace"><![CDATA[
				<span id="price"><?php echo $price; ?></span>
			]]></add>
		</operation>
		<operation>
			<search><![CDATA[
				<?php echo $special; ?>
			]]></search>
			<add position="replace"><![CDATA[
				<span id="special"><?php echo $special; ?></span>
			]]></add>
		</operation>
		<operation>
			<search><![CDATA[
				<input type="text" name="quantity" value="<?php echo $minimum; ?>" size="2" id="input-quantity" class="form-control" />
			]]></search>
			<add position="replace"><![CDATA[
				<div class="input-group select-quantity">
				  <span class="input-group-btn">
					<button onclick="updateQtyProduct('<?php echo $product_id; ?>', '<?php echo $minimum; ?>', '+');" class="btn btn-default" type="button"><i class="fa fa-plus"></i></button>
					<button onclick="updateQtyProduct('<?php echo $product_id; ?>', '<?php echo $minimum; ?>', '-');" class="btn btn-default" type="button"><i class="fa fa-minus"></i></button>
				  </span>
				  <input onkeyup="updateOptionPriceProduct('<?php echo $product_id; ?>');" class="form-control" type="text" name="quantity" id="input-quantity" value="<?php echo $minimum; ?>" />
				</div>
			]]></add>
		</operation>
		<operation>
			<search><![CDATA[
				<?php echo $tax; ?>
			]]></search>
			<add position="replace"><![CDATA[
				<span id="tax"><?php echo $tax; ?></span>
			]]></add>
		</operation>
	</file>
	<file path="catalog/view/theme/*/template/module/{bestseller.tpl,latest.tpl,featured.tpl,special.tpl,alsobuy.tpl}|catalog/view/theme/*/template/product/{category.tpl,manufacturer_info.tpl,search.tpl,special.tpl,product.tpl}">
		<operation>
			<search><![CDATA[
				<?php echo $product['price']; ?>
			]]></search>
			<add position="replace"><![CDATA[
				<span class="price_<?php echo $product['product_id']; ?>"><?php echo $product['price']; ?></span>
			]]></add>
		</operation>
		<operation>
			<search><![CDATA[
				<?php echo $product['special']; ?>
			]]></search>
			<add position="replace"><![CDATA[
				<span class="price_special_<?php echo $product['product_id']; ?>"><?php echo $product['special']; ?></span>
			]]></add>
		</operation>
		<operation>
			<search><![CDATA[
				<?php echo $product['tax']; ?>
			]]></search>
			<add position="replace"><![CDATA[
				<span class="price_tax_<?php echo $product['product_id']; ?>"><?php echo $product['tax']; ?></span>
			]]></add>
		</operation>
		<operation>
			<search><![CDATA[
				<?php if ($product['price']) { ?>
			]]></search>
			<add position="before"><![CDATA[
				<?php if ($show_attribute) { ?>
				  <?php if ($product['attribute_groups']) { ?>
				  <table class="table table-bordered">
					<?php foreach ($product['attribute_groups'] as $attribute_group) { ?>
					<?php if ($show_attribute_title) { ?>
					<thead>
					  <tr>
						<td colspan="2"><strong><?php echo $attribute_group['name']; ?></strong></td>
					  </tr>
					</thead>
					<?php } ?>
					<tbody>
					  <?php foreach ($attribute_group['attribute'] as $attribute) { ?>
					  <?php if ((int)$attribute['show_attribute']) { ?>
					  <tr>
						<td><?php echo $attribute['name']; ?></td>
						<td><?php echo $attribute['text']; ?></td>
					  </tr>
					  <?php } ?>
					  <?php } ?>
					</tbody>
					<?php } ?>
				  </table>
				  <?php } ?>
				<?php } ?>
				<?php $module_name = (isset($module_name)) ? $module_name : ''; ?>
				<div class="options-category" id="<?php echo $module_name; ?>product_<?php echo $product['product_id']; ?>">
				  <?php if ($product['options_category']) { ?>
				    <?php foreach ($product['options_category'] as $option) { ?>
					  <?php if ($option['type'] == 'select') { ?>
						<div class="form-group<?php echo ($option['required'] ? ' required' : ''); ?>">
						  <label class="control-label" for="<?php echo $module_name; ?>input-option<?php echo $option['product_option_id']; ?>"><?php echo $option['name']; ?></label>
						  <select onchange="updateOptionPrice('<?php echo $module_name; ?>', '<?php echo $product['product_id']; ?>');" name="option[<?php echo $option['product_option_id']; ?>]" id="<?php echo $module_name; ?>input-option<?php echo $option['product_option_id']; ?>" class="form-control">
							<option value=""><?php echo $text_select; ?></option>
							<?php foreach ($option['product_option_value'] as $option_value) { ?>
							<option<?php echo $option_value['no_stock_disabled']; ?> value="<?php echo $option_value['product_option_value_id']; ?>"<?php echo ($option_value['autoselect'] ? ' selected="selected"' : ''); ?>><?php echo $option_value['name']; ?>
							<?php if ($option_value['quantity'] || $option_value['price'] || $option_value['sku'] != '') { ?>
							: <?php echo $option_value['quantity']; ?> 
							<?php if ($option_value['special']) { ?>
							<?php echo $option_value['price_prefix'] . $option_value['special']; ?>
							<?php } else { ?>
							<?php echo ($option_value['price'] ? $option_value['price_prefix'] . $option_value['price'] : ''); ?>
							<?php } ?> 
							<?php echo $option_value['sku']; ?>
							<?php } ?>
							</option>
							<?php } ?>
						  </select>
						</div>
						<?php } ?>
						<?php if ($option['type'] == 'radio') { ?>
						<div class="form-group<?php echo ($option['required'] ? ' required' : ''); ?>">
						  <label class="control-label"><?php echo $option['name']; ?></label>
						  <div id="<?php echo $module_name; ?>input-option<?php echo $option['product_option_id']; ?>">
							<?php foreach ($option['product_option_value'] as $option_value) { ?>
							<div class="<?php if($pull_left) { echo 'radio-inline'; } else { echo 'radio'; } ?>">
							  <label>
								<input<?php echo $option_value['no_stock_disabled']; ?> onchange="updateOptionPrice('<?php echo $module_name; ?>', '<?php echo $product['product_id']; ?>');" type="radio" name="option[<?php echo $option['product_option_id']; ?>]" value="<?php echo $option_value['product_option_value_id']; ?>" <?php echo ($option_value['autoselect'] ? ' checked="checked"' : ''); ?>/>
								<span><?php if ($option_value['image']) { ?>
								  <img src="<?php echo $option_value['image']; ?>" alt="<?php echo $option_value['name'] . ($option_value['price'] ? ' ' . $option_value['price_prefix'] . $option_value['price'] : ''); ?>" class="img-thumbnail" /> 
								  <?php } ?>
								  <?php echo $option_value['name']; ?>
								  <?php if ($option_value['quantity'] || $option_value['price'] || $option_value['sku'] != '') { ?>
								  : <?php echo $option_value['quantity']; ?>
								  <?php if ($option_value['special']) { ?>
								  <?php if ($old_price) { ?>
								  <span style="text-decoration: line-through;"><?php echo $option_value['price_prefix'] . $option_value['price']; ?></span>
								  <strong><?php echo $option_value['price_prefix'] . $option_value['special']; ?></strong>
								  <?php } else { ?>
								  <?php echo $option_value['price_prefix'] . $option_value['special']; ?>
								  <?php } ?>
								  <?php } else { ?>
								  <?php echo ($option_value['price'] ? $option_value['price_prefix'] . $option_value['price'] : ''); ?>
								  <?php } ?>
								  <?php echo $option_value['sku']; ?>
								  <?php } ?>
							    </span>
							  </label>
							</div>
							<?php } ?>
						  </div>
						</div>
						<?php } ?>
						<?php if ($option['type'] == 'image') { ?>
						<div class="form-group<?php echo ($option['required'] ? ' required' : ''); ?>">
						  <label class="control-label"><?php echo $option['name']; ?></label>
						  <div id="<?php echo $module_name; ?>input-option<?php echo $option['product_option_id']; ?>">
							<?php foreach ($option['product_option_value'] as $option_value) { ?>
							<div class="<?php if($pull_left) { echo 'radio-inline'; } else { echo 'radio'; } ?>">
							  <label>
								<input<?php echo $option_value['no_stock_disabled']; ?> onchange="updateOptionPrice('<?php echo $module_name; ?>', '<?php echo $product['product_id']; ?>');" type="radio" name="option[<?php echo $option['product_option_id']; ?>]" value="<?php echo $option_value['product_option_value_id']; ?>" <?php echo ($option_value['autoselect'] ? ' checked="checked"' : ''); ?>/>
								<span><?php if ($option_value['image']) { ?>
								  <img src="<?php echo $option_value['image']; ?>" alt="<?php echo $option_value['name'] . ($option_value['price'] ? ' ' . $option_value['price_prefix'] . $option_value['price'] : ''); ?>" class="img-thumbnail" /> 
								  <?php } ?>
								  <?php echo $option_value['name']; ?>
								  <?php if ($option_value['quantity'] || $option_value['price'] || $option_value['sku'] != '') { ?>
								  : <?php echo $option_value['quantity']; ?>
								  <?php if ($option_value['special']) { ?>
								  <?php if ($old_price) { ?>
								  <span style="text-decoration: line-through;"><?php echo $option_value['price_prefix'] . $option_value['price']; ?></span>
								  <strong><?php echo $option_value['price_prefix'] . $option_value['special']; ?></strong>
								  <?php } else { ?>
								  <?php echo $option_value['price_prefix'] . $option_value['special']; ?>
								  <?php } ?>
								  <?php } else { ?>
								  <?php echo ($option_value['price'] ? $option_value['price_prefix'] . $option_value['price'] : ''); ?>
								  <?php } ?>
								  <?php echo $option_value['sku']; ?>
								  <?php } ?>
							    </span>
							  </label>
							</div>
							<?php } ?>
						  </div>
						</div>
						<?php } ?>
						<?php if ($option['type'] == 'checkbox') { ?>
						<div class="form-group<?php echo ($option['required'] ? ' required' : ''); ?>">
						  <label class="control-label"><?php echo $option['name']; ?></label>
						  <div id="<?php echo $module_name; ?>input-option<?php echo $option['product_option_id']; ?>">
							<?php foreach ($option['product_option_value'] as $option_value) { ?>
							<div class="<?php if($pull_left) { echo 'checkbox-inline'; } else { echo 'checkbox'; } ?>">
							  <label>
								<input<?php echo $option_value['no_stock_disabled']; ?> onchange="updateOptionPrice('<?php echo $module_name; ?>', '<?php echo $product['product_id']; ?>');" type="checkbox" name="option[<?php echo $option['product_option_id']; ?>][]" value="<?php echo $option_value['product_option_value_id']; ?>" <?php echo ($option_value['autoselect'] ? ' checked="checked"' : ''); ?>/>
								<span><?php if ($option_value['image']) { ?>
								  <img src="<?php echo $option_value['image']; ?>" alt="<?php echo $option_value['name'] . ($option_value['price'] ? ' ' . $option_value['price_prefix'] . $option_value['price'] : ''); ?>" class="img-thumbnail" /> 
								  <?php } ?>
								  <?php echo $option_value['name']; ?>
								  <?php if ($option_value['quantity'] || $option_value['price'] || $option_value['sku'] != '') { ?>
								  : <?php echo $option_value['quantity']; ?>
								  <?php if ($option_value['special']) { ?>
								  <?php if ($old_price) { ?>
								  <span style="text-decoration: line-through;"><?php echo $option_value['price_prefix'] . $option_value['price']; ?></span>
								  <strong><?php echo $option_value['price_prefix'] . $option_value['special']; ?></strong>
								  <?php } else { ?>
								  <?php echo $option_value['price_prefix'] . $option_value['special']; ?>
								  <?php } ?>
								  <?php } else { ?>
								  <?php echo ($option_value['price'] ? $option_value['price_prefix'] . $option_value['price'] : ''); ?>
								  <?php } ?>
								  <?php echo $option_value['sku']; ?>
								  <?php } ?>
							    </span>
							  </label>
							</div>
							<?php } ?>
						  </div>
						</div>
						<?php } ?>
						<?php if ($autoselect || $select_quantity) { ?>
						<script type="text/javascript">
						$(document).ready(function() {
							updateOptionPrice('<?php echo $module_name; ?>', '<?php echo $product['product_id']; ?>');
						});
						</script>
						<?php } ?>
						<?php if ($option['type'] == 'text') { ?>
						<div class="form-group<?php echo ($option['required'] ? ' required' : ''); ?>">
						  <label class="control-label" for="<?php echo $module_name; ?>input-option<?php echo $option['product_option_id']; ?>"><?php echo $option['name']; ?></label>
						  <input type="text" name="option[<?php echo $option['product_option_id']; ?>]" value="<?php echo $option['value']; ?>" placeholder="<?php echo $option['name']; ?>" id="<?php echo $module_name; ?>input-option<?php echo $option['product_option_id']; ?>" class="form-control" />
						</div>
						<?php } ?>
						<?php if ($option['type'] == 'textarea') { ?>
						<div class="form-group<?php echo ($option['required'] ? ' required' : ''); ?>">
						  <label class="control-label" for="<?php echo $module_name; ?>input-option<?php echo $option['product_option_id']; ?>"><?php echo $option['name']; ?></label>
						  <textarea name="option[<?php echo $option['product_option_id']; ?>]" rows="5" placeholder="<?php echo $option['name']; ?>" id="<?php echo $module_name; ?>input-option<?php echo $option['product_option_id']; ?>" class="form-control"><?php echo $option['value']; ?></textarea>
						</div>
						<?php } ?>
						<?php if ($option['type'] == 'file') { ?>
						<div class="form-group<?php echo ($option['required'] ? ' required' : ''); ?>">
						  <label class="control-label"><?php echo $option['name']; ?></label>
						  <button type="button" id="button-upload<?php echo $option['product_option_id']; ?>" data-loading-text="<?php echo $text_loading; ?>" class="btn btn-default btn-block"><i class="fa fa-upload"></i> <?php echo $button_upload; ?></button>
						  <input type="hidden" name="option[<?php echo $option['product_option_id']; ?>]" value="" id="<?php echo $module_name; ?>input-option<?php echo $option['product_option_id']; ?>" />
						</div>
						<?php } ?>
						<?php if ($option['type'] == 'date') { ?>
						<div class="form-group<?php echo ($option['required'] ? ' required' : ''); ?>">
						  <label class="control-label" for="<?php echo $module_name; ?>input-option<?php echo $option['product_option_id']; ?>"><?php echo $option['name']; ?></label>
						  <div class="input-group date">
							<input type="text" name="option[<?php echo $option['product_option_id']; ?>]" value="<?php echo $option['value']; ?>" data-date-format="YYYY-MM-DD" id="<?php echo $module_name; ?>input-option<?php echo $option['product_option_id']; ?>" class="form-control" />
							<span class="input-group-btn">
							<button class="btn btn-default" type="button"><i class="fa fa-calendar"></i></button>
							</span></div>
						</div>
						<?php } ?>
						<?php if ($option['type'] == 'datetime') { ?>
						<div class="form-group<?php echo ($option['required'] ? ' required' : ''); ?>">
						  <label class="control-label" for="<?php echo $module_name; ?>input-option<?php echo $option['product_option_id']; ?>"><?php echo $option['name']; ?></label>
						  <div class="input-group datetime">
							<input type="text" name="option[<?php echo $option['product_option_id']; ?>]" value="<?php echo $option['value']; ?>" data-date-format="YYYY-MM-DD HH:mm" id="<?php echo $module_name; ?>input-option<?php echo $option['product_option_id']; ?>" class="form-control" />
							<span class="input-group-btn">
							<button type="button" class="btn btn-default"><i class="fa fa-calendar"></i></button>
							</span></div>
						</div>
						<?php } ?>
						<?php if ($option['type'] == 'time') { ?>
						<div class="form-group<?php echo ($option['required'] ? ' required' : ''); ?>">
						  <label class="control-label" for="<?php echo $module_name; ?>input-option<?php echo $option['product_option_id']; ?>"><?php echo $option['name']; ?></label>
						  <div class="input-group time">
							<input type="text" name="option[<?php echo $option['product_option_id']; ?>]" value="<?php echo $option['value']; ?>" data-date-format="HH:mm" id="<?php echo $module_name; ?>input-option<?php echo $option['product_option_id']; ?>" class="form-control" />
							<span class="input-group-btn">
							<button type="button" class="btn btn-default"><i class="fa fa-calendar"></i></button>
							</span></div>
						</div>
						<?php } ?>
				    <?php } ?>
                  <?php } ?>
				  <?php if ($select_quantity) { ?>
				  <div class="row">
				    <div class="col-md-12">
					  <div class="input-group select-quantity">
					    <span class="input-group-btn">
						  <button onclick="updateQtyMax('<?php echo $module_name; ?>', '<?php echo $product['product_id']; ?>');" class="btn btn-default" type="button"><i class="fa fa-plus"></i></button>
						  <button onclick="updateQtyMin('<?php echo $module_name; ?>', '<?php echo $product['product_id']; ?>', '<?php echo $product['minimum']; ?>');" class="btn btn-default" type="button"><i class="fa fa-minus"></i></button>
						</span>
						<input onkeyup="updateOptionPrice('<?php echo $module_name; ?>', '<?php echo $product['product_id']; ?>');" class="form-control" type="text" name="quantity" id="quantity_<?php echo $module_name; ?>_<?php echo $product['product_id']; ?>" value="<?php echo $product['minimum']; ?>" />
					  </div>
				    </div>
				  </div>
				  <?php } else { ?>
			      <input type="hidden" name="quantity" value="<?php echo $product['minimum']; ?>" />
				  <?php } ?>
				  <input type="hidden" name="product_id" value="<?php echo $product['product_id']; ?>" />
				</div>
			]]></add>
		</operation>
		<operation>
			<search regex="true"><![CDATA[
				~(cart.add\(|addToCart\()~
			]]></search>
			<add><![CDATA[addCartOption('<?php echo $module_name; ?>',]]></add>
		</operation>
	</file>
	<file path="admin/view/template/catalog/product_form.tpl">
		<operation>
			<search index="0,2"><![CDATA[<td colspan="6"></td>]]></search>
			<add position="replace"><![CDATA[<td colspan="7"></td>]]></add>
		</operation>
		<operation>
			<search index="0"><![CDATA[<td colspan="2"></td>]]></search>
			<add position="replace"><![CDATA[<td colspan="3"></td>]]></add>
		</operation>
		<operation>
			<search><![CDATA[
				<?php if ($product_option_value['price_prefix'] == '+') { ?>
			]]></search>
			<add position="before"><![CDATA[
				<?php if ($product_option_value['price_prefix'] == '=') { ?>
                <option value="=" selected="selected">=</option>
                <?php } else { ?>
                <option value="=">=</option>
                <?php } ?>
				<?php if ($product_option_value['price_prefix'] == '*') { ?>
                <option value="*" selected="selected">*</option>
                <?php } else { ?>
                <option value="*">*</option>
                <?php } ?>
				<?php if ($product_option_value['price_prefix'] == '/') { ?>
                <option value="/" selected="selected">/</option>
                <?php } else { ?>
                <option value="/">/</option>
                <?php } ?>
			]]></add>
		</operation>
		<operation>
			<search><![CDATA[
				html += '  <td class="text-right"><select name="product_option[' + option_row + '][product_option_value][' + option_value_row + '][price_prefix]" class="form-control">';
			]]></search>
			<add position="after"><![CDATA[
				html += '    <option value="=">=</option>';
				html += '    <option value="*">*</option>';
				html += '    <option value="/">/</option>';
			]]></add>
		</operation>
		<operation>
			<search index="2"><![CDATA[
				<div class="tab-content">
			]]></search>
			<add position="before"><![CDATA[
				<div class="form-group">
				  <label class="col-sm-2 control-label"><?php echo $entry_option_special; ?></label>
				  <div class="col-sm-10">
				    <select name="option_special" class="form-control">
					  <?php if ($option_special) { ?>
					  <option value="1" selected="selected"><?php echo $text_enabled; ?></option>
					  <option value="0"><?php echo $text_disabled; ?></option>
					  <?php } else { ?>
					  <option value="1"><?php echo $text_enabled; ?></option>
				   	  <option value="0" selected="selected"><?php echo $text_disabled; ?></option>
					  <?php } ?>
				    </select>
				  </div>
		        </div>
			]]></add>
		</operation>
		<operation>
			<search><![CDATA[
				<td class="text-left"><?php echo $entry_attribute; ?></td>
			]]></search>
			<add position="after"><![CDATA[
				<td class="text-left"><?php echo $entry_show_attribute; ?></td>
			]]></add>
		</operation>
		<operation>
			<search><![CDATA[
				value="<?php echo $product_attribute['attribute_id']; ?>" /></td>
			]]></search>
			<add position="after"><![CDATA[
				<td class="text-left">
                  <select name="product_attribute[<?php echo $attribute_row; ?>][show_attribute]" class="form-control">
                    <?php if ($product_attribute['show_attribute']) { ?>
                    <option value="1" selected="selected"><?php echo $text_yes; ?></option>
                    <option value="0"><?php echo $text_no; ?></option>
                    <?php } else { ?>
                    <option value="1"><?php echo $text_yes; ?></option>
                    <option value="0" selected="selected"><?php echo $text_no; ?></option>
                    <?php } ?>
                  </select>
				</td>
			]]></add>
		</operation>
		<operation>
			<search><![CDATA[
				name="product_attribute[' + attribute_row + '][attribute_id]" value="" /></td>';
			]]></search>
			<add position="after"><![CDATA[
				html += '  <td class="left">';
				html += '    <select name="product_attribute[' + attribute_row + '][show_attribute]" class="form-control">>';
				html += '<option value="1" selected="selected"><?php echo $text_yes; ?></option>';
                html += '<option value="0"><?php echo $text_no; ?></option>';
				html += '    </select>';
				html += '  </td>';
			]]></add>
		</operation>
		<operation>
			<search index="0,2"><![CDATA[<td class="text-right"><?php echo $entry_quantity; ?></td>]]></search>
			<add position="replace"><![CDATA[<td class="text-right"><?php echo $entry_sku; ?></td><td class="text-right"><?php echo $entry_quantity; ?></td>]]></add>
		</operation>
		<operation>
			<search><![CDATA[
				[product_option_value][<?php echo $option_value_row; ?>][quantity]"
			]]></search>
			<add position="before"><![CDATA[
				<td class="text-right"><input type="text" name="product_option[<?php echo $option_row; ?>][product_option_value][<?php echo $option_value_row; ?>][sku]" value="<?php echo $product_option_value['sku']; ?>" placeholder="<?php echo $entry_sku; ?>" class="form-control" /></td>
			]]></add>
		</operation>
		<operation>
			<search><![CDATA[
				html += '  <td class="text-right"><input type="text" name="product_option[' + option_row + '][product_option_value][' + option_value_row + '][quantity]"
			]]></search>
			<add position="before"><![CDATA[
				html += '  <td class="text-right"><input type="text" name="product_option[' + option_row + '][product_option_value][' + option_value_row + '][sku]" value="" placeholder="<?php echo $entry_sku; ?>" class="form-control" /></td>';
			]]></add>
		</operation>
	</file>
	<file path="admin/view/template/setting/setting.tpl">
		<operation>
			<search><![CDATA[
				<div class="tab-pane" id="tab-option">
			]]></search>
			<add position="after"><![CDATA[
			  <fieldset>
                <legend><?php echo $text_options_category; ?></legend>
				<div class="form-group">
                  <label class="col-sm-2 control-label" for="input-oc-theme"><?php echo $entry_template; ?></label>
                  <div class="col-sm-10">
                    <select name="config_oc_theme" id="input-oc-theme" class="form-control">
                      <option value="default"<?php if ($config_oc_theme == 'default') { echo ' selected="selected"'; } ?>><?php echo $text_theme_default; ?></option>
					  <option value="coloring"<?php if ($config_oc_theme == 'coloring') { echo ' selected="selected"'; } ?>><?php echo $text_theme_coloring; ?></option>
					  <option value="storeset"<?php if ($config_oc_theme == 'storeset') { echo ' selected="selected"'; } ?>><?php echo $text_theme_storeset; ?></option>
					  <option value="moneymaker2"<?php if ($config_oc_theme == 'moneymaker2') { echo ' selected="selected"'; } ?>><?php echo $text_theme_moneymaker2; ?></option>
                    </select>
                  </div>
				</div>
				<div class="form-group">
                  <label class="col-sm-2 control-label">
					<?php echo $entry_sku; ?></label>
                    <div class="col-sm-10">
                      <label class="radio-inline">
                      <?php if ($config_oc_sku) { ?>
                      <input type="radio" name="config_oc_sku" value="1" checked="checked" />
                      <?php echo $text_yes; ?>
                      <?php } else { ?>
                      <input type="radio" name="config_oc_sku" value="1" />
                      <?php echo $text_yes; ?>
                      <?php } ?>
                    </label>
                    <label class="radio-inline">
                      <?php if (!$config_oc_sku) { ?>
                      <input type="radio" name="config_oc_sku" value="0" checked="checked" />
                      <?php echo $text_no; ?>
                      <?php } else { ?>
                      <input type="radio" name="config_oc_sku" value="0" />
                      <?php echo $text_no; ?>
                      <?php } ?>
                    </label>
                  </div>
                </div>
				<div class="form-group">
                  <label class="col-sm-2 control-label">
					<?php echo $entry_quantity; ?></label>
                    <div class="col-sm-10">
                      <label class="radio-inline">
                      <?php if ($config_oc_quantity) { ?>
                      <input type="radio" name="config_oc_quantity" value="1" checked="checked" />
                      <?php echo $text_yes; ?>
                      <?php } else { ?>
                      <input type="radio" name="config_oc_quantity" value="1" />
                      <?php echo $text_yes; ?>
                      <?php } ?>
                    </label>
                    <label class="radio-inline">
                      <?php if (!$config_oc_quantity) { ?>
                      <input type="radio" name="config_oc_quantity" value="0" checked="checked" />
                      <?php echo $text_no; ?>
                      <?php } else { ?>
                      <input type="radio" name="config_oc_quantity" value="0" />
                      <?php echo $text_no; ?>
                      <?php } ?>
                    </label>
                  </div>
                </div>
				<div class="form-group">
                  <label class="col-sm-2 control-label">
					<?php echo $entry_autoselect; ?></label>
                    <div class="col-sm-10">
                      <label class="radio-inline">
                      <?php if ($config_oc_autoselect) { ?>
                      <input type="radio" name="config_oc_autoselect" value="1" checked="checked" />
                      <?php echo $text_yes; ?>
                      <?php } else { ?>
                      <input type="radio" name="config_oc_autoselect" value="1" />
                      <?php echo $text_yes; ?>
                      <?php } ?>
                    </label>
                    <label class="radio-inline">
                      <?php if (!$config_oc_autoselect) { ?>
                      <input type="radio" name="config_oc_autoselect" value="0" checked="checked" />
                      <?php echo $text_no; ?>
                      <?php } else { ?>
                      <input type="radio" name="config_oc_autoselect" value="0" />
                      <?php echo $text_no; ?>
                      <?php } ?>
                    </label>
                  </div>
                </div>
				<div class="form-group">
                  <label class="col-sm-2 control-label">
					<?php echo $entry_hide_prefix; ?></label>
                    <div class="col-sm-10">
                      <label class="radio-inline">
                      <?php if ($config_oc_hide_prefix) { ?>
                      <input type="radio" name="config_oc_hide_prefix" value="1" checked="checked" />
                      <?php echo $text_yes; ?>
                      <?php } else { ?>
                      <input type="radio" name="config_oc_hide_prefix" value="1" />
                      <?php echo $text_yes; ?>
                      <?php } ?>
                    </label>
                    <label class="radio-inline">
                      <?php if (!$config_oc_hide_prefix) { ?>
                      <input type="radio" name="config_oc_hide_prefix" value="0" checked="checked" />
                      <?php echo $text_no; ?>
                      <?php } else { ?>
                      <input type="radio" name="config_oc_hide_prefix" value="0" />
                      <?php echo $text_no; ?>
                      <?php } ?>
                    </label>
                  </div>
                </div>
				<div class="form-group">
                  <label class="col-sm-2 control-label">
					<?php echo $entry_show_quantity; ?></label>
                    <div class="col-sm-10">
                      <label class="radio-inline">
                      <?php if ($config_oc_show_quantity) { ?>
                      <input type="radio" name="config_oc_show_quantity" value="1" checked="checked" />
                      <?php echo $text_yes; ?>
                      <?php } else { ?>
                      <input type="radio" name="config_oc_show_quantity" value="1" />
                      <?php echo $text_yes; ?>
                      <?php } ?>
                    </label>
                    <label class="radio-inline">
                      <?php if (!$config_oc_show_quantity) { ?>
                      <input type="radio" name="config_oc_show_quantity" value="0" checked="checked" />
                      <?php echo $text_no; ?>
                      <?php } else { ?>
                      <input type="radio" name="config_oc_show_quantity" value="0" />
                      <?php echo $text_no; ?>
                      <?php } ?>
                    </label>
                  </div>
                </div>
				<div class="form-group">
                  <label class="col-sm-2 control-label">
					<?php echo $entry_show_no_stock; ?></label>
                    <div class="col-sm-10">
                      <label class="radio-inline">
                      <?php if ($config_oc_show_no_stock) { ?>
                      <input type="radio" name="config_oc_show_no_stock" value="1" checked="checked" />
                      <?php echo $text_yes; ?>
                      <?php } else { ?>
                      <input type="radio" name="config_oc_show_no_stock" value="1" />
                      <?php echo $text_yes; ?>
                      <?php } ?>
                    </label>
                    <label class="radio-inline">
                      <?php if (!$config_oc_show_no_stock) { ?>
                      <input type="radio" name="config_oc_show_no_stock" value="0" checked="checked" />
                      <?php echo $text_no; ?>
                      <?php } else { ?>
                      <input type="radio" name="config_oc_show_no_stock" value="0" />
                      <?php echo $text_no; ?>
                      <?php } ?>
                    </label>
                  </div>
                </div>
				<div class="form-group">
		          <label class="col-sm-2 control-label"><?php echo $entry_no_stock_disabled; ?></label>
		          <div class="col-sm-10">
			        <label class="radio-inline">
			          <?php if ($config_oc_no_stock_disabled) { ?>
			          <input type="radio" name="config_oc_no_stock_disabled" value="1" checked="checked" />
			          <?php echo $text_yes; ?>
			          <?php } else { ?>
			          <input type="radio" name="config_oc_no_stock_disabled" value="1" />
			          <?php echo $text_yes; ?>
			          <?php } ?>
		            </label>
		            <label class="radio-inline">
				      <?php if (!$config_oc_no_stock_disabled) { ?>
				      <input type="radio" name="config_oc_no_stock_disabled" value="0" checked="checked" />
				      <?php echo $text_no; ?>
				      <?php } else { ?>
				      <input type="radio" name="config_oc_no_stock_disabled" value="0" />
				      <?php echo $text_no; ?>
				      <?php } ?>
		            </label>
				  </div>
		        </div>
				<div class="form-group">
                  <label class="col-sm-2 control-label"><?php echo $entry_show_image; ?></label>
                  <div class="col-sm-10">
                    <label class="radio-inline">
                      <?php if ($config_oc_show_image) { ?>
                      <input type="radio" name="config_oc_show_image" value="1" checked="checked" />
                      <?php echo $text_yes; ?>
                      <?php } else { ?>
                      <input type="radio" name="config_oc_show_image" value="1" />
                      <?php echo $text_yes; ?>
                      <?php } ?>
                    </label>
                    <label class="radio-inline">
                      <?php if (!$config_oc_show_image) { ?>
                      <input type="radio" name="config_oc_show_image" value="0" checked="checked" />
                      <?php echo $text_no; ?>
                      <?php } else { ?>
                      <input type="radio" name="config_oc_show_image" value="0" />
                      <?php echo $text_no; ?>
                      <?php } ?>
                    </label>
                  </div>
                </div>
				<div class="form-group">
                  <label class="col-sm-2 control-label">
					<?php echo $entry_show_price; ?></label>
                    <div class="col-sm-10">
                      <label class="radio-inline">
                      <?php if ($config_oc_show_price) { ?>
                      <input type="radio" name="config_oc_show_price" value="1" checked="checked" />
                      <?php echo $text_yes; ?>
                      <?php } else { ?>
                      <input type="radio" name="config_oc_show_price" value="1" />
                      <?php echo $text_yes; ?>
                      <?php } ?>
                    </label>
                    <label class="radio-inline">
                      <?php if (!$config_oc_show_price) { ?>
                      <input type="radio" name="config_oc_show_price" value="0" checked="checked" />
                      <?php echo $text_no; ?>
                      <?php } else { ?>
                      <input type="radio" name="config_oc_show_price" value="0" />
                      <?php echo $text_no; ?>
                      <?php } ?>
                    </label>
                  </div>
                </div>
				<div class="form-group">
                  <label class="col-sm-2 control-label">
					<?php echo $entry_old_price; ?></label>
                    <div class="col-sm-10">
                      <label class="radio-inline">
                      <?php if ($config_oc_old_price) { ?>
                      <input type="radio" name="config_oc_old_price" value="1" checked="checked" />
                      <?php echo $text_yes; ?>
                      <?php } else { ?>
                      <input type="radio" name="config_oc_old_price" value="1" />
                      <?php echo $text_yes; ?>
                      <?php } ?>
                    </label>
                    <label class="radio-inline">
                      <?php if (!$config_oc_old_price) { ?>
                      <input type="radio" name="config_oc_old_price" value="0" checked="checked" />
                      <?php echo $text_no; ?>
                      <?php } else { ?>
                      <input type="radio" name="config_oc_old_price" value="0" />
                      <?php echo $text_no; ?>
                      <?php } ?>
                    </label>
                  </div>
                </div>
				<div class="form-group">
                  <label class="col-sm-2 control-label"><span data-toggle="tooltip" title="<?php echo $help_pull_left; ?>"><?php echo $entry_pull_left; ?></span>
					</label>
                    <div class="col-sm-10">
                      <label class="radio-inline">
                      <?php if ($config_oc_pull_left) { ?>
                      <input type="radio" name="config_oc_pull_left" value="1" checked="checked" />
                      <?php echo $text_yes; ?>
                      <?php } else { ?>
                      <input type="radio" name="config_oc_pull_left" value="1" />
                      <?php echo $text_yes; ?>
                      <?php } ?>
                    </label>
                    <label class="radio-inline">
                      <?php if (!$config_oc_pull_left) { ?>
                      <input type="radio" name="config_oc_pull_left" value="0" checked="checked" />
                      <?php echo $text_no; ?>
                      <?php } else { ?>
                      <input type="radio" name="config_oc_pull_left" value="0" />
                      <?php echo $text_no; ?>
                      <?php } ?>
                    </label>
                  </div>
                </div>
				<div class="form-group">
				  <label class="col-sm-2 control-label"><?php echo $entry_show_attribute; ?></label>
			      <div class="col-sm-10">
			        <label class="radio-inline">
				      <?php if ($config_oc_show_attribute) { ?>
					  <input type="radio" name="config_oc_show_attribute" value="1" checked="checked" />
					  <?php echo $text_yes; ?>
					  <?php } else { ?>
					  <input type="radio" name="config_oc_show_attribute" value="1" />
					  <?php echo $text_yes; ?>
					  <?php } ?>
			        </label>
			        <label class="radio-inline">
				      <?php if (!$config_oc_show_attribute) { ?>
				      <input type="radio" name="config_oc_show_attribute" value="0" checked="checked" />
				      <?php echo $text_no; ?>
				      <?php } else { ?>
				      <input type="radio" name="config_oc_show_attribute" value="0" />
				      <?php echo $text_no; ?>
				      <?php } ?>
			        </label>
			      </div>
		        </div>
		        <div class="form-group">
			      <label class="col-sm-2 control-label"><?php echo $entry_show_attribute_title; ?></label>
			      <div class="col-sm-10">
					<label class="radio-inline">
					  <?php if ($config_oc_show_attribute_title) { ?>
					  <input type="radio" name="config_oc_show_attribute_title" value="1" checked="checked" />
					  <?php echo $text_yes; ?>
					  <?php } else { ?>
					  <input type="radio" name="config_oc_show_attribute_title" value="1" />
					  <?php echo $text_yes; ?>
					  <?php } ?>
					</label>
		            <label class="radio-inline">
					  <?php if (!$config_oc_show_attribute_title) { ?>
					  <input type="radio" name="config_oc_show_attribute_title" value="0" checked="checked" />
				      <?php echo $text_no; ?>
				      <?php } else { ?>
				      <input type="radio" name="config_oc_show_attribute_title" value="0" />
				      <?php echo $text_no; ?>
				      <?php } ?>
		            </label>
			      </div>
	            </div>
              </fieldset>
			]]></add>
		</operation>		
	</file>
	
</modification>