<?xml version="1.0" encoding="utf-8"?>
<modification>
	<name>Categories in Manufacturer</name>
	<version>1.0</version>
	<code>Categories-in-Manufacturer</code>
	<author>opencart2x.ru</author>
	<link>https://opencart2x.ru</link>

	<file path="catalog/model/catalog/manufacturer.php">
		<operation error="log">
			<search><![CDATA[public function getManufacturer($manufacturer_id) {]]></search>
			<add position="before"><![CDATA[
				public function getManufacturerCategories($manufacturer_id) {
				    $query = $this->db->query("
				        SELECT 
				        DISTINCT c.category_id,cd.name
				        FROM
				        ". DB_PREFIX . "manufacturer m 
				        LEFT JOIN ". DB_PREFIX. "product p ON (m.manufacturer_id = p.manufacturer_id)
				        LEFT JOIN ". DB_PREFIX. "product_to_category p2c ON (p2c.product_id = p.product_id)
				        LEFT JOIN ". DB_PREFIX. "category c ON (c.category_id = p2c.category_id)
				        LEFT JOIN ". DB_PREFIX. "category_description cd ON (cd.category_id = p2c.category_id)
				        WHERE
				        p.status = 1
				        AND m.manufacturer_id = '".(int)$manufacturer_id."'
				        AND c.status= 1
				        ");

				    return $query->rows;
				}
			]]></add>
		</operation>
	</file>

	<file path="catalog/controller/product/manufacturer.php">
		<operation error="log">
			<search><![CDATA[if (isset($this->request->get['manufacturer_id'])) {]]></search>
			<add position="before"><![CDATA[
				if (isset($this->request->get['category_id'])) {
					$category_id = (int)$this->request->get['category_id'];
				} else {
					$category_id = 0;
				}
			]]></add>
		</operation>
		<operation error="log">
			<search><![CDATA[if ($manufacturer_info) {]]></search>
			<add position="after"><![CDATA[
				$manufacturer_categories = $this->model_catalog_manufacturer->getManufacturerCategories($manufacturer_id);
				$categories = array();		  
				$data['manufacturer_categories'] = array();
				foreach ($manufacturer_categories as $category) {
					if (!isset($this->request->get['category_id'])) {
					  $data['manufacturer_categories'][] = array(
						  'category_id'	=> $category['category_id'],
						  'name'	=> $category['name'],
						  'href'	=> $this->url->link('product/manufacturer/info', 'manufacturer_id=' . $manufacturer_id . '&category_id=' . $category['category_id'], 'SSL')
					  );
					}
					$categories[$category['category_id']] = $category['name'];
				}
			]]></add>
		</operation>
		<operation error="log">
			<search><![CDATA[$url = '';]]></search>
			<add position="after"><![CDATA[
				if (isset($this->request->get['category_id'])) {
					$url .= '&category_id=' . $this->request->get['category_id'];
				}
			]]></add>
		</operation>
		<operation error="log">
			<search><![CDATA[$data['heading_title'] = $manufacturer_info['name'];]]></search>
			<add position="before"><![CDATA[
				if (isset($this->request->get['category_id'])) {
					$data['breadcrumbs'][] = array(
						'text' => $categories[$this->request->get['category_id']],
						'href' => $this->url->link('product/manufacturer/info', 'manufacturer_id=' . $this->request->get['manufacturer_id'] . '&category_id=' . $this->request->get['category_id'] . $url, 'SSL')
					);
				}
			]]></add>
		</operation>
		<operation error="log">
			<search><![CDATA['filter_manufacturer_id' => $manufacturer_id,]]></search>
			<add position="after"><![CDATA[
				'filter_category_id' => $category_id,
				'filter_sub_category' => true,
			]]></add>
		</operation>
		<operation error="log">
			<search><![CDATA[$data['heading_title'] = $manufacturer_info['name'];]]></search>
			<add position="replace"><![CDATA[
				$data['heading_title'] = isset($this->request->get['category_id']) ? $categories[$this->request->get['category_id']].' '.$manufacturer_info['name'] : $manufacturer_info['name'];
			]]></add>
		</operation>
		<operation error="log">
			<search><![CDATA[$this->document->setTitle($manufacturer_info['name']);]]></search>
			<add position="replace"><![CDATA[
				$this->document->setTitle(isset($this->request->get['category_id']) ? $categories[$this->request->get['category_id']].' '.$manufacturer_info['name'] : $manufacturer_info['name']);
			]]></add>
		</operation>
	  	<operation error="log">
			<search><![CDATA['href' => $this->url->link('product/manufacturer/info', 'manufacturer_id=' . $this->request->get['manufacturer_id'] . $url)]]></search>
			<add position="replace"><![CDATA[
				'href' => $this->url->link('product/manufacturer/info', 'manufacturer_id=' . $this->request->get['manufacturer_id'])
			]]></add>
		</operation>
	</file>
	
	<file path="catalog/view/theme/*/template/product/manufacturer_info.tpl">
		<operation error="log">
			<search><![CDATA[<?php if ($products) { ?>]]></search>
			<add position="after"><![CDATA[
			<?php if ($manufacturer_categories) { ?>
				<div class="manufacturer_categories">
				<?php foreach ($manufacturer_categories as $category) { ?>
					<div style="display:inline-block;float:left;padding:3px 12px;border:1px solid #ccc;margin:0 15px 10px 0;">
						<a href="<?php echo $category['href']; ?>"> <?php echo $category['name']; ?></a>
					</div>
				<?php } ?>
				</div>
				<div class="clearfix"></div>
			<?php } ?>
			]]></add>
		</operation>
	</file>	
	
</modification>