<?xml version="1.0" encoding="utf-8"?>
<modification>
  <name>Auto Translit Image Name</name>
  <code>Auto-Translit-Image-Name</code>
  <version>2.3</version>
  <author>opencart2x.ru</author>
  <link>https://opencart2x.ru</link>
  <file path="admin/controller/common/filemanager.php">
  
    <operation>
      <search><![CDATA['gif',]]></search>
      <add position="replace" ><![CDATA[//'gif', // customized]]></add>
    </operation>
    <operation>
      <search><![CDATA['image/gif']]></search>
      <add position="replace" ><![CDATA[//'image/gif' // customized]]></add>
    </operation>
    
    <operation>
      <search><![CDATA[$filename = basename(html_entity_decode($file['name'], ENT_QUOTES, 'UTF-8'));]]></search>
      <add position="replace" ><![CDATA[//$filename = basename(html_entity_decode($file['name'], ENT_QUOTES, 'UTF-8'));
      $filename = $this->rename($file['name']);	// customized
      ]]></add>
    </operation>
    
    <operation>
      <search><![CDATA[move_uploaded_file($file['tmp_name'], $directory . '/' . $filename);]]></search>
      <add position="before" offset="2" ><![CDATA[
			if (!$json) {									
				if (is_file($directory . '/' . $filename)) {
					$json['error'] = "Файл '$filename' уже существует в папке '".$directory."'!";
				}		
			}
			
      ]]></add>
    </operation>
    <operation>
      <search><![CDATA[public function folder() {]]></search>
      <add position="before"><![CDATA[
		
	private function rename($filename){			
		$fileinfo = pathinfo($filename);
		$ext = $fileinfo['extension'];
		//$name = $fileinfo['filename']; // incorrect on hosting
		$name = preg_replace("|.$ext|", '', $filename);	
	
		
		$name = $this->clear_waste_chars( $this->translit_cyrillic_to_latina($name) );			
		$ext = strtolower($ext);		
		$ext = preg_replace(
			array('|jpeg|'),
			array('jpg'),
			$ext
		);

		$filename = $name . "." . $ext;
			
		return $filename;
	}
	
	function translit_cyrillic_to_latina($string, $gost=false) 
	{ 
		// function from internet
		
		if($gost) 
		{
			$replace = array(
				"А"=>"A","а"=>"a","Б"=>"B","б"=>"b","В"=>"V","в"=>"v","Г"=>"G","г"=>"g","Д"=>"D","д"=>"d",
				"Е"=>"E","е"=>"e","Ё"=>"E","ё"=>"e","Ж"=>"Zh","ж"=>"zh","З"=>"Z","з"=>"z",
				"И"=>"I","и"=>"i", // russian translit
				//"И"=>"Y","и"=>"y", // ukrainian translit
				"Й"=>"I","й"=>"i","К"=>"K","к"=>"k","Л"=>"L","л"=>"l","М"=>"M","м"=>"m","Н"=>"N","н"=>"n","О"=>"O","о"=>"o",
				"П"=>"P","п"=>"p","Р"=>"R","р"=>"r","С"=>"S","с"=>"s","Т"=>"T","т"=>"t","У"=>"U","у"=>"u","Ф"=>"F","ф"=>"f",
				"Х"=>"H","х"=>"h","Ц"=>"Tc","ц"=>"tc","Ч"=>"Ch","ч"=>"ch","Ш"=>"Sh","ш"=>"sh","Щ"=>"Shch","щ"=>"shch",
				"Ы"=>"Y","ы"=>"y","Э"=>"E","э"=>"e","Ю"=>"Iu","ю"=>"iu","Я"=>"Ia","я"=>"ia","ъ"=>"","ь"=>"",
				"«"=>"", "»"=>"", "„"=>"", "“"=>"", "“"=>"", "”"=>"", "\•"=>"",
				// ukrainian letters
				"І"=>"I","і"=>"i",
				"Ї"=>"Yi","ї"=>"yi",
				"Є"=>"Ye","є"=>"ye",
			);
		} 
		else 
		{ 
			$arStrES = array("ае","уе","ое","ые","ие","эе","яе","юе","ёе","ее","ье","ъе","ый","ий");
			$arStrOS = array("аё","уё","оё","ыё","иё","эё","яё","юё","ёё","её","ьё","ъё","ый","ий");        
			$arStrRS = array("а$","у$","о$","ы$","и$","э$","я$","ю$","ё$","е$","ь$","ъ$","@","@");
			     
			$replace = array(
				"А"=>"A","а"=>"a","Б"=>"B","б"=>"b","В"=>"V","в"=>"v","Г"=>"G","г"=>"g","Д"=>"D","д"=>"d",
				"Е"=>"Ye","е"=>"e","Ё"=>"Ye","ё"=>"e","Ж"=>"Zh","ж"=>"zh","З"=>"Z","з"=>"z",
				"И"=>"I","и"=>"i", // russian translit
				//"И"=>"Y","и"=>"y", // ukrainian translit
				"Й"=>"Y","й"=>"y","К"=>"K","к"=>"k","Л"=>"L","л"=>"l","М"=>"M","м"=>"m","Н"=>"N","н"=>"n",
				"О"=>"O","о"=>"o","П"=>"P","п"=>"p","Р"=>"R","р"=>"r","С"=>"S","с"=>"s","Т"=>"T","т"=>"t",
				"У"=>"U","у"=>"u","Ф"=>"F","ф"=>"f","Х"=>"H","х"=>"h","Ц"=>"Ts","ц"=>"ts","Ч"=>"Ch","ч"=>"ch",
				"Ш"=>"Sh","ш"=>"sh","Щ"=>"Shch","щ"=>"shch","Ъ"=>"","ъ"=>"","Ы"=>"Y","ы"=>"y","Ь"=>"","ь"=>"",
				"Э"=>"E","э"=>"e","Ю"=>"Yu","ю"=>"yu","Я"=>"Ya","я"=>"ya","@"=>"y","$"=>"ye",
				"«"=>"", "»"=>"", "„"=>"", "“"=>"", "“"=>"", "”"=>"", "\•"=>"",
				// ukrainian letters
				"І"=>"I","і"=>"i",
				"Ї"=>"Yi","ї"=>"yi",
				"Є"=>"Ye","є"=>"ye",
			);
			 
			$string = str_replace($arStrES, $arStrRS, $string);
			$string = str_replace($arStrOS, $arStrRS, $string);
		
		}
		
		$output = iconv("UTF-8","UTF-8//IGNORE",strtr($string,$replace));
		
		return $output;
		
	}
	
	private function clear_waste_chars($str){	
	
		$str = trim($str);		
		$str = preg_replace('|_|','-',$str);
		$str = preg_replace('![^\w\d\s\-]*!','',$str); // Убрать все левые символы из строки		
		$str = preg_replace('/\s+/', '-', $str); // Убрать двойные пробелы
		$str = preg_replace('| |','-',$str); // Заменить одинарные пробелы на тире
		$str = preg_replace('|-+|','-',$str); // Заменить повторяющиеся тире на 1
		$str = preg_replace( array('!^-!', '!-$!'),array('', ''), $str); // Убрать тире в начале и в конце строки		

		return $str;
	}		
      ]]></add>
    </operation>
    
  </file>
</modification>
